BEGIN TRANSACTION;
CREATE TABLE Factions (
    id INTEGER PRIMARY KEY,
    name TEXT NOT NULL,
    alias TEXT
    );
INSERT INTO Factions VALUES(1,'rebel','reb');
INSERT INTO Factions VALUES(2,'empire','imp');
INSERT INTO Factions VALUES(3,'separatist','cis');
INSERT INTO Factions VALUES(4,'republic','gar');
CREATE TABLE Ships (
    id INTEGER PRIMARY KEY,
    faction_id INTEGER NOT NULL,
    cost INTEGER NOT NULL,
    size TEXT NOT NULL,
    FOREIGN KEY (faction_id) REFERENCES Factions (id)
    );
INSERT INTO Ships VALUES(1,1,77,'Medium');
INSERT INTO Ships VALUES(2,1,72,'Medium');
INSERT INTO Ships VALUES(3,1,44,'Small');
INSERT INTO Ships VALUES(4,1,39,'Small');
INSERT INTO Ships VALUES(5,1,24,'Small');
INSERT INTO Ships VALUES(6,1,18,'Small');
INSERT INTO Ships VALUES(7,1,41,'Small');
INSERT INTO Ships VALUES(8,1,36,'Small');
INSERT INTO Ships VALUES(9,1,69,'Small');
INSERT INTO Ships VALUES(10,1,63,'Small');
INSERT INTO Ships VALUES(11,1,99,'Large');
INSERT INTO Ships VALUES(12,1,95,'Large');
INSERT INTO Ships VALUES(13,1,110,'Large');
INSERT INTO Ships VALUES(14,1,103,'Large');
INSERT INTO Ships VALUES(15,1,102,'Large');
INSERT INTO Ships VALUES(16,1,96,'Large');
INSERT INTO Ships VALUES(17,1,56,'Small');
INSERT INTO Ships VALUES(18,1,60,'Small');
INSERT INTO Ships VALUES(19,1,57,'Small');
INSERT INTO Ships VALUES(20,1,51,'Small');
INSERT INTO Ships VALUES(21,1,95,'Large');
INSERT INTO Ships VALUES(22,1,140,'Large');
INSERT INTO Ships VALUES(23,1,150,'Large');
INSERT INTO Ships VALUES(24,2,55,'Small');
INSERT INTO Ships VALUES(25,2,52,'Small');
INSERT INTO Ships VALUES(26,2,381,'Huge');
INSERT INTO Ships VALUES(27,2,411,'Huge');
INSERT INTO Ships VALUES(28,2,56,'Small');
INSERT INTO Ships VALUES(29,2,62,'Small');
INSERT INTO Ships VALUES(30,2,26,'Small');
INSERT INTO Ships VALUES(31,2,23,'Small');
INSERT INTO Ships VALUES(32,2,110,'Large');
INSERT INTO Ships VALUES(33,2,120,'Large');
INSERT INTO Ships VALUES(34,2,112,'Large');
INSERT INTO Ships VALUES(35,2,112,'Large');
INSERT INTO Ships VALUES(36,2,93,'Medium');
INSERT INTO Ships VALUES(37,2,90,'Medium');
INSERT INTO Ships VALUES(38,2,120,'Large');
INSERT INTO Ships VALUES(39,2,116,'Large');
INSERT INTO Ships VALUES(40,2,54,'Medium');
INSERT INTO Ships VALUES(41,2,61,'Medium');
INSERT INTO Ships VALUES(42,2,44,'Small');
INSERT INTO Ships VALUES(43,2,48,'Small');
INSERT INTO Ships VALUES(44,2,250,'Huge');
INSERT INTO Ships VALUES(45,2,220,'Huge');
INSERT INTO Ships VALUES(46,2,100,'Large');
INSERT INTO Ships VALUES(47,2,73,'Medium');
INSERT INTO Ships VALUES(48,2,80,'Medium');
INSERT INTO Ships VALUES(49,3,24,'Small');
INSERT INTO Ships VALUES(50,3,50,'Small');
INSERT INTO Ships VALUES(51,3,47,'Small');
INSERT INTO Ships VALUES(52,3,70,'Medium');
INSERT INTO Ships VALUES(53,3,73,'Medium');
INSERT INTO Ships VALUES(54,3,102,'Large');
INSERT INTO Ships VALUES(55,3,97,'Large');
INSERT INTO Ships VALUES(56,3,85,'Large');
INSERT INTO Ships VALUES(57,3,90,'Large');
INSERT INTO Ships VALUES(58,4,64,'Medium');
INSERT INTO Ships VALUES(59,4,71,'Medium');
INSERT INTO Ships VALUES(60,4,37,'Small');
INSERT INTO Ships VALUES(61,4,42,'Small');
INSERT INTO Ships VALUES(62,4,49,'Small');
INSERT INTO Ships VALUES(63,4,45,'Small');
INSERT INTO Ships VALUES(64,4,90,'Large');
INSERT INTO Ships VALUES(65,4,100,'Large');
INSERT INTO Ships VALUES(66,4,73,'Medium');
CREATE TABLE Squadrons (
    id INTEGER PRIMARY KEY,
    faction_id INTEGER NOT NULL,
    cost INTEGER NOT NULL,
    uniq INTEGER NOT NULL,
    FOREIGN KEY (faction_id) REFERENCES Factions (id)
    );
INSERT INTO Squadrons VALUES(1,1,19,1);
INSERT INTO Squadrons VALUES(2,1,22,1);
INSERT INTO Squadrons VALUES(3,1,15,1);
INSERT INTO Squadrons VALUES(4,1,24,1);
INSERT INTO Squadrons VALUES(5,1,16,1);
INSERT INTO Squadrons VALUES(6,1,24,1);
INSERT INTO Squadrons VALUES(7,1,12,1);
INSERT INTO Squadrons VALUES(8,1,12,1);
INSERT INTO Squadrons VALUES(9,1,26,1);
INSERT INTO Squadrons VALUES(10,1,28,1);
INSERT INTO Squadrons VALUES(11,1,23,1);
INSERT INTO Squadrons VALUES(12,1,19,1);
INSERT INTO Squadrons VALUES(13,1,19,1);
INSERT INTO Squadrons VALUES(14,1,22,1);
INSERT INTO Squadrons VALUES(15,1,18,1);
INSERT INTO Squadrons VALUES(16,1,24,1);
INSERT INTO Squadrons VALUES(17,1,14,1);
INSERT INTO Squadrons VALUES(18,1,20,1);
INSERT INTO Squadrons VALUES(19,1,21,1);
INSERT INTO Squadrons VALUES(20,1,22,1);
INSERT INTO Squadrons VALUES(21,1,17,1);
INSERT INTO Squadrons VALUES(22,1,21,1);
INSERT INTO Squadrons VALUES(23,1,14,1);
INSERT INTO Squadrons VALUES(24,1,17,1);
INSERT INTO Squadrons VALUES(25,1,19,1);
INSERT INTO Squadrons VALUES(26,1,16,1);
INSERT INTO Squadrons VALUES(27,1,19,1);
INSERT INTO Squadrons VALUES(28,1,11,0);
INSERT INTO Squadrons VALUES(29,1,14,0);
INSERT INTO Squadrons VALUES(30,1,14,0);
INSERT INTO Squadrons VALUES(31,1,12,0);
INSERT INTO Squadrons VALUES(32,1,14,0);
INSERT INTO Squadrons VALUES(33,1,16,0);
INSERT INTO Squadrons VALUES(34,1,15,0);
INSERT INTO Squadrons VALUES(35,1,13,0);
INSERT INTO Squadrons VALUES(36,1,10,0);
INSERT INTO Squadrons VALUES(37,1,13,0);
INSERT INTO Squadrons VALUES(38,1,16,0);
INSERT INTO Squadrons VALUES(39,1,7,0);
INSERT INTO Squadrons VALUES(40,2,9,1);
INSERT INTO Squadrons VALUES(41,2,24,1);
INSERT INTO Squadrons VALUES(42,2,23,1);
INSERT INTO Squadrons VALUES(43,2,16,1);
INSERT INTO Squadrons VALUES(44,2,17,1);
INSERT INTO Squadrons VALUES(45,2,23,1);
INSERT INTO Squadrons VALUES(46,2,21,1);
INSERT INTO Squadrons VALUES(47,2,25,1);
INSERT INTO Squadrons VALUES(48,2,20,1);
INSERT INTO Squadrons VALUES(49,2,10,1);
INSERT INTO Squadrons VALUES(50,2,20,1);
INSERT INTO Squadrons VALUES(51,2,24,1);
INSERT INTO Squadrons VALUES(52,2,16,1);
INSERT INTO Squadrons VALUES(53,2,19,1);
INSERT INTO Squadrons VALUES(54,2,19,1);
INSERT INTO Squadrons VALUES(55,2,21,1);
INSERT INTO Squadrons VALUES(56,2,16,1);
INSERT INTO Squadrons VALUES(57,2,15,1);
INSERT INTO Squadrons VALUES(58,2,22,1);
INSERT INTO Squadrons VALUES(59,2,27,1);
INSERT INTO Squadrons VALUES(60,2,12,1);
INSERT INTO Squadrons VALUES(61,2,18,1);
INSERT INTO Squadrons VALUES(62,2,17,1);
INSERT INTO Squadrons VALUES(63,2,13,1);
INSERT INTO Squadrons VALUES(64,2,13,1);
INSERT INTO Squadrons VALUES(65,2,18,1);
INSERT INTO Squadrons VALUES(66,2,18,1);
INSERT INTO Squadrons VALUES(67,2,15,1);
INSERT INTO Squadrons VALUES(68,2,15,0);
INSERT INTO Squadrons VALUES(69,2,18,0);
INSERT INTO Squadrons VALUES(70,2,12,0);
INSERT INTO Squadrons VALUES(71,2,15,0);
INSERT INTO Squadrons VALUES(72,2,18,0);
INSERT INTO Squadrons VALUES(73,2,12,0);
INSERT INTO Squadrons VALUES(74,2,9,0);
INSERT INTO Squadrons VALUES(75,2,16,0);
INSERT INTO Squadrons VALUES(76,2,8,0);
INSERT INTO Squadrons VALUES(77,2,11,0);
INSERT INTO Squadrons VALUES(78,2,14,0);
INSERT INTO Squadrons VALUES(79,2,22,0);
INSERT INTO Squadrons VALUES(80,2,15,0);
INSERT INTO Squadrons VALUES(81,3,16,1);
INSERT INTO Squadrons VALUES(82,3,17,1);
INSERT INTO Squadrons VALUES(83,3,16,1);
INSERT INTO Squadrons VALUES(84,3,17,1);
INSERT INTO Squadrons VALUES(85,3,22,1);
INSERT INTO Squadrons VALUES(86,3,16,1);
INSERT INTO Squadrons VALUES(87,3,22,1);
INSERT INTO Squadrons VALUES(88,3,18,1);
INSERT INTO Squadrons VALUES(89,3,18,1);
INSERT INTO Squadrons VALUES(90,3,15,0);
INSERT INTO Squadrons VALUES(91,3,11,0);
INSERT INTO Squadrons VALUES(92,3,11,0);
INSERT INTO Squadrons VALUES(93,3,8,0);
INSERT INTO Squadrons VALUES(94,4,23,1);
INSERT INTO Squadrons VALUES(95,4,18,1);
INSERT INTO Squadrons VALUES(96,4,24,1);
INSERT INTO Squadrons VALUES(97,4,17,1);
INSERT INTO Squadrons VALUES(98,4,16,1);
INSERT INTO Squadrons VALUES(99,4,24,1);
INSERT INTO Squadrons VALUES(100,4,23,1);
INSERT INTO Squadrons VALUES(101,4,16,1);
INSERT INTO Squadrons VALUES(102,4,20,1);
INSERT INTO Squadrons VALUES(103,4,24,1);
INSERT INTO Squadrons VALUES(104,4,15,0);
INSERT INTO Squadrons VALUES(105,4,10,0);
INSERT INTO Squadrons VALUES(106,4,17,0);
INSERT INTO Squadrons VALUES(107,4,12,0);
CREATE TABLE UpgradeSlots (
    id INTEGER PRIMARY KEY,
    name TEXT NOT NULL
    );
INSERT INTO UpgradeSlots VALUES(1,'Commander');
INSERT INTO UpgradeSlots VALUES(2,'Officer');
INSERT INTO UpgradeSlots VALUES(3,'Defensive Retro');
INSERT INTO UpgradeSlots VALUES(4,'Offensive Retro');
INSERT INTO UpgradeSlots VALUES(5,'Fleet Support');
INSERT INTO UpgradeSlots VALUES(6,'Support Team');
INSERT INTO UpgradeSlots VALUES(7,'Weapons Team');
INSERT INTO UpgradeSlots VALUES(8,'Turbolasers');
INSERT INTO UpgradeSlots VALUES(9,'Ion Cannons');
INSERT INTO UpgradeSlots VALUES(10,'Ordnance');
INSERT INTO UpgradeSlots VALUES(11,'Fleet Command');
INSERT INTO UpgradeSlots VALUES(12,'Experimental Retrofit');
INSERT INTO UpgradeSlots VALUES(13,'Superweapon');
INSERT INTO UpgradeSlots VALUES(14,'Title');
INSERT INTO UpgradeSlots VALUES(15,'Boarding Team');
CREATE TABLE Upgrades (
    id INTEGER PRIMARY KEY,
    cost INTEGER NOT NULL,
    slot_id INTEGER NOT NULL,
    uniq INTEGER NOT NULL,
    mod INTEGER NOT NULL,
    FOREIGN KEY (slot_id) REFERENCES UpgradeSlots (id)
    );
INSERT INTO Upgrades VALUES(1,23,1,1,0);
INSERT INTO Upgrades VALUES(2,24,1,1,0);
INSERT INTO Upgrades VALUES(3,20,1,1,0);
INSERT INTO Upgrades VALUES(4,22,1,1,0);
INSERT INTO Upgrades VALUES(5,24,1,1,0);
INSERT INTO Upgrades VALUES(6,24,1,1,0);
INSERT INTO Upgrades VALUES(7,34,1,1,0);
INSERT INTO Upgrades VALUES(8,35,1,1,0);
INSERT INTO Upgrades VALUES(9,28,1,1,0);
INSERT INTO Upgrades VALUES(10,25,1,1,0);
INSERT INTO Upgrades VALUES(11,32,1,1,0);
INSERT INTO Upgrades VALUES(12,28,1,1,0);
INSERT INTO Upgrades VALUES(13,23,1,1,0);
INSERT INTO Upgrades VALUES(14,30,1,1,0);
INSERT INTO Upgrades VALUES(15,24,1,1,0);
INSERT INTO Upgrades VALUES(16,27,1,1,0);
INSERT INTO Upgrades VALUES(17,28,1,1,0);
INSERT INTO Upgrades VALUES(18,25,1,1,0);
INSERT INTO Upgrades VALUES(19,22,1,1,0);
INSERT INTO Upgrades VALUES(20,26,1,1,0);
INSERT INTO Upgrades VALUES(21,38,1,1,0);
INSERT INTO Upgrades VALUES(22,26,1,1,0);
INSERT INTO Upgrades VALUES(23,27,1,1,0);
INSERT INTO Upgrades VALUES(24,25,1,1,0);
INSERT INTO Upgrades VALUES(25,26,1,1,0);
INSERT INTO Upgrades VALUES(26,20,1,1,0);
INSERT INTO Upgrades VALUES(27,20,1,1,0);
INSERT INTO Upgrades VALUES(28,30,1,1,0);
INSERT INTO Upgrades VALUES(29,34,1,1,0);
INSERT INTO Upgrades VALUES(30,25,1,1,0);
INSERT INTO Upgrades VALUES(31,28,1,1,0);
INSERT INTO Upgrades VALUES(32,27,1,1,0);
INSERT INTO Upgrades VALUES(33,32,1,1,0);
INSERT INTO Upgrades VALUES(34,27,1,1,0);
INSERT INTO Upgrades VALUES(35,20,1,1,0);
INSERT INTO Upgrades VALUES(36,30,1,1,0);
INSERT INTO Upgrades VALUES(37,28,1,1,0);
INSERT INTO Upgrades VALUES(38,26,1,1,0);
INSERT INTO Upgrades VALUES(39,6,3,0,0);
INSERT INTO Upgrades VALUES(40,5,3,0,0);
INSERT INTO Upgrades VALUES(41,7,3,0,0);
INSERT INTO Upgrades VALUES(42,7,3,0,0);
INSERT INTO Upgrades VALUES(43,4,3,0,0);
INSERT INTO Upgrades VALUES(44,8,3,0,1);
INSERT INTO Upgrades VALUES(45,5,3,0,0);
INSERT INTO Upgrades VALUES(46,5,3,0,0);
INSERT INTO Upgrades VALUES(47,8,12,1,0);
INSERT INTO Upgrades VALUES(48,2,12,0,0);
INSERT INTO Upgrades VALUES(49,2,12,1,0);
INSERT INTO Upgrades VALUES(50,5,12,0,0);
INSERT INTO Upgrades VALUES(51,5,11,0,1);
INSERT INTO Upgrades VALUES(52,5,11,1,0);
INSERT INTO Upgrades VALUES(53,6,11,1,0);
INSERT INTO Upgrades VALUES(54,6,11,1,0);
INSERT INTO Upgrades VALUES(55,6,11,1,0);
INSERT INTO Upgrades VALUES(56,3,11,1,0);
INSERT INTO Upgrades VALUES(57,5,11,1,0);
INSERT INTO Upgrades VALUES(58,3,11,1,0);
INSERT INTO Upgrades VALUES(59,8,5,0,0);
INSERT INTO Upgrades VALUES(60,2,5,0,0);
INSERT INTO Upgrades VALUES(61,2,5,0,0);
INSERT INTO Upgrades VALUES(62,3,5,0,0);
INSERT INTO Upgrades VALUES(63,3,5,0,0);
INSERT INTO Upgrades VALUES(64,3,5,0,0);
INSERT INTO Upgrades VALUES(65,7,5,0,0);
INSERT INTO Upgrades VALUES(66,9,9,0,0);
INSERT INTO Upgrades VALUES(67,6,9,0,1);
INSERT INTO Upgrades VALUES(68,5,9,0,0);
INSERT INTO Upgrades VALUES(69,5,9,0,0);
INSERT INTO Upgrades VALUES(70,2,9,0,0);
INSERT INTO Upgrades VALUES(71,6,9,0,0);
INSERT INTO Upgrades VALUES(72,6,9,0,0);
INSERT INTO Upgrades VALUES(73,6,9,0,0);
INSERT INTO Upgrades VALUES(74,5,9,0,0);
INSERT INTO Upgrades VALUES(75,5,4,0,1);
INSERT INTO Upgrades VALUES(76,4,4,0,0);
INSERT INTO Upgrades VALUES(77,3,4,0,0);
INSERT INTO Upgrades VALUES(78,5,4,0,0);
INSERT INTO Upgrades VALUES(79,0,4,0,1);
INSERT INTO Upgrades VALUES(80,3,4,0,0);
INSERT INTO Upgrades VALUES(81,5,4,0,0);
INSERT INTO Upgrades VALUES(82,6,4,0,1);
INSERT INTO Upgrades VALUES(83,5,4,0,0);
INSERT INTO Upgrades VALUES(84,4,4,0,0);
INSERT INTO Upgrades VALUES(85,5,4,0,0);
INSERT INTO Upgrades VALUES(86,6,4,0,0);
INSERT INTO Upgrades VALUES(87,4,4,0,0);
INSERT INTO Upgrades VALUES(88,3,4,0,0);
INSERT INTO Upgrades VALUES(89,7,4,0,1);
INSERT INTO Upgrades VALUES(90,7,4,0,0);
INSERT INTO Upgrades VALUES(91,3,4,0,0);
INSERT INTO Upgrades VALUES(92,10,2,1,0);
INSERT INTO Upgrades VALUES(93,5,2,1,0);
INSERT INTO Upgrades VALUES(94,2,2,1,0);
INSERT INTO Upgrades VALUES(95,2,2,1,0);
INSERT INTO Upgrades VALUES(96,3,2,1,0);
INSERT INTO Upgrades VALUES(97,9,2,1,0);
INSERT INTO Upgrades VALUES(98,2,2,1,0);
INSERT INTO Upgrades VALUES(99,7,2,1,0);
INSERT INTO Upgrades VALUES(100,3,2,1,0);
INSERT INTO Upgrades VALUES(101,2,2,1,0);
INSERT INTO Upgrades VALUES(102,7,2,1,0);
INSERT INTO Upgrades VALUES(103,4,2,1,0);
INSERT INTO Upgrades VALUES(104,4,2,1,0);
INSERT INTO Upgrades VALUES(105,3,2,1,0);
INSERT INTO Upgrades VALUES(106,8,2,1,0);
INSERT INTO Upgrades VALUES(107,3,2,1,0);
INSERT INTO Upgrades VALUES(108,6,2,1,0);
INSERT INTO Upgrades VALUES(109,6,2,1,0);
INSERT INTO Upgrades VALUES(110,7,2,1,0);
INSERT INTO Upgrades VALUES(111,2,2,1,0);
INSERT INTO Upgrades VALUES(112,2,2,1,0);
INSERT INTO Upgrades VALUES(113,4,2,1,0);
INSERT INTO Upgrades VALUES(114,5,2,1,0);
INSERT INTO Upgrades VALUES(115,4,2,1,0);
INSERT INTO Upgrades VALUES(116,7,2,1,0);
INSERT INTO Upgrades VALUES(117,2,2,0,0);
INSERT INTO Upgrades VALUES(118,3,2,0,0);
INSERT INTO Upgrades VALUES(119,3,2,0,0);
INSERT INTO Upgrades VALUES(120,6,2,0,0);
INSERT INTO Upgrades VALUES(121,5,2,0,0);
INSERT INTO Upgrades VALUES(122,3,2,0,0);
INSERT INTO Upgrades VALUES(123,2,2,1,0);
INSERT INTO Upgrades VALUES(124,7,2,0,0);
INSERT INTO Upgrades VALUES(125,6,2,0,0);
INSERT INTO Upgrades VALUES(126,1,2,0,0);
INSERT INTO Upgrades VALUES(127,2,2,0,0);
INSERT INTO Upgrades VALUES(128,6,2,0,0);
INSERT INTO Upgrades VALUES(129,2,2,0,0);
INSERT INTO Upgrades VALUES(130,3,2,0,0);
INSERT INTO Upgrades VALUES(131,6,2,0,0);
INSERT INTO Upgrades VALUES(132,3,2,1,0);
INSERT INTO Upgrades VALUES(133,6,2,1,0);
INSERT INTO Upgrades VALUES(134,6,2,1,0);
INSERT INTO Upgrades VALUES(135,4,2,1,0);
INSERT INTO Upgrades VALUES(136,5,2,1,0);
INSERT INTO Upgrades VALUES(137,6,2,1,0);
INSERT INTO Upgrades VALUES(138,4,2,0,0);
INSERT INTO Upgrades VALUES(139,10,2,1,0);
INSERT INTO Upgrades VALUES(140,2,2,1,0);
INSERT INTO Upgrades VALUES(141,5,2,1,0);
INSERT INTO Upgrades VALUES(142,3,2,1,0);
INSERT INTO Upgrades VALUES(143,3,2,1,0);
INSERT INTO Upgrades VALUES(144,5,2,1,0);
INSERT INTO Upgrades VALUES(145,4,2,1,0);
INSERT INTO Upgrades VALUES(146,3,2,1,0);
INSERT INTO Upgrades VALUES(147,7,2,1,0);
INSERT INTO Upgrades VALUES(148,7,2,1,0);
INSERT INTO Upgrades VALUES(149,4,2,1,0);
INSERT INTO Upgrades VALUES(150,7,2,1,0);
INSERT INTO Upgrades VALUES(151,5,2,1,0);
INSERT INTO Upgrades VALUES(152,4,2,1,0);
INSERT INTO Upgrades VALUES(153,2,2,1,0);
INSERT INTO Upgrades VALUES(154,6,2,1,0);
INSERT INTO Upgrades VALUES(155,4,2,1,0);
INSERT INTO Upgrades VALUES(156,3,2,1,0);
INSERT INTO Upgrades VALUES(157,4,2,1,0);
INSERT INTO Upgrades VALUES(158,4,2,0,0);
INSERT INTO Upgrades VALUES(159,4,2,1,0);
INSERT INTO Upgrades VALUES(160,2,2,1,0);
INSERT INTO Upgrades VALUES(161,9,2,1,0);
INSERT INTO Upgrades VALUES(162,5,10,0,0);
INSERT INTO Upgrades VALUES(163,4,10,0,0);
INSERT INTO Upgrades VALUES(164,8,10,0,1);
INSERT INTO Upgrades VALUES(165,4,10,0,0);
INSERT INTO Upgrades VALUES(166,3,10,0,0);
INSERT INTO Upgrades VALUES(167,3,10,0,0);
INSERT INTO Upgrades VALUES(168,4,10,0,1);
INSERT INTO Upgrades VALUES(169,2,10,0,0);
INSERT INTO Upgrades VALUES(170,5,13,0,1);
INSERT INTO Upgrades VALUES(171,7,13,0,1);
INSERT INTO Upgrades VALUES(172,10,13,0,0);
INSERT INTO Upgrades VALUES(173,3,6,0,0);
INSERT INTO Upgrades VALUES(174,8,6,0,0);
INSERT INTO Upgrades VALUES(175,3,6,0,0);
INSERT INTO Upgrades VALUES(176,3,6,0,0);
INSERT INTO Upgrades VALUES(177,1,6,0,0);
INSERT INTO Upgrades VALUES(178,4,6,0,0);
INSERT INTO Upgrades VALUES(179,6,6,0,0);
INSERT INTO Upgrades VALUES(180,4,6,0,0);
INSERT INTO Upgrades VALUES(181,3,14,1,0);
INSERT INTO Upgrades VALUES(182,2,14,1,0);
INSERT INTO Upgrades VALUES(183,10,14,1,0);
INSERT INTO Upgrades VALUES(184,3,14,1,0);
INSERT INTO Upgrades VALUES(185,4,14,1,0);
INSERT INTO Upgrades VALUES(186,2,14,1,0);
INSERT INTO Upgrades VALUES(187,5,14,1,0);
INSERT INTO Upgrades VALUES(188,4,14,1,0);
INSERT INTO Upgrades VALUES(189,10,14,1,0);
INSERT INTO Upgrades VALUES(190,3,14,1,0);
INSERT INTO Upgrades VALUES(191,4,14,1,0);
INSERT INTO Upgrades VALUES(192,3,14,1,0);
INSERT INTO Upgrades VALUES(193,5,14,0,0);
INSERT INTO Upgrades VALUES(194,5,14,1,0);
INSERT INTO Upgrades VALUES(195,4,14,1,0);
INSERT INTO Upgrades VALUES(196,10,14,1,0);
INSERT INTO Upgrades VALUES(197,2,14,1,0);
INSERT INTO Upgrades VALUES(198,7,14,1,0);
INSERT INTO Upgrades VALUES(199,3,14,1,0);
INSERT INTO Upgrades VALUES(200,2,14,1,0);
INSERT INTO Upgrades VALUES(201,4,14,1,0);
INSERT INTO Upgrades VALUES(202,4,14,1,0);
INSERT INTO Upgrades VALUES(203,8,14,1,0);
INSERT INTO Upgrades VALUES(204,3,14,1,0);
INSERT INTO Upgrades VALUES(205,2,14,1,0);
INSERT INTO Upgrades VALUES(206,4,14,1,0);
INSERT INTO Upgrades VALUES(207,3,14,1,0);
INSERT INTO Upgrades VALUES(208,7,14,1,0);
INSERT INTO Upgrades VALUES(209,3,14,1,0);
INSERT INTO Upgrades VALUES(210,8,14,1,0);
INSERT INTO Upgrades VALUES(211,4,14,1,0);
INSERT INTO Upgrades VALUES(212,5,14,1,0);
INSERT INTO Upgrades VALUES(213,1,14,1,0);
INSERT INTO Upgrades VALUES(214,3,14,1,0);
INSERT INTO Upgrades VALUES(215,4,14,1,0);
INSERT INTO Upgrades VALUES(216,5,14,1,0);
INSERT INTO Upgrades VALUES(217,4,14,1,0);
INSERT INTO Upgrades VALUES(218,7,14,1,0);
INSERT INTO Upgrades VALUES(219,5,14,1,0);
INSERT INTO Upgrades VALUES(220,8,14,1,0);
INSERT INTO Upgrades VALUES(221,5,14,1,0);
INSERT INTO Upgrades VALUES(222,4,14,1,0);
INSERT INTO Upgrades VALUES(223,5,14,1,0);
INSERT INTO Upgrades VALUES(224,2,14,1,0);
INSERT INTO Upgrades VALUES(225,3,14,1,0);
INSERT INTO Upgrades VALUES(226,2,14,1,0);
INSERT INTO Upgrades VALUES(227,1,14,1,0);
INSERT INTO Upgrades VALUES(228,4,14,1,0);
INSERT INTO Upgrades VALUES(229,3,14,0,0);
INSERT INTO Upgrades VALUES(230,1,14,0,0);
INSERT INTO Upgrades VALUES(231,10,14,1,0);
INSERT INTO Upgrades VALUES(232,10,14,1,0);
INSERT INTO Upgrades VALUES(233,3,14,1,0);
INSERT INTO Upgrades VALUES(234,5,14,0,0);
INSERT INTO Upgrades VALUES(235,7,14,1,0);
INSERT INTO Upgrades VALUES(236,5,14,1,0);
INSERT INTO Upgrades VALUES(237,5,14,1,0);
INSERT INTO Upgrades VALUES(238,8,14,1,0);
INSERT INTO Upgrades VALUES(239,4,14,1,0);
INSERT INTO Upgrades VALUES(240,3,14,1,0);
INSERT INTO Upgrades VALUES(241,6,14,1,0);
INSERT INTO Upgrades VALUES(242,5,14,1,0);
INSERT INTO Upgrades VALUES(243,7,14,1,0);
INSERT INTO Upgrades VALUES(244,4,14,1,0);
INSERT INTO Upgrades VALUES(245,5,14,1,0);
INSERT INTO Upgrades VALUES(246,3,14,1,0);
INSERT INTO Upgrades VALUES(247,6,14,1,0);
INSERT INTO Upgrades VALUES(248,12,14,1,0);
INSERT INTO Upgrades VALUES(249,10,14,1,0);
INSERT INTO Upgrades VALUES(250,6,14,1,0);
INSERT INTO Upgrades VALUES(251,5,14,1,0);
INSERT INTO Upgrades VALUES(252,5,14,1,0);
INSERT INTO Upgrades VALUES(253,2,14,1,0);
INSERT INTO Upgrades VALUES(254,5,14,1,0);
INSERT INTO Upgrades VALUES(255,8,14,1,0);
INSERT INTO Upgrades VALUES(256,6,14,1,0);
INSERT INTO Upgrades VALUES(257,5,14,1,0);
INSERT INTO Upgrades VALUES(258,4,14,1,0);
INSERT INTO Upgrades VALUES(259,6,14,1,0);
INSERT INTO Upgrades VALUES(260,3,8,0,0);
INSERT INTO Upgrades VALUES(261,4,8,0,1);
INSERT INTO Upgrades VALUES(262,10,8,0,1);
INSERT INTO Upgrades VALUES(263,8,8,0,1);
INSERT INTO Upgrades VALUES(264,2,8,0,0);
INSERT INTO Upgrades VALUES(265,4,8,0,0);
INSERT INTO Upgrades VALUES(266,7,8,0,0);
INSERT INTO Upgrades VALUES(267,5,8,0,1);
INSERT INTO Upgrades VALUES(268,10,8,0,1);
INSERT INTO Upgrades VALUES(269,6,8,0,1);
INSERT INTO Upgrades VALUES(270,9,8,0,1);
INSERT INTO Upgrades VALUES(271,7,8,0,0);
INSERT INTO Upgrades VALUES(272,6,8,0,0);
INSERT INTO Upgrades VALUES(273,2,8,0,0);
INSERT INTO Upgrades VALUES(274,8,8,0,1);
INSERT INTO Upgrades VALUES(275,6,7,1,0);
INSERT INTO Upgrades VALUES(276,2,7,0,0);
INSERT INTO Upgrades VALUES(277,6,7,0,0);
INSERT INTO Upgrades VALUES(278,7,7,0,0);
INSERT INTO Upgrades VALUES(279,4,7,0,0);
INSERT INTO Upgrades VALUES(280,4,7,0,0);
INSERT INTO Upgrades VALUES(281,4,7,0,0);
INSERT INTO Upgrades VALUES(282,5,7,0,0);
INSERT INTO Upgrades VALUES(283,5,7,0,0);
INSERT INTO Upgrades VALUES(284,4,7,0,0);
INSERT INTO Upgrades VALUES(285,4,7,0,0);
INSERT INTO Upgrades VALUES(286,6,7,1,0);
INSERT INTO Upgrades VALUES(287,3,15,1,0);
INSERT INTO Upgrades VALUES(288,2,15,0,0);
INSERT INTO Upgrades VALUES(289,3,15,0,0);
INSERT INTO Upgrades VALUES(290,5,15,1,0);
INSERT INTO Upgrades VALUES(291,4,15,1,0);
INSERT INTO Upgrades VALUES(292,4,15,1,0);
CREATE TABLE Upgrades_Factions (
    upgrade_id INTEGER,
    faction_id INTEGER,
    FOREIGN KEY (upgrade_id) REFERENCES Upgrades (id),
    FOREIGN KEY (faction_id) REFERENCES Factions (id)
    );
INSERT INTO Upgrades_Factions VALUES(1,2);
INSERT INTO Upgrades_Factions VALUES(2,2);
INSERT INTO Upgrades_Factions VALUES(3,2);
INSERT INTO Upgrades_Factions VALUES(4,2);
INSERT INTO Upgrades_Factions VALUES(5,2);
INSERT INTO Upgrades_Factions VALUES(6,2);
INSERT INTO Upgrades_Factions VALUES(7,2);
INSERT INTO Upgrades_Factions VALUES(8,2);
INSERT INTO Upgrades_Factions VALUES(9,2);
INSERT INTO Upgrades_Factions VALUES(10,2);
INSERT INTO Upgrades_Factions VALUES(11,2);
INSERT INTO Upgrades_Factions VALUES(12,2);
INSERT INTO Upgrades_Factions VALUES(13,2);
INSERT INTO Upgrades_Factions VALUES(14,4);
INSERT INTO Upgrades_Factions VALUES(15,4);
INSERT INTO Upgrades_Factions VALUES(16,4);
INSERT INTO Upgrades_Factions VALUES(17,4);
INSERT INTO Upgrades_Factions VALUES(18,4);
INSERT INTO Upgrades_Factions VALUES(19,4);
INSERT INTO Upgrades_Factions VALUES(20,4);
INSERT INTO Upgrades_Factions VALUES(21,1);
INSERT INTO Upgrades_Factions VALUES(22,1);
INSERT INTO Upgrades_Factions VALUES(23,1);
INSERT INTO Upgrades_Factions VALUES(24,1);
INSERT INTO Upgrades_Factions VALUES(25,1);
INSERT INTO Upgrades_Factions VALUES(26,1);
INSERT INTO Upgrades_Factions VALUES(27,1);
INSERT INTO Upgrades_Factions VALUES(28,1);
INSERT INTO Upgrades_Factions VALUES(29,1);
INSERT INTO Upgrades_Factions VALUES(30,1);
INSERT INTO Upgrades_Factions VALUES(31,1);
INSERT INTO Upgrades_Factions VALUES(32,1);
INSERT INTO Upgrades_Factions VALUES(33,3);
INSERT INTO Upgrades_Factions VALUES(34,3);
INSERT INTO Upgrades_Factions VALUES(35,3);
INSERT INTO Upgrades_Factions VALUES(36,3);
INSERT INTO Upgrades_Factions VALUES(37,3);
INSERT INTO Upgrades_Factions VALUES(38,3);
INSERT INTO Upgrades_Factions VALUES(39,1);
INSERT INTO Upgrades_Factions VALUES(39,2);
INSERT INTO Upgrades_Factions VALUES(39,3);
INSERT INTO Upgrades_Factions VALUES(39,4);
INSERT INTO Upgrades_Factions VALUES(40,1);
INSERT INTO Upgrades_Factions VALUES(40,2);
INSERT INTO Upgrades_Factions VALUES(40,3);
INSERT INTO Upgrades_Factions VALUES(40,4);
INSERT INTO Upgrades_Factions VALUES(41,1);
INSERT INTO Upgrades_Factions VALUES(41,2);
INSERT INTO Upgrades_Factions VALUES(41,3);
INSERT INTO Upgrades_Factions VALUES(41,4);
INSERT INTO Upgrades_Factions VALUES(42,1);
INSERT INTO Upgrades_Factions VALUES(42,2);
INSERT INTO Upgrades_Factions VALUES(42,3);
INSERT INTO Upgrades_Factions VALUES(42,4);
INSERT INTO Upgrades_Factions VALUES(43,1);
INSERT INTO Upgrades_Factions VALUES(43,2);
INSERT INTO Upgrades_Factions VALUES(43,3);
INSERT INTO Upgrades_Factions VALUES(43,4);
INSERT INTO Upgrades_Factions VALUES(44,1);
INSERT INTO Upgrades_Factions VALUES(44,2);
INSERT INTO Upgrades_Factions VALUES(44,3);
INSERT INTO Upgrades_Factions VALUES(44,4);
INSERT INTO Upgrades_Factions VALUES(45,1);
INSERT INTO Upgrades_Factions VALUES(45,2);
INSERT INTO Upgrades_Factions VALUES(45,3);
INSERT INTO Upgrades_Factions VALUES(45,4);
INSERT INTO Upgrades_Factions VALUES(46,3);
INSERT INTO Upgrades_Factions VALUES(46,4);
INSERT INTO Upgrades_Factions VALUES(47,2);
INSERT INTO Upgrades_Factions VALUES(48,2);
INSERT INTO Upgrades_Factions VALUES(49,2);
INSERT INTO Upgrades_Factions VALUES(50,2);
INSERT INTO Upgrades_Factions VALUES(51,1);
INSERT INTO Upgrades_Factions VALUES(51,2);
INSERT INTO Upgrades_Factions VALUES(51,3);
INSERT INTO Upgrades_Factions VALUES(51,4);
INSERT INTO Upgrades_Factions VALUES(52,1);
INSERT INTO Upgrades_Factions VALUES(52,2);
INSERT INTO Upgrades_Factions VALUES(52,3);
INSERT INTO Upgrades_Factions VALUES(52,4);
INSERT INTO Upgrades_Factions VALUES(53,1);
INSERT INTO Upgrades_Factions VALUES(53,2);
INSERT INTO Upgrades_Factions VALUES(53,3);
INSERT INTO Upgrades_Factions VALUES(53,4);
INSERT INTO Upgrades_Factions VALUES(54,1);
INSERT INTO Upgrades_Factions VALUES(54,2);
INSERT INTO Upgrades_Factions VALUES(54,3);
INSERT INTO Upgrades_Factions VALUES(54,4);
INSERT INTO Upgrades_Factions VALUES(55,1);
INSERT INTO Upgrades_Factions VALUES(55,2);
INSERT INTO Upgrades_Factions VALUES(55,3);
INSERT INTO Upgrades_Factions VALUES(55,4);
INSERT INTO Upgrades_Factions VALUES(56,3);
INSERT INTO Upgrades_Factions VALUES(56,4);
INSERT INTO Upgrades_Factions VALUES(57,4);
INSERT INTO Upgrades_Factions VALUES(58,3);
INSERT INTO Upgrades_Factions VALUES(59,1);
INSERT INTO Upgrades_Factions VALUES(59,2);
INSERT INTO Upgrades_Factions VALUES(59,3);
INSERT INTO Upgrades_Factions VALUES(59,4);
INSERT INTO Upgrades_Factions VALUES(60,1);
INSERT INTO Upgrades_Factions VALUES(60,2);
INSERT INTO Upgrades_Factions VALUES(60,3);
INSERT INTO Upgrades_Factions VALUES(60,4);
INSERT INTO Upgrades_Factions VALUES(61,1);
INSERT INTO Upgrades_Factions VALUES(61,2);
INSERT INTO Upgrades_Factions VALUES(61,3);
INSERT INTO Upgrades_Factions VALUES(61,4);
INSERT INTO Upgrades_Factions VALUES(62,1);
INSERT INTO Upgrades_Factions VALUES(62,2);
INSERT INTO Upgrades_Factions VALUES(62,3);
INSERT INTO Upgrades_Factions VALUES(62,4);
INSERT INTO Upgrades_Factions VALUES(63,1);
INSERT INTO Upgrades_Factions VALUES(63,2);
INSERT INTO Upgrades_Factions VALUES(63,3);
INSERT INTO Upgrades_Factions VALUES(63,4);
INSERT INTO Upgrades_Factions VALUES(64,1);
INSERT INTO Upgrades_Factions VALUES(64,2);
INSERT INTO Upgrades_Factions VALUES(64,3);
INSERT INTO Upgrades_Factions VALUES(64,4);
INSERT INTO Upgrades_Factions VALUES(65,1);
INSERT INTO Upgrades_Factions VALUES(65,2);
INSERT INTO Upgrades_Factions VALUES(65,3);
INSERT INTO Upgrades_Factions VALUES(65,4);
INSERT INTO Upgrades_Factions VALUES(66,1);
INSERT INTO Upgrades_Factions VALUES(66,2);
INSERT INTO Upgrades_Factions VALUES(66,3);
INSERT INTO Upgrades_Factions VALUES(66,4);
INSERT INTO Upgrades_Factions VALUES(67,1);
INSERT INTO Upgrades_Factions VALUES(67,2);
INSERT INTO Upgrades_Factions VALUES(67,3);
INSERT INTO Upgrades_Factions VALUES(67,4);
INSERT INTO Upgrades_Factions VALUES(68,1);
INSERT INTO Upgrades_Factions VALUES(68,2);
INSERT INTO Upgrades_Factions VALUES(68,3);
INSERT INTO Upgrades_Factions VALUES(68,4);
INSERT INTO Upgrades_Factions VALUES(69,1);
INSERT INTO Upgrades_Factions VALUES(69,2);
INSERT INTO Upgrades_Factions VALUES(69,3);
INSERT INTO Upgrades_Factions VALUES(69,4);
INSERT INTO Upgrades_Factions VALUES(70,1);
INSERT INTO Upgrades_Factions VALUES(70,2);
INSERT INTO Upgrades_Factions VALUES(70,3);
INSERT INTO Upgrades_Factions VALUES(70,4);
INSERT INTO Upgrades_Factions VALUES(71,1);
INSERT INTO Upgrades_Factions VALUES(71,2);
INSERT INTO Upgrades_Factions VALUES(71,3);
INSERT INTO Upgrades_Factions VALUES(71,4);
INSERT INTO Upgrades_Factions VALUES(72,1);
INSERT INTO Upgrades_Factions VALUES(72,2);
INSERT INTO Upgrades_Factions VALUES(72,3);
INSERT INTO Upgrades_Factions VALUES(72,4);
INSERT INTO Upgrades_Factions VALUES(73,1);
INSERT INTO Upgrades_Factions VALUES(73,2);
INSERT INTO Upgrades_Factions VALUES(73,3);
INSERT INTO Upgrades_Factions VALUES(73,4);
INSERT INTO Upgrades_Factions VALUES(74,1);
INSERT INTO Upgrades_Factions VALUES(74,2);
INSERT INTO Upgrades_Factions VALUES(74,3);
INSERT INTO Upgrades_Factions VALUES(74,4);
INSERT INTO Upgrades_Factions VALUES(75,1);
INSERT INTO Upgrades_Factions VALUES(75,2);
INSERT INTO Upgrades_Factions VALUES(75,3);
INSERT INTO Upgrades_Factions VALUES(75,4);
INSERT INTO Upgrades_Factions VALUES(76,1);
INSERT INTO Upgrades_Factions VALUES(76,2);
INSERT INTO Upgrades_Factions VALUES(76,3);
INSERT INTO Upgrades_Factions VALUES(76,4);
INSERT INTO Upgrades_Factions VALUES(77,1);
INSERT INTO Upgrades_Factions VALUES(77,2);
INSERT INTO Upgrades_Factions VALUES(77,3);
INSERT INTO Upgrades_Factions VALUES(77,4);
INSERT INTO Upgrades_Factions VALUES(78,1);
INSERT INTO Upgrades_Factions VALUES(78,2);
INSERT INTO Upgrades_Factions VALUES(78,3);
INSERT INTO Upgrades_Factions VALUES(78,4);
INSERT INTO Upgrades_Factions VALUES(79,1);
INSERT INTO Upgrades_Factions VALUES(79,2);
INSERT INTO Upgrades_Factions VALUES(79,3);
INSERT INTO Upgrades_Factions VALUES(79,4);
INSERT INTO Upgrades_Factions VALUES(80,1);
INSERT INTO Upgrades_Factions VALUES(80,2);
INSERT INTO Upgrades_Factions VALUES(80,3);
INSERT INTO Upgrades_Factions VALUES(80,4);
INSERT INTO Upgrades_Factions VALUES(81,1);
INSERT INTO Upgrades_Factions VALUES(81,2);
INSERT INTO Upgrades_Factions VALUES(81,3);
INSERT INTO Upgrades_Factions VALUES(81,4);
INSERT INTO Upgrades_Factions VALUES(82,1);
INSERT INTO Upgrades_Factions VALUES(82,2);
INSERT INTO Upgrades_Factions VALUES(82,3);
INSERT INTO Upgrades_Factions VALUES(82,4);
INSERT INTO Upgrades_Factions VALUES(83,1);
INSERT INTO Upgrades_Factions VALUES(83,2);
INSERT INTO Upgrades_Factions VALUES(83,3);
INSERT INTO Upgrades_Factions VALUES(83,4);
INSERT INTO Upgrades_Factions VALUES(84,1);
INSERT INTO Upgrades_Factions VALUES(84,2);
INSERT INTO Upgrades_Factions VALUES(84,3);
INSERT INTO Upgrades_Factions VALUES(84,4);
INSERT INTO Upgrades_Factions VALUES(85,1);
INSERT INTO Upgrades_Factions VALUES(85,2);
INSERT INTO Upgrades_Factions VALUES(85,3);
INSERT INTO Upgrades_Factions VALUES(85,4);
INSERT INTO Upgrades_Factions VALUES(86,1);
INSERT INTO Upgrades_Factions VALUES(86,2);
INSERT INTO Upgrades_Factions VALUES(86,3);
INSERT INTO Upgrades_Factions VALUES(86,4);
INSERT INTO Upgrades_Factions VALUES(87,1);
INSERT INTO Upgrades_Factions VALUES(87,2);
INSERT INTO Upgrades_Factions VALUES(87,3);
INSERT INTO Upgrades_Factions VALUES(87,4);
INSERT INTO Upgrades_Factions VALUES(88,4);
INSERT INTO Upgrades_Factions VALUES(89,4);
INSERT INTO Upgrades_Factions VALUES(90,3);
INSERT INTO Upgrades_Factions VALUES(91,3);
INSERT INTO Upgrades_Factions VALUES(92,2);
INSERT INTO Upgrades_Factions VALUES(93,2);
INSERT INTO Upgrades_Factions VALUES(94,2);
INSERT INTO Upgrades_Factions VALUES(95,2);
INSERT INTO Upgrades_Factions VALUES(96,2);
INSERT INTO Upgrades_Factions VALUES(97,2);
INSERT INTO Upgrades_Factions VALUES(98,2);
INSERT INTO Upgrades_Factions VALUES(99,2);
INSERT INTO Upgrades_Factions VALUES(100,2);
INSERT INTO Upgrades_Factions VALUES(101,2);
INSERT INTO Upgrades_Factions VALUES(102,2);
INSERT INTO Upgrades_Factions VALUES(103,2);
INSERT INTO Upgrades_Factions VALUES(104,2);
INSERT INTO Upgrades_Factions VALUES(105,2);
INSERT INTO Upgrades_Factions VALUES(106,2);
INSERT INTO Upgrades_Factions VALUES(107,2);
INSERT INTO Upgrades_Factions VALUES(108,2);
INSERT INTO Upgrades_Factions VALUES(109,2);
INSERT INTO Upgrades_Factions VALUES(110,2);
INSERT INTO Upgrades_Factions VALUES(111,2);
INSERT INTO Upgrades_Factions VALUES(112,2);
INSERT INTO Upgrades_Factions VALUES(113,2);
INSERT INTO Upgrades_Factions VALUES(114,2);
INSERT INTO Upgrades_Factions VALUES(115,2);
INSERT INTO Upgrades_Factions VALUES(116,2);
INSERT INTO Upgrades_Factions VALUES(117,1);
INSERT INTO Upgrades_Factions VALUES(117,2);
INSERT INTO Upgrades_Factions VALUES(117,3);
INSERT INTO Upgrades_Factions VALUES(117,4);
INSERT INTO Upgrades_Factions VALUES(118,1);
INSERT INTO Upgrades_Factions VALUES(118,2);
INSERT INTO Upgrades_Factions VALUES(118,3);
INSERT INTO Upgrades_Factions VALUES(118,4);
INSERT INTO Upgrades_Factions VALUES(119,1);
INSERT INTO Upgrades_Factions VALUES(119,2);
INSERT INTO Upgrades_Factions VALUES(119,3);
INSERT INTO Upgrades_Factions VALUES(119,4);
INSERT INTO Upgrades_Factions VALUES(120,1);
INSERT INTO Upgrades_Factions VALUES(120,2);
INSERT INTO Upgrades_Factions VALUES(120,3);
INSERT INTO Upgrades_Factions VALUES(120,4);
INSERT INTO Upgrades_Factions VALUES(121,1);
INSERT INTO Upgrades_Factions VALUES(121,2);
INSERT INTO Upgrades_Factions VALUES(121,3);
INSERT INTO Upgrades_Factions VALUES(121,4);
INSERT INTO Upgrades_Factions VALUES(122,1);
INSERT INTO Upgrades_Factions VALUES(122,2);
INSERT INTO Upgrades_Factions VALUES(122,3);
INSERT INTO Upgrades_Factions VALUES(122,4);
INSERT INTO Upgrades_Factions VALUES(123,1);
INSERT INTO Upgrades_Factions VALUES(123,2);
INSERT INTO Upgrades_Factions VALUES(123,3);
INSERT INTO Upgrades_Factions VALUES(123,4);
INSERT INTO Upgrades_Factions VALUES(124,1);
INSERT INTO Upgrades_Factions VALUES(124,2);
INSERT INTO Upgrades_Factions VALUES(124,3);
INSERT INTO Upgrades_Factions VALUES(124,4);
INSERT INTO Upgrades_Factions VALUES(125,1);
INSERT INTO Upgrades_Factions VALUES(125,2);
INSERT INTO Upgrades_Factions VALUES(125,3);
INSERT INTO Upgrades_Factions VALUES(125,4);
INSERT INTO Upgrades_Factions VALUES(126,1);
INSERT INTO Upgrades_Factions VALUES(126,2);
INSERT INTO Upgrades_Factions VALUES(126,3);
INSERT INTO Upgrades_Factions VALUES(126,4);
INSERT INTO Upgrades_Factions VALUES(127,1);
INSERT INTO Upgrades_Factions VALUES(127,2);
INSERT INTO Upgrades_Factions VALUES(127,3);
INSERT INTO Upgrades_Factions VALUES(127,4);
INSERT INTO Upgrades_Factions VALUES(128,1);
INSERT INTO Upgrades_Factions VALUES(128,2);
INSERT INTO Upgrades_Factions VALUES(128,3);
INSERT INTO Upgrades_Factions VALUES(128,4);
INSERT INTO Upgrades_Factions VALUES(129,1);
INSERT INTO Upgrades_Factions VALUES(129,2);
INSERT INTO Upgrades_Factions VALUES(129,3);
INSERT INTO Upgrades_Factions VALUES(129,4);
INSERT INTO Upgrades_Factions VALUES(130,1);
INSERT INTO Upgrades_Factions VALUES(130,2);
INSERT INTO Upgrades_Factions VALUES(130,3);
INSERT INTO Upgrades_Factions VALUES(130,4);
INSERT INTO Upgrades_Factions VALUES(131,1);
INSERT INTO Upgrades_Factions VALUES(131,2);
INSERT INTO Upgrades_Factions VALUES(131,3);
INSERT INTO Upgrades_Factions VALUES(131,4);
INSERT INTO Upgrades_Factions VALUES(132,4);
INSERT INTO Upgrades_Factions VALUES(133,4);
INSERT INTO Upgrades_Factions VALUES(134,4);
INSERT INTO Upgrades_Factions VALUES(135,4);
INSERT INTO Upgrades_Factions VALUES(136,4);
INSERT INTO Upgrades_Factions VALUES(137,4);
INSERT INTO Upgrades_Factions VALUES(138,4);
INSERT INTO Upgrades_Factions VALUES(139,1);
INSERT INTO Upgrades_Factions VALUES(140,1);
INSERT INTO Upgrades_Factions VALUES(141,1);
INSERT INTO Upgrades_Factions VALUES(142,1);
INSERT INTO Upgrades_Factions VALUES(143,1);
INSERT INTO Upgrades_Factions VALUES(144,1);
INSERT INTO Upgrades_Factions VALUES(145,1);
INSERT INTO Upgrades_Factions VALUES(146,1);
INSERT INTO Upgrades_Factions VALUES(147,1);
INSERT INTO Upgrades_Factions VALUES(148,1);
INSERT INTO Upgrades_Factions VALUES(149,1);
INSERT INTO Upgrades_Factions VALUES(150,1);
INSERT INTO Upgrades_Factions VALUES(151,1);
INSERT INTO Upgrades_Factions VALUES(152,1);
INSERT INTO Upgrades_Factions VALUES(153,3);
INSERT INTO Upgrades_Factions VALUES(154,3);
INSERT INTO Upgrades_Factions VALUES(155,3);
INSERT INTO Upgrades_Factions VALUES(156,3);
INSERT INTO Upgrades_Factions VALUES(157,3);
INSERT INTO Upgrades_Factions VALUES(158,3);
INSERT INTO Upgrades_Factions VALUES(159,3);
INSERT INTO Upgrades_Factions VALUES(160,3);
INSERT INTO Upgrades_Factions VALUES(161,3);
INSERT INTO Upgrades_Factions VALUES(162,1);
INSERT INTO Upgrades_Factions VALUES(162,2);
INSERT INTO Upgrades_Factions VALUES(162,3);
INSERT INTO Upgrades_Factions VALUES(162,4);
INSERT INTO Upgrades_Factions VALUES(163,1);
INSERT INTO Upgrades_Factions VALUES(163,2);
INSERT INTO Upgrades_Factions VALUES(163,3);
INSERT INTO Upgrades_Factions VALUES(163,4);
INSERT INTO Upgrades_Factions VALUES(164,1);
INSERT INTO Upgrades_Factions VALUES(164,2);
INSERT INTO Upgrades_Factions VALUES(164,3);
INSERT INTO Upgrades_Factions VALUES(164,4);
INSERT INTO Upgrades_Factions VALUES(165,1);
INSERT INTO Upgrades_Factions VALUES(165,2);
INSERT INTO Upgrades_Factions VALUES(165,3);
INSERT INTO Upgrades_Factions VALUES(165,4);
INSERT INTO Upgrades_Factions VALUES(166,1);
INSERT INTO Upgrades_Factions VALUES(166,2);
INSERT INTO Upgrades_Factions VALUES(166,3);
INSERT INTO Upgrades_Factions VALUES(166,4);
INSERT INTO Upgrades_Factions VALUES(167,1);
INSERT INTO Upgrades_Factions VALUES(167,2);
INSERT INTO Upgrades_Factions VALUES(167,3);
INSERT INTO Upgrades_Factions VALUES(167,4);
INSERT INTO Upgrades_Factions VALUES(168,1);
INSERT INTO Upgrades_Factions VALUES(168,2);
INSERT INTO Upgrades_Factions VALUES(168,3);
INSERT INTO Upgrades_Factions VALUES(168,4);
INSERT INTO Upgrades_Factions VALUES(169,1);
INSERT INTO Upgrades_Factions VALUES(169,2);
INSERT INTO Upgrades_Factions VALUES(169,3);
INSERT INTO Upgrades_Factions VALUES(169,4);
INSERT INTO Upgrades_Factions VALUES(170,2);
INSERT INTO Upgrades_Factions VALUES(171,2);
INSERT INTO Upgrades_Factions VALUES(172,1);
INSERT INTO Upgrades_Factions VALUES(173,1);
INSERT INTO Upgrades_Factions VALUES(173,2);
INSERT INTO Upgrades_Factions VALUES(173,3);
INSERT INTO Upgrades_Factions VALUES(173,4);
INSERT INTO Upgrades_Factions VALUES(174,1);
INSERT INTO Upgrades_Factions VALUES(174,2);
INSERT INTO Upgrades_Factions VALUES(174,3);
INSERT INTO Upgrades_Factions VALUES(174,4);
INSERT INTO Upgrades_Factions VALUES(175,1);
INSERT INTO Upgrades_Factions VALUES(175,2);
INSERT INTO Upgrades_Factions VALUES(175,3);
INSERT INTO Upgrades_Factions VALUES(175,4);
INSERT INTO Upgrades_Factions VALUES(176,1);
INSERT INTO Upgrades_Factions VALUES(176,2);
INSERT INTO Upgrades_Factions VALUES(176,3);
INSERT INTO Upgrades_Factions VALUES(176,4);
INSERT INTO Upgrades_Factions VALUES(177,1);
INSERT INTO Upgrades_Factions VALUES(177,2);
INSERT INTO Upgrades_Factions VALUES(177,3);
INSERT INTO Upgrades_Factions VALUES(177,4);
INSERT INTO Upgrades_Factions VALUES(178,1);
INSERT INTO Upgrades_Factions VALUES(178,2);
INSERT INTO Upgrades_Factions VALUES(178,3);
INSERT INTO Upgrades_Factions VALUES(178,4);
INSERT INTO Upgrades_Factions VALUES(179,1);
INSERT INTO Upgrades_Factions VALUES(179,2);
INSERT INTO Upgrades_Factions VALUES(179,3);
INSERT INTO Upgrades_Factions VALUES(179,4);
INSERT INTO Upgrades_Factions VALUES(180,3);
INSERT INTO Upgrades_Factions VALUES(181,2);
INSERT INTO Upgrades_Factions VALUES(182,2);
INSERT INTO Upgrades_Factions VALUES(183,2);
INSERT INTO Upgrades_Factions VALUES(184,2);
INSERT INTO Upgrades_Factions VALUES(185,2);
INSERT INTO Upgrades_Factions VALUES(186,2);
INSERT INTO Upgrades_Factions VALUES(187,2);
INSERT INTO Upgrades_Factions VALUES(188,2);
INSERT INTO Upgrades_Factions VALUES(189,2);
INSERT INTO Upgrades_Factions VALUES(190,2);
INSERT INTO Upgrades_Factions VALUES(191,2);
INSERT INTO Upgrades_Factions VALUES(192,2);
INSERT INTO Upgrades_Factions VALUES(193,2);
INSERT INTO Upgrades_Factions VALUES(194,2);
INSERT INTO Upgrades_Factions VALUES(195,2);
INSERT INTO Upgrades_Factions VALUES(196,2);
INSERT INTO Upgrades_Factions VALUES(197,2);
INSERT INTO Upgrades_Factions VALUES(198,2);
INSERT INTO Upgrades_Factions VALUES(199,2);
INSERT INTO Upgrades_Factions VALUES(200,2);
INSERT INTO Upgrades_Factions VALUES(201,2);
INSERT INTO Upgrades_Factions VALUES(202,2);
INSERT INTO Upgrades_Factions VALUES(203,2);
INSERT INTO Upgrades_Factions VALUES(204,2);
INSERT INTO Upgrades_Factions VALUES(205,2);
INSERT INTO Upgrades_Factions VALUES(206,2);
INSERT INTO Upgrades_Factions VALUES(207,2);
INSERT INTO Upgrades_Factions VALUES(208,2);
INSERT INTO Upgrades_Factions VALUES(209,2);
INSERT INTO Upgrades_Factions VALUES(210,2);
INSERT INTO Upgrades_Factions VALUES(211,4);
INSERT INTO Upgrades_Factions VALUES(212,4);
INSERT INTO Upgrades_Factions VALUES(213,4);
INSERT INTO Upgrades_Factions VALUES(214,4);
INSERT INTO Upgrades_Factions VALUES(215,4);
INSERT INTO Upgrades_Factions VALUES(216,4);
INSERT INTO Upgrades_Factions VALUES(217,4);
INSERT INTO Upgrades_Factions VALUES(218,4);
INSERT INTO Upgrades_Factions VALUES(219,4);
INSERT INTO Upgrades_Factions VALUES(220,1);
INSERT INTO Upgrades_Factions VALUES(221,1);
INSERT INTO Upgrades_Factions VALUES(222,1);
INSERT INTO Upgrades_Factions VALUES(223,1);
INSERT INTO Upgrades_Factions VALUES(224,1);
INSERT INTO Upgrades_Factions VALUES(225,1);
INSERT INTO Upgrades_Factions VALUES(226,1);
INSERT INTO Upgrades_Factions VALUES(227,1);
INSERT INTO Upgrades_Factions VALUES(228,1);
INSERT INTO Upgrades_Factions VALUES(229,1);
INSERT INTO Upgrades_Factions VALUES(230,1);
INSERT INTO Upgrades_Factions VALUES(231,1);
INSERT INTO Upgrades_Factions VALUES(232,1);
INSERT INTO Upgrades_Factions VALUES(233,1);
INSERT INTO Upgrades_Factions VALUES(234,1);
INSERT INTO Upgrades_Factions VALUES(235,1);
INSERT INTO Upgrades_Factions VALUES(236,1);
INSERT INTO Upgrades_Factions VALUES(237,1);
INSERT INTO Upgrades_Factions VALUES(238,1);
INSERT INTO Upgrades_Factions VALUES(239,1);
INSERT INTO Upgrades_Factions VALUES(240,1);
INSERT INTO Upgrades_Factions VALUES(241,1);
INSERT INTO Upgrades_Factions VALUES(242,1);
INSERT INTO Upgrades_Factions VALUES(243,1);
INSERT INTO Upgrades_Factions VALUES(244,1);
INSERT INTO Upgrades_Factions VALUES(245,1);
INSERT INTO Upgrades_Factions VALUES(246,1);
INSERT INTO Upgrades_Factions VALUES(247,1);
INSERT INTO Upgrades_Factions VALUES(248,1);
INSERT INTO Upgrades_Factions VALUES(249,1);
INSERT INTO Upgrades_Factions VALUES(250,3);
INSERT INTO Upgrades_Factions VALUES(251,3);
INSERT INTO Upgrades_Factions VALUES(252,3);
INSERT INTO Upgrades_Factions VALUES(253,3);
INSERT INTO Upgrades_Factions VALUES(254,3);
INSERT INTO Upgrades_Factions VALUES(255,3);
INSERT INTO Upgrades_Factions VALUES(256,3);
INSERT INTO Upgrades_Factions VALUES(257,3);
INSERT INTO Upgrades_Factions VALUES(258,3);
INSERT INTO Upgrades_Factions VALUES(259,3);
INSERT INTO Upgrades_Factions VALUES(260,1);
INSERT INTO Upgrades_Factions VALUES(260,2);
INSERT INTO Upgrades_Factions VALUES(260,3);
INSERT INTO Upgrades_Factions VALUES(260,4);
INSERT INTO Upgrades_Factions VALUES(261,1);
INSERT INTO Upgrades_Factions VALUES(261,2);
INSERT INTO Upgrades_Factions VALUES(261,3);
INSERT INTO Upgrades_Factions VALUES(261,4);
INSERT INTO Upgrades_Factions VALUES(262,1);
INSERT INTO Upgrades_Factions VALUES(262,2);
INSERT INTO Upgrades_Factions VALUES(262,3);
INSERT INTO Upgrades_Factions VALUES(262,4);
INSERT INTO Upgrades_Factions VALUES(263,1);
INSERT INTO Upgrades_Factions VALUES(263,2);
INSERT INTO Upgrades_Factions VALUES(263,3);
INSERT INTO Upgrades_Factions VALUES(263,4);
INSERT INTO Upgrades_Factions VALUES(264,1);
INSERT INTO Upgrades_Factions VALUES(264,2);
INSERT INTO Upgrades_Factions VALUES(264,3);
INSERT INTO Upgrades_Factions VALUES(264,4);
INSERT INTO Upgrades_Factions VALUES(265,1);
INSERT INTO Upgrades_Factions VALUES(265,2);
INSERT INTO Upgrades_Factions VALUES(265,3);
INSERT INTO Upgrades_Factions VALUES(265,4);
INSERT INTO Upgrades_Factions VALUES(266,1);
INSERT INTO Upgrades_Factions VALUES(266,2);
INSERT INTO Upgrades_Factions VALUES(266,3);
INSERT INTO Upgrades_Factions VALUES(266,4);
INSERT INTO Upgrades_Factions VALUES(267,1);
INSERT INTO Upgrades_Factions VALUES(267,2);
INSERT INTO Upgrades_Factions VALUES(267,3);
INSERT INTO Upgrades_Factions VALUES(267,4);
INSERT INTO Upgrades_Factions VALUES(268,1);
INSERT INTO Upgrades_Factions VALUES(268,2);
INSERT INTO Upgrades_Factions VALUES(268,3);
INSERT INTO Upgrades_Factions VALUES(268,4);
INSERT INTO Upgrades_Factions VALUES(269,1);
INSERT INTO Upgrades_Factions VALUES(269,2);
INSERT INTO Upgrades_Factions VALUES(269,3);
INSERT INTO Upgrades_Factions VALUES(269,4);
INSERT INTO Upgrades_Factions VALUES(270,1);
INSERT INTO Upgrades_Factions VALUES(270,2);
INSERT INTO Upgrades_Factions VALUES(270,3);
INSERT INTO Upgrades_Factions VALUES(270,4);
INSERT INTO Upgrades_Factions VALUES(271,1);
INSERT INTO Upgrades_Factions VALUES(271,2);
INSERT INTO Upgrades_Factions VALUES(271,3);
INSERT INTO Upgrades_Factions VALUES(271,4);
INSERT INTO Upgrades_Factions VALUES(272,1);
INSERT INTO Upgrades_Factions VALUES(272,2);
INSERT INTO Upgrades_Factions VALUES(272,3);
INSERT INTO Upgrades_Factions VALUES(272,4);
INSERT INTO Upgrades_Factions VALUES(273,1);
INSERT INTO Upgrades_Factions VALUES(273,2);
INSERT INTO Upgrades_Factions VALUES(273,3);
INSERT INTO Upgrades_Factions VALUES(273,4);
INSERT INTO Upgrades_Factions VALUES(274,1);
INSERT INTO Upgrades_Factions VALUES(274,2);
INSERT INTO Upgrades_Factions VALUES(274,3);
INSERT INTO Upgrades_Factions VALUES(274,4);
INSERT INTO Upgrades_Factions VALUES(275,1);
INSERT INTO Upgrades_Factions VALUES(275,2);
INSERT INTO Upgrades_Factions VALUES(275,3);
INSERT INTO Upgrades_Factions VALUES(275,4);
INSERT INTO Upgrades_Factions VALUES(276,1);
INSERT INTO Upgrades_Factions VALUES(276,2);
INSERT INTO Upgrades_Factions VALUES(276,3);
INSERT INTO Upgrades_Factions VALUES(276,4);
INSERT INTO Upgrades_Factions VALUES(277,1);
INSERT INTO Upgrades_Factions VALUES(277,2);
INSERT INTO Upgrades_Factions VALUES(277,3);
INSERT INTO Upgrades_Factions VALUES(277,4);
INSERT INTO Upgrades_Factions VALUES(278,1);
INSERT INTO Upgrades_Factions VALUES(278,2);
INSERT INTO Upgrades_Factions VALUES(278,3);
INSERT INTO Upgrades_Factions VALUES(278,4);
INSERT INTO Upgrades_Factions VALUES(279,1);
INSERT INTO Upgrades_Factions VALUES(279,2);
INSERT INTO Upgrades_Factions VALUES(279,3);
INSERT INTO Upgrades_Factions VALUES(279,4);
INSERT INTO Upgrades_Factions VALUES(280,1);
INSERT INTO Upgrades_Factions VALUES(280,2);
INSERT INTO Upgrades_Factions VALUES(280,3);
INSERT INTO Upgrades_Factions VALUES(280,4);
INSERT INTO Upgrades_Factions VALUES(281,1);
INSERT INTO Upgrades_Factions VALUES(281,2);
INSERT INTO Upgrades_Factions VALUES(281,3);
INSERT INTO Upgrades_Factions VALUES(281,4);
INSERT INTO Upgrades_Factions VALUES(282,1);
INSERT INTO Upgrades_Factions VALUES(282,2);
INSERT INTO Upgrades_Factions VALUES(282,3);
INSERT INTO Upgrades_Factions VALUES(282,4);
INSERT INTO Upgrades_Factions VALUES(283,1);
INSERT INTO Upgrades_Factions VALUES(283,2);
INSERT INTO Upgrades_Factions VALUES(283,3);
INSERT INTO Upgrades_Factions VALUES(283,4);
INSERT INTO Upgrades_Factions VALUES(284,1);
INSERT INTO Upgrades_Factions VALUES(284,2);
INSERT INTO Upgrades_Factions VALUES(284,3);
INSERT INTO Upgrades_Factions VALUES(284,4);
INSERT INTO Upgrades_Factions VALUES(285,4);
INSERT INTO Upgrades_Factions VALUES(286,1);
INSERT INTO Upgrades_Factions VALUES(287,2);
INSERT INTO Upgrades_Factions VALUES(288,1);
INSERT INTO Upgrades_Factions VALUES(288,2);
INSERT INTO Upgrades_Factions VALUES(288,3);
INSERT INTO Upgrades_Factions VALUES(288,4);
INSERT INTO Upgrades_Factions VALUES(289,1);
INSERT INTO Upgrades_Factions VALUES(289,2);
INSERT INTO Upgrades_Factions VALUES(289,3);
INSERT INTO Upgrades_Factions VALUES(289,4);
INSERT INTO Upgrades_Factions VALUES(290,1);
INSERT INTO Upgrades_Factions VALUES(291,1);
INSERT INTO Upgrades_Factions VALUES(292,1);
CREATE TABLE Ships_UpgradeSlots (
    ship_id INTEGER,
    slot_id INTEGER,
    FOREIGN KEY (ship_id) REFERENCES Ships (id),
    FOREIGN KEY (slot_id) REFERENCES UpgradeSlots (id)
    );
INSERT INTO Ships_UpgradeSlots VALUES(1,1);
INSERT INTO Ships_UpgradeSlots VALUES(1,2);
INSERT INTO Ships_UpgradeSlots VALUES(1,3);
INSERT INTO Ships_UpgradeSlots VALUES(1,4);
INSERT INTO Ships_UpgradeSlots VALUES(1,7);
INSERT INTO Ships_UpgradeSlots VALUES(1,8);
INSERT INTO Ships_UpgradeSlots VALUES(1,14);
INSERT INTO Ships_UpgradeSlots VALUES(2,1);
INSERT INTO Ships_UpgradeSlots VALUES(2,2);
INSERT INTO Ships_UpgradeSlots VALUES(2,3);
INSERT INTO Ships_UpgradeSlots VALUES(2,4);
INSERT INTO Ships_UpgradeSlots VALUES(2,7);
INSERT INTO Ships_UpgradeSlots VALUES(2,8);
INSERT INTO Ships_UpgradeSlots VALUES(2,14);
INSERT INTO Ships_UpgradeSlots VALUES(3,1);
INSERT INTO Ships_UpgradeSlots VALUES(3,2);
INSERT INTO Ships_UpgradeSlots VALUES(3,3);
INSERT INTO Ships_UpgradeSlots VALUES(3,6);
INSERT INTO Ships_UpgradeSlots VALUES(3,8);
INSERT INTO Ships_UpgradeSlots VALUES(3,14);
INSERT INTO Ships_UpgradeSlots VALUES(4,1);
INSERT INTO Ships_UpgradeSlots VALUES(4,2);
INSERT INTO Ships_UpgradeSlots VALUES(4,3);
INSERT INTO Ships_UpgradeSlots VALUES(4,6);
INSERT INTO Ships_UpgradeSlots VALUES(4,9);
INSERT INTO Ships_UpgradeSlots VALUES(4,14);
INSERT INTO Ships_UpgradeSlots VALUES(5,2);
INSERT INTO Ships_UpgradeSlots VALUES(5,4);
INSERT INTO Ships_UpgradeSlots VALUES(5,5);
INSERT INTO Ships_UpgradeSlots VALUES(5,14);
INSERT INTO Ships_UpgradeSlots VALUES(6,2);
INSERT INTO Ships_UpgradeSlots VALUES(6,4);
INSERT INTO Ships_UpgradeSlots VALUES(6,5);
INSERT INTO Ships_UpgradeSlots VALUES(6,14);
INSERT INTO Ships_UpgradeSlots VALUES(7,1);
INSERT INTO Ships_UpgradeSlots VALUES(7,2);
INSERT INTO Ships_UpgradeSlots VALUES(7,4);
INSERT INTO Ships_UpgradeSlots VALUES(7,7);
INSERT INTO Ships_UpgradeSlots VALUES(7,8);
INSERT INTO Ships_UpgradeSlots VALUES(7,14);
INSERT INTO Ships_UpgradeSlots VALUES(8,1);
INSERT INTO Ships_UpgradeSlots VALUES(8,2);
INSERT INTO Ships_UpgradeSlots VALUES(8,4);
INSERT INTO Ships_UpgradeSlots VALUES(8,7);
INSERT INTO Ships_UpgradeSlots VALUES(8,10);
INSERT INTO Ships_UpgradeSlots VALUES(8,14);
INSERT INTO Ships_UpgradeSlots VALUES(9,1);
INSERT INTO Ships_UpgradeSlots VALUES(9,2);
INSERT INTO Ships_UpgradeSlots VALUES(9,3);
INSERT INTO Ships_UpgradeSlots VALUES(9,7);
INSERT INTO Ships_UpgradeSlots VALUES(9,8);
INSERT INTO Ships_UpgradeSlots VALUES(9,10);
INSERT INTO Ships_UpgradeSlots VALUES(9,14);
INSERT INTO Ships_UpgradeSlots VALUES(10,1);
INSERT INTO Ships_UpgradeSlots VALUES(10,2);
INSERT INTO Ships_UpgradeSlots VALUES(10,3);
INSERT INTO Ships_UpgradeSlots VALUES(10,7);
INSERT INTO Ships_UpgradeSlots VALUES(10,8);
INSERT INTO Ships_UpgradeSlots VALUES(10,10);
INSERT INTO Ships_UpgradeSlots VALUES(10,14);
INSERT INTO Ships_UpgradeSlots VALUES(11,1);
INSERT INTO Ships_UpgradeSlots VALUES(11,2);
INSERT INTO Ships_UpgradeSlots VALUES(11,3);
INSERT INTO Ships_UpgradeSlots VALUES(11,4);
INSERT INTO Ships_UpgradeSlots VALUES(11,7);
INSERT INTO Ships_UpgradeSlots VALUES(11,8);
INSERT INTO Ships_UpgradeSlots VALUES(11,10);
INSERT INTO Ships_UpgradeSlots VALUES(11,14);
INSERT INTO Ships_UpgradeSlots VALUES(12,1);
INSERT INTO Ships_UpgradeSlots VALUES(12,2);
INSERT INTO Ships_UpgradeSlots VALUES(12,3);
INSERT INTO Ships_UpgradeSlots VALUES(12,4);
INSERT INTO Ships_UpgradeSlots VALUES(12,7);
INSERT INTO Ships_UpgradeSlots VALUES(12,10);
INSERT INTO Ships_UpgradeSlots VALUES(12,10);
INSERT INTO Ships_UpgradeSlots VALUES(12,14);
INSERT INTO Ships_UpgradeSlots VALUES(13,1);
INSERT INTO Ships_UpgradeSlots VALUES(13,2);
INSERT INTO Ships_UpgradeSlots VALUES(13,6);
INSERT INTO Ships_UpgradeSlots VALUES(13,3);
INSERT INTO Ships_UpgradeSlots VALUES(13,3);
INSERT INTO Ships_UpgradeSlots VALUES(13,9);
INSERT INTO Ships_UpgradeSlots VALUES(13,8);
INSERT INTO Ships_UpgradeSlots VALUES(13,14);
INSERT INTO Ships_UpgradeSlots VALUES(14,1);
INSERT INTO Ships_UpgradeSlots VALUES(14,2);
INSERT INTO Ships_UpgradeSlots VALUES(14,6);
INSERT INTO Ships_UpgradeSlots VALUES(14,4);
INSERT INTO Ships_UpgradeSlots VALUES(14,3);
INSERT INTO Ships_UpgradeSlots VALUES(14,9);
INSERT INTO Ships_UpgradeSlots VALUES(14,8);
INSERT INTO Ships_UpgradeSlots VALUES(14,14);
INSERT INTO Ships_UpgradeSlots VALUES(15,1);
INSERT INTO Ships_UpgradeSlots VALUES(15,2);
INSERT INTO Ships_UpgradeSlots VALUES(15,7);
INSERT INTO Ships_UpgradeSlots VALUES(15,6);
INSERT INTO Ships_UpgradeSlots VALUES(15,9);
INSERT INTO Ships_UpgradeSlots VALUES(15,8);
INSERT INTO Ships_UpgradeSlots VALUES(15,8);
INSERT INTO Ships_UpgradeSlots VALUES(15,14);
INSERT INTO Ships_UpgradeSlots VALUES(16,1);
INSERT INTO Ships_UpgradeSlots VALUES(16,2);
INSERT INTO Ships_UpgradeSlots VALUES(16,7);
INSERT INTO Ships_UpgradeSlots VALUES(16,6);
INSERT INTO Ships_UpgradeSlots VALUES(16,9);
INSERT INTO Ships_UpgradeSlots VALUES(16,8);
INSERT INTO Ships_UpgradeSlots VALUES(16,8);
INSERT INTO Ships_UpgradeSlots VALUES(16,14);
INSERT INTO Ships_UpgradeSlots VALUES(17,1);
INSERT INTO Ships_UpgradeSlots VALUES(17,2);
INSERT INTO Ships_UpgradeSlots VALUES(17,6);
INSERT INTO Ships_UpgradeSlots VALUES(17,11);
INSERT INTO Ships_UpgradeSlots VALUES(17,10);
INSERT INTO Ships_UpgradeSlots VALUES(17,14);
INSERT INTO Ships_UpgradeSlots VALUES(18,1);
INSERT INTO Ships_UpgradeSlots VALUES(18,2);
INSERT INTO Ships_UpgradeSlots VALUES(18,6);
INSERT INTO Ships_UpgradeSlots VALUES(18,11);
INSERT INTO Ships_UpgradeSlots VALUES(18,4);
INSERT INTO Ships_UpgradeSlots VALUES(18,14);
INSERT INTO Ships_UpgradeSlots VALUES(19,1);
INSERT INTO Ships_UpgradeSlots VALUES(19,2);
INSERT INTO Ships_UpgradeSlots VALUES(19,6);
INSERT INTO Ships_UpgradeSlots VALUES(19,8);
INSERT INTO Ships_UpgradeSlots VALUES(19,14);
INSERT INTO Ships_UpgradeSlots VALUES(20,1);
INSERT INTO Ships_UpgradeSlots VALUES(20,2);
INSERT INTO Ships_UpgradeSlots VALUES(20,6);
INSERT INTO Ships_UpgradeSlots VALUES(20,8);
INSERT INTO Ships_UpgradeSlots VALUES(20,14);
INSERT INTO Ships_UpgradeSlots VALUES(21,1);
INSERT INTO Ships_UpgradeSlots VALUES(21,2);
INSERT INTO Ships_UpgradeSlots VALUES(21,2);
INSERT INTO Ships_UpgradeSlots VALUES(21,7);
INSERT INTO Ships_UpgradeSlots VALUES(21,7);
INSERT INTO Ships_UpgradeSlots VALUES(21,4);
INSERT INTO Ships_UpgradeSlots VALUES(21,4);
INSERT INTO Ships_UpgradeSlots VALUES(21,6);
INSERT INTO Ships_UpgradeSlots VALUES(21,6);
INSERT INTO Ships_UpgradeSlots VALUES(22,1);
INSERT INTO Ships_UpgradeSlots VALUES(22,2);
INSERT INTO Ships_UpgradeSlots VALUES(22,2);
INSERT INTO Ships_UpgradeSlots VALUES(22,7);
INSERT INTO Ships_UpgradeSlots VALUES(22,4);
INSERT INTO Ships_UpgradeSlots VALUES(22,8);
INSERT INTO Ships_UpgradeSlots VALUES(22,9);
INSERT INTO Ships_UpgradeSlots VALUES(22,13);
INSERT INTO Ships_UpgradeSlots VALUES(22,14);
INSERT INTO Ships_UpgradeSlots VALUES(23,1);
INSERT INTO Ships_UpgradeSlots VALUES(23,2);
INSERT INTO Ships_UpgradeSlots VALUES(23,2);
INSERT INTO Ships_UpgradeSlots VALUES(23,7);
INSERT INTO Ships_UpgradeSlots VALUES(23,4);
INSERT INTO Ships_UpgradeSlots VALUES(23,8);
INSERT INTO Ships_UpgradeSlots VALUES(23,9);
INSERT INTO Ships_UpgradeSlots VALUES(23,13);
INSERT INTO Ships_UpgradeSlots VALUES(23,14);
INSERT INTO Ships_UpgradeSlots VALUES(24,1);
INSERT INTO Ships_UpgradeSlots VALUES(24,2);
INSERT INTO Ships_UpgradeSlots VALUES(24,6);
INSERT INTO Ships_UpgradeSlots VALUES(24,3);
INSERT INTO Ships_UpgradeSlots VALUES(24,8);
INSERT INTO Ships_UpgradeSlots VALUES(24,14);
INSERT INTO Ships_UpgradeSlots VALUES(25,1);
INSERT INTO Ships_UpgradeSlots VALUES(25,2);
INSERT INTO Ships_UpgradeSlots VALUES(25,3);
INSERT INTO Ships_UpgradeSlots VALUES(25,8);
INSERT INTO Ships_UpgradeSlots VALUES(25,14);
INSERT INTO Ships_UpgradeSlots VALUES(26,1);
INSERT INTO Ships_UpgradeSlots VALUES(26,2);
INSERT INTO Ships_UpgradeSlots VALUES(26,2);
INSERT INTO Ships_UpgradeSlots VALUES(26,2);
INSERT INTO Ships_UpgradeSlots VALUES(26,2);
INSERT INTO Ships_UpgradeSlots VALUES(26,7);
INSERT INTO Ships_UpgradeSlots VALUES(26,11);
INSERT INTO Ships_UpgradeSlots VALUES(26,11);
INSERT INTO Ships_UpgradeSlots VALUES(26,11);
INSERT INTO Ships_UpgradeSlots VALUES(26,11);
INSERT INTO Ships_UpgradeSlots VALUES(26,4);
INSERT INTO Ships_UpgradeSlots VALUES(26,8);
INSERT INTO Ships_UpgradeSlots VALUES(26,9);
INSERT INTO Ships_UpgradeSlots VALUES(26,14);
INSERT INTO Ships_UpgradeSlots VALUES(27,1);
INSERT INTO Ships_UpgradeSlots VALUES(27,2);
INSERT INTO Ships_UpgradeSlots VALUES(27,2);
INSERT INTO Ships_UpgradeSlots VALUES(27,2);
INSERT INTO Ships_UpgradeSlots VALUES(27,2);
INSERT INTO Ships_UpgradeSlots VALUES(27,7);
INSERT INTO Ships_UpgradeSlots VALUES(27,11);
INSERT INTO Ships_UpgradeSlots VALUES(27,4);
INSERT INTO Ships_UpgradeSlots VALUES(27,4);
INSERT INTO Ships_UpgradeSlots VALUES(27,8);
INSERT INTO Ships_UpgradeSlots VALUES(27,8);
INSERT INTO Ships_UpgradeSlots VALUES(27,9);
INSERT INTO Ships_UpgradeSlots VALUES(27,9);
INSERT INTO Ships_UpgradeSlots VALUES(27,14);
INSERT INTO Ships_UpgradeSlots VALUES(28,1);
INSERT INTO Ships_UpgradeSlots VALUES(28,2);
INSERT INTO Ships_UpgradeSlots VALUES(28,7);
INSERT INTO Ships_UpgradeSlots VALUES(28,6);
INSERT INTO Ships_UpgradeSlots VALUES(28,10);
INSERT INTO Ships_UpgradeSlots VALUES(28,14);
INSERT INTO Ships_UpgradeSlots VALUES(29,1);
INSERT INTO Ships_UpgradeSlots VALUES(29,2);
INSERT INTO Ships_UpgradeSlots VALUES(29,7);
INSERT INTO Ships_UpgradeSlots VALUES(29,6);
INSERT INTO Ships_UpgradeSlots VALUES(29,10);
INSERT INTO Ships_UpgradeSlots VALUES(29,14);
INSERT INTO Ships_UpgradeSlots VALUES(30,2);
INSERT INTO Ships_UpgradeSlots VALUES(30,5);
INSERT INTO Ships_UpgradeSlots VALUES(30,4);
INSERT INTO Ships_UpgradeSlots VALUES(30,14);
INSERT INTO Ships_UpgradeSlots VALUES(31,2);
INSERT INTO Ships_UpgradeSlots VALUES(31,5);
INSERT INTO Ships_UpgradeSlots VALUES(31,4);
INSERT INTO Ships_UpgradeSlots VALUES(31,14);
INSERT INTO Ships_UpgradeSlots VALUES(32,1);
INSERT INTO Ships_UpgradeSlots VALUES(32,2);
INSERT INTO Ships_UpgradeSlots VALUES(32,7);
INSERT INTO Ships_UpgradeSlots VALUES(32,4);
INSERT INTO Ships_UpgradeSlots VALUES(32,4);
INSERT INTO Ships_UpgradeSlots VALUES(32,8);
INSERT INTO Ships_UpgradeSlots VALUES(32,9);
INSERT INTO Ships_UpgradeSlots VALUES(32,14);
INSERT INTO Ships_UpgradeSlots VALUES(33,1);
INSERT INTO Ships_UpgradeSlots VALUES(33,2);
INSERT INTO Ships_UpgradeSlots VALUES(33,7);
INSERT INTO Ships_UpgradeSlots VALUES(33,4);
INSERT INTO Ships_UpgradeSlots VALUES(33,3);
INSERT INTO Ships_UpgradeSlots VALUES(33,8);
INSERT INTO Ships_UpgradeSlots VALUES(33,9);
INSERT INTO Ships_UpgradeSlots VALUES(33,14);
INSERT INTO Ships_UpgradeSlots VALUES(34,1);
INSERT INTO Ships_UpgradeSlots VALUES(34,2);
INSERT INTO Ships_UpgradeSlots VALUES(34,7);
INSERT INTO Ships_UpgradeSlots VALUES(34,11);
INSERT INTO Ships_UpgradeSlots VALUES(34,4);
INSERT INTO Ships_UpgradeSlots VALUES(34,8);
INSERT INTO Ships_UpgradeSlots VALUES(34,8);
INSERT INTO Ships_UpgradeSlots VALUES(34,14);
INSERT INTO Ships_UpgradeSlots VALUES(35,1);
INSERT INTO Ships_UpgradeSlots VALUES(35,2);
INSERT INTO Ships_UpgradeSlots VALUES(35,7);
INSERT INTO Ships_UpgradeSlots VALUES(35,4);
INSERT INTO Ships_UpgradeSlots VALUES(35,3);
INSERT INTO Ships_UpgradeSlots VALUES(35,9);
INSERT INTO Ships_UpgradeSlots VALUES(35,10);
INSERT INTO Ships_UpgradeSlots VALUES(35,14);
INSERT INTO Ships_UpgradeSlots VALUES(36,1);
INSERT INTO Ships_UpgradeSlots VALUES(36,2);
INSERT INTO Ships_UpgradeSlots VALUES(36,6);
INSERT INTO Ships_UpgradeSlots VALUES(36,4);
INSERT INTO Ships_UpgradeSlots VALUES(36,12);
INSERT INTO Ships_UpgradeSlots VALUES(36,9);
INSERT INTO Ships_UpgradeSlots VALUES(36,14);
INSERT INTO Ships_UpgradeSlots VALUES(37,1);
INSERT INTO Ships_UpgradeSlots VALUES(37,2);
INSERT INTO Ships_UpgradeSlots VALUES(37,6);
INSERT INTO Ships_UpgradeSlots VALUES(37,4);
INSERT INTO Ships_UpgradeSlots VALUES(37,12);
INSERT INTO Ships_UpgradeSlots VALUES(37,12);
INSERT INTO Ships_UpgradeSlots VALUES(37,9);
INSERT INTO Ships_UpgradeSlots VALUES(37,14);
INSERT INTO Ships_UpgradeSlots VALUES(38,1);
INSERT INTO Ships_UpgradeSlots VALUES(38,2);
INSERT INTO Ships_UpgradeSlots VALUES(38,7);
INSERT INTO Ships_UpgradeSlots VALUES(38,7);
INSERT INTO Ships_UpgradeSlots VALUES(38,8);
INSERT INTO Ships_UpgradeSlots VALUES(38,13);
INSERT INTO Ships_UpgradeSlots VALUES(38,14);
INSERT INTO Ships_UpgradeSlots VALUES(39,1);
INSERT INTO Ships_UpgradeSlots VALUES(39,2);
INSERT INTO Ships_UpgradeSlots VALUES(39,7);
INSERT INTO Ships_UpgradeSlots VALUES(39,7);
INSERT INTO Ships_UpgradeSlots VALUES(39,6);
INSERT INTO Ships_UpgradeSlots VALUES(39,13);
INSERT INTO Ships_UpgradeSlots VALUES(39,14);
INSERT INTO Ships_UpgradeSlots VALUES(40,1);
INSERT INTO Ships_UpgradeSlots VALUES(40,2);
INSERT INTO Ships_UpgradeSlots VALUES(40,7);
INSERT INTO Ships_UpgradeSlots VALUES(40,4);
INSERT INTO Ships_UpgradeSlots VALUES(40,4);
INSERT INTO Ships_UpgradeSlots VALUES(40,14);
INSERT INTO Ships_UpgradeSlots VALUES(41,1);
INSERT INTO Ships_UpgradeSlots VALUES(41,2);
INSERT INTO Ships_UpgradeSlots VALUES(41,7);
INSERT INTO Ships_UpgradeSlots VALUES(41,7);
INSERT INTO Ships_UpgradeSlots VALUES(41,4);
INSERT INTO Ships_UpgradeSlots VALUES(41,14);
INSERT INTO Ships_UpgradeSlots VALUES(42,1);
INSERT INTO Ships_UpgradeSlots VALUES(42,2);
INSERT INTO Ships_UpgradeSlots VALUES(42,7);
INSERT INTO Ships_UpgradeSlots VALUES(42,4);
INSERT INTO Ships_UpgradeSlots VALUES(42,10);
INSERT INTO Ships_UpgradeSlots VALUES(42,14);
INSERT INTO Ships_UpgradeSlots VALUES(43,1);
INSERT INTO Ships_UpgradeSlots VALUES(43,2);
INSERT INTO Ships_UpgradeSlots VALUES(43,7);
INSERT INTO Ships_UpgradeSlots VALUES(43,4);
INSERT INTO Ships_UpgradeSlots VALUES(43,9);
INSERT INTO Ships_UpgradeSlots VALUES(43,14);
INSERT INTO Ships_UpgradeSlots VALUES(44,1);
INSERT INTO Ships_UpgradeSlots VALUES(44,2);
INSERT INTO Ships_UpgradeSlots VALUES(44,2);
INSERT INTO Ships_UpgradeSlots VALUES(44,2);
INSERT INTO Ships_UpgradeSlots VALUES(44,7);
INSERT INTO Ships_UpgradeSlots VALUES(44,4);
INSERT INTO Ships_UpgradeSlots VALUES(44,4);
INSERT INTO Ships_UpgradeSlots VALUES(44,9);
INSERT INTO Ships_UpgradeSlots VALUES(44,9);
INSERT INTO Ships_UpgradeSlots VALUES(44,8);
INSERT INTO Ships_UpgradeSlots VALUES(44,8);
INSERT INTO Ships_UpgradeSlots VALUES(44,14);
INSERT INTO Ships_UpgradeSlots VALUES(45,1);
INSERT INTO Ships_UpgradeSlots VALUES(45,2);
INSERT INTO Ships_UpgradeSlots VALUES(45,2);
INSERT INTO Ships_UpgradeSlots VALUES(45,2);
INSERT INTO Ships_UpgradeSlots VALUES(45,7);
INSERT INTO Ships_UpgradeSlots VALUES(45,11);
INSERT INTO Ships_UpgradeSlots VALUES(45,11);
INSERT INTO Ships_UpgradeSlots VALUES(45,4);
INSERT INTO Ships_UpgradeSlots VALUES(45,8);
INSERT INTO Ships_UpgradeSlots VALUES(45,9);
INSERT INTO Ships_UpgradeSlots VALUES(45,14);
INSERT INTO Ships_UpgradeSlots VALUES(46,1);
INSERT INTO Ships_UpgradeSlots VALUES(46,2);
INSERT INTO Ships_UpgradeSlots VALUES(46,7);
INSERT INTO Ships_UpgradeSlots VALUES(46,3);
INSERT INTO Ships_UpgradeSlots VALUES(46,10);
INSERT INTO Ships_UpgradeSlots VALUES(46,10);
INSERT INTO Ships_UpgradeSlots VALUES(46,8);
INSERT INTO Ships_UpgradeSlots VALUES(46,14);
INSERT INTO Ships_UpgradeSlots VALUES(47,1);
INSERT INTO Ships_UpgradeSlots VALUES(47,2);
INSERT INTO Ships_UpgradeSlots VALUES(47,7);
INSERT INTO Ships_UpgradeSlots VALUES(47,4);
INSERT INTO Ships_UpgradeSlots VALUES(47,10);
INSERT INTO Ships_UpgradeSlots VALUES(47,8);
INSERT INTO Ships_UpgradeSlots VALUES(47,14);
INSERT INTO Ships_UpgradeSlots VALUES(48,1);
INSERT INTO Ships_UpgradeSlots VALUES(48,2);
INSERT INTO Ships_UpgradeSlots VALUES(48,7);
INSERT INTO Ships_UpgradeSlots VALUES(48,4);
INSERT INTO Ships_UpgradeSlots VALUES(48,8);
INSERT INTO Ships_UpgradeSlots VALUES(48,9);
INSERT INTO Ships_UpgradeSlots VALUES(48,14);
INSERT INTO Ships_UpgradeSlots VALUES(49,2);
INSERT INTO Ships_UpgradeSlots VALUES(49,7);
INSERT INTO Ships_UpgradeSlots VALUES(49,9);
INSERT INTO Ships_UpgradeSlots VALUES(50,1);
INSERT INTO Ships_UpgradeSlots VALUES(50,2);
INSERT INTO Ships_UpgradeSlots VALUES(50,3);
INSERT INTO Ships_UpgradeSlots VALUES(50,4);
INSERT INTO Ships_UpgradeSlots VALUES(50,8);
INSERT INTO Ships_UpgradeSlots VALUES(50,14);
INSERT INTO Ships_UpgradeSlots VALUES(51,1);
INSERT INTO Ships_UpgradeSlots VALUES(51,2);
INSERT INTO Ships_UpgradeSlots VALUES(51,2);
INSERT INTO Ships_UpgradeSlots VALUES(51,6);
INSERT INTO Ships_UpgradeSlots VALUES(51,5);
INSERT INTO Ships_UpgradeSlots VALUES(51,14);
INSERT INTO Ships_UpgradeSlots VALUES(52,1);
INSERT INTO Ships_UpgradeSlots VALUES(52,2);
INSERT INTO Ships_UpgradeSlots VALUES(52,6);
INSERT INTO Ships_UpgradeSlots VALUES(52,4);
INSERT INTO Ships_UpgradeSlots VALUES(52,8);
INSERT INTO Ships_UpgradeSlots VALUES(52,9);
INSERT INTO Ships_UpgradeSlots VALUES(52,14);
INSERT INTO Ships_UpgradeSlots VALUES(53,1);
INSERT INTO Ships_UpgradeSlots VALUES(53,2);
INSERT INTO Ships_UpgradeSlots VALUES(53,6);
INSERT INTO Ships_UpgradeSlots VALUES(53,3);
INSERT INTO Ships_UpgradeSlots VALUES(53,8);
INSERT INTO Ships_UpgradeSlots VALUES(53,9);
INSERT INTO Ships_UpgradeSlots VALUES(53,14);
INSERT INTO Ships_UpgradeSlots VALUES(54,1);
INSERT INTO Ships_UpgradeSlots VALUES(54,2);
INSERT INTO Ships_UpgradeSlots VALUES(54,3);
INSERT INTO Ships_UpgradeSlots VALUES(54,11);
INSERT INTO Ships_UpgradeSlots VALUES(54,4);
INSERT INTO Ships_UpgradeSlots VALUES(54,8);
INSERT INTO Ships_UpgradeSlots VALUES(54,9);
INSERT INTO Ships_UpgradeSlots VALUES(54,10);
INSERT INTO Ships_UpgradeSlots VALUES(54,14);
INSERT INTO Ships_UpgradeSlots VALUES(55,1);
INSERT INTO Ships_UpgradeSlots VALUES(55,2);
INSERT INTO Ships_UpgradeSlots VALUES(55,7);
INSERT INTO Ships_UpgradeSlots VALUES(55,4);
INSERT INTO Ships_UpgradeSlots VALUES(55,8);
INSERT INTO Ships_UpgradeSlots VALUES(55,8);
INSERT INTO Ships_UpgradeSlots VALUES(55,9);
INSERT INTO Ships_UpgradeSlots VALUES(55,10);
INSERT INTO Ships_UpgradeSlots VALUES(55,14);
INSERT INTO Ships_UpgradeSlots VALUES(56,1);
INSERT INTO Ships_UpgradeSlots VALUES(56,2);
INSERT INTO Ships_UpgradeSlots VALUES(56,7);
INSERT INTO Ships_UpgradeSlots VALUES(56,4);
INSERT INTO Ships_UpgradeSlots VALUES(56,8);
INSERT INTO Ships_UpgradeSlots VALUES(56,10);
INSERT INTO Ships_UpgradeSlots VALUES(56,14);
INSERT INTO Ships_UpgradeSlots VALUES(57,1);
INSERT INTO Ships_UpgradeSlots VALUES(57,2);
INSERT INTO Ships_UpgradeSlots VALUES(57,7);
INSERT INTO Ships_UpgradeSlots VALUES(57,4);
INSERT INTO Ships_UpgradeSlots VALUES(57,4);
INSERT INTO Ships_UpgradeSlots VALUES(57,8);
INSERT INTO Ships_UpgradeSlots VALUES(57,14);
INSERT INTO Ships_UpgradeSlots VALUES(58,1);
INSERT INTO Ships_UpgradeSlots VALUES(58,2);
INSERT INTO Ships_UpgradeSlots VALUES(58,7);
INSERT INTO Ships_UpgradeSlots VALUES(58,4);
INSERT INTO Ships_UpgradeSlots VALUES(58,4);
INSERT INTO Ships_UpgradeSlots VALUES(58,8);
INSERT INTO Ships_UpgradeSlots VALUES(58,10);
INSERT INTO Ships_UpgradeSlots VALUES(58,14);
INSERT INTO Ships_UpgradeSlots VALUES(59,1);
INSERT INTO Ships_UpgradeSlots VALUES(59,2);
INSERT INTO Ships_UpgradeSlots VALUES(59,7);
INSERT INTO Ships_UpgradeSlots VALUES(59,3);
INSERT INTO Ships_UpgradeSlots VALUES(59,8);
INSERT INTO Ships_UpgradeSlots VALUES(59,10);
INSERT INTO Ships_UpgradeSlots VALUES(59,14);
INSERT INTO Ships_UpgradeSlots VALUES(60,1);
INSERT INTO Ships_UpgradeSlots VALUES(60,2);
INSERT INTO Ships_UpgradeSlots VALUES(60,6);
INSERT INTO Ships_UpgradeSlots VALUES(60,3);
INSERT INTO Ships_UpgradeSlots VALUES(60,10);
INSERT INTO Ships_UpgradeSlots VALUES(60,14);
INSERT INTO Ships_UpgradeSlots VALUES(61,1);
INSERT INTO Ships_UpgradeSlots VALUES(61,2);
INSERT INTO Ships_UpgradeSlots VALUES(61,6);
INSERT INTO Ships_UpgradeSlots VALUES(61,4);
INSERT INTO Ships_UpgradeSlots VALUES(61,8);
INSERT INTO Ships_UpgradeSlots VALUES(61,14);
INSERT INTO Ships_UpgradeSlots VALUES(62,1);
INSERT INTO Ships_UpgradeSlots VALUES(62,2);
INSERT INTO Ships_UpgradeSlots VALUES(62,6);
INSERT INTO Ships_UpgradeSlots VALUES(62,5);
INSERT INTO Ships_UpgradeSlots VALUES(62,4);
INSERT INTO Ships_UpgradeSlots VALUES(62,14);
INSERT INTO Ships_UpgradeSlots VALUES(63,1);
INSERT INTO Ships_UpgradeSlots VALUES(63,2);
INSERT INTO Ships_UpgradeSlots VALUES(63,6);
INSERT INTO Ships_UpgradeSlots VALUES(63,5);
INSERT INTO Ships_UpgradeSlots VALUES(63,3);
INSERT INTO Ships_UpgradeSlots VALUES(63,14);
INSERT INTO Ships_UpgradeSlots VALUES(64,1);
INSERT INTO Ships_UpgradeSlots VALUES(64,2);
INSERT INTO Ships_UpgradeSlots VALUES(64,7);
INSERT INTO Ships_UpgradeSlots VALUES(64,11);
INSERT INTO Ships_UpgradeSlots VALUES(64,4);
INSERT INTO Ships_UpgradeSlots VALUES(64,8);
INSERT INTO Ships_UpgradeSlots VALUES(64,10);
INSERT INTO Ships_UpgradeSlots VALUES(64,14);
INSERT INTO Ships_UpgradeSlots VALUES(65,1);
INSERT INTO Ships_UpgradeSlots VALUES(65,2);
INSERT INTO Ships_UpgradeSlots VALUES(65,7);
INSERT INTO Ships_UpgradeSlots VALUES(65,3);
INSERT INTO Ships_UpgradeSlots VALUES(65,4);
INSERT INTO Ships_UpgradeSlots VALUES(65,8);
INSERT INTO Ships_UpgradeSlots VALUES(65,10);
INSERT INTO Ships_UpgradeSlots VALUES(65,14);
INSERT INTO Ships_UpgradeSlots VALUES(66,1);
INSERT INTO Ships_UpgradeSlots VALUES(66,2);
INSERT INTO Ships_UpgradeSlots VALUES(66,7);
INSERT INTO Ships_UpgradeSlots VALUES(66,6);
INSERT INTO Ships_UpgradeSlots VALUES(66,4);
INSERT INTO Ships_UpgradeSlots VALUES(66,10);
INSERT INTO Ships_UpgradeSlots VALUES(66,10);
CREATE TABLE Events (
    id INTEGER PRIMARY KEY,
    name TEXT NOT NULL,
    url TEXT NOT NULL,
    date TEXT,
    region TEXT);
INSERT INTO Events VALUES(1,'2025_ARMADA_WORLDS_D1','https://t4.tools/e/2025_ARMADA_WORLDS_D1','2025-02-27',' ');
INSERT INTO Events VALUES(2,'2025_ARMADA_WORLDS_D2','https://t4.tools/e/2025_ARMADA_WORLDS_D2','2025-02-28',' ');
INSERT INTO Events VALUES(3,'2025_ARMADA_WORLDS_D3','https://t4.tools/e/2025_ARMADA_WORLDS_D3','2025-02-29',' ');
CREATE TABLE Fleets (
    id INTEGER PRIMARY KEY,
    player TEXT,
    event_id INTEGER NOT NULL,
    faction_id INTEGER,
    assault_obj TEXT,
    defense_obj TEXT,
    navigation_obj TEXT,
    FOREIGN KEY (event_id) REFERENCES Events (id)
    );
INSERT INTO Fleets VALUES(1,'Andrew Sackett',1,1,NULL,NULL,NULL);
INSERT INTO Fleets VALUES(2,'Daniel Unzeitig',1,1,NULL,NULL,NULL);
INSERT INTO Fleets VALUES(3,'Christopher Fritz',1,3,NULL,NULL,NULL);
INSERT INTO Fleets VALUES(4,'Joshua Fletcher',1,1,NULL,NULL,NULL);
INSERT INTO Fleets VALUES(5,'Patrick Doupe',1,1,NULL,NULL,NULL);
INSERT INTO Fleets VALUES(6,'Jordan Shettell',1,1,NULL,NULL,NULL);
INSERT INTO Fleets VALUES(7,'Damon Jordan',1,3,NULL,NULL,NULL);
INSERT INTO Fleets VALUES(8,'Joseph Morton',1,3,NULL,NULL,NULL);
INSERT INTO Fleets VALUES(9,'Jason Dedrick',1,1,NULL,NULL,NULL);
INSERT INTO Fleets VALUES(10,'Jason Hughley',1,2,NULL,NULL,NULL);
INSERT INTO Fleets VALUES(11,'Samuel Wang',1,2,NULL,NULL,NULL);
INSERT INTO Fleets VALUES(12,'Samuel Simon',1,2,NULL,NULL,NULL);
INSERT INTO Fleets VALUES(13,'Andrew Preyer',1,4,NULL,NULL,NULL);
INSERT INTO Fleets VALUES(14,'Mackenzie Dalla Lana',1,2,NULL,NULL,NULL);
INSERT INTO Fleets VALUES(15,'Kyle Campagna',1,3,NULL,NULL,NULL);
INSERT INTO Fleets VALUES(16,'Ryan Becker',1,1,NULL,NULL,NULL);
INSERT INTO Fleets VALUES(17,'Royce Podeszwa',1,2,NULL,NULL,NULL);
INSERT INTO Fleets VALUES(18,'James McCartney',1,4,NULL,NULL,NULL);
INSERT INTO Fleets VALUES(19,'Dennis Raschke',1,2,NULL,NULL,NULL);
INSERT INTO Fleets VALUES(20,'Michael Cox',1,1,NULL,NULL,NULL);
INSERT INTO Fleets VALUES(21,'Rhys Aghatabay',1,2,NULL,NULL,NULL);
INSERT INTO Fleets VALUES(22,'Andrew Graber',1,2,NULL,NULL,NULL);
INSERT INTO Fleets VALUES(23,'Daniel Allen',1,2,NULL,NULL,NULL);
INSERT INTO Fleets VALUES(24,'Joshua Gorhau',1,1,NULL,NULL,NULL);
INSERT INTO Fleets VALUES(25,'Jacek Klopotowski',1,1,NULL,NULL,NULL);
INSERT INTO Fleets VALUES(26,'Paul Adler',1,2,NULL,NULL,NULL);
INSERT INTO Fleets VALUES(27,'Benjamin Baldwin',1,2,NULL,NULL,NULL);
INSERT INTO Fleets VALUES(28,'Paul Conrad',1,2,NULL,NULL,NULL);
INSERT INTO Fleets VALUES(29,'Paul Heaver',1,3,NULL,NULL,NULL);
INSERT INTO Fleets VALUES(30,'Matthew Moncrief',1,1,NULL,NULL,NULL);
INSERT INTO Fleets VALUES(31,'Adam Newton',1,1,NULL,NULL,NULL);
INSERT INTO Fleets VALUES(32,'Colin Looney',1,2,NULL,NULL,NULL);
INSERT INTO Fleets VALUES(33,'Nicholas Larson',1,4,NULL,NULL,NULL);
INSERT INTO Fleets VALUES(34,'Justin Schoonmaker',1,3,NULL,NULL,NULL);
INSERT INTO Fleets VALUES(35,'Scott Bellamy',1,1,NULL,NULL,NULL);
INSERT INTO Fleets VALUES(36,'Aron Huckaba',1,1,NULL,NULL,NULL);
INSERT INTO Fleets VALUES(37,'Greg Fyfe',1,3,NULL,NULL,NULL);
INSERT INTO Fleets VALUES(38,'Kyle Holt',1,2,NULL,NULL,NULL);
INSERT INTO Fleets VALUES(39,'Kevin Leintz',1,4,NULL,NULL,NULL);
INSERT INTO Fleets VALUES(40,'Matthew Ansley',1,2,NULL,NULL,NULL);
INSERT INTO Fleets VALUES(41,'Robert Coldwell',1,3,NULL,NULL,NULL);
INSERT INTO Fleets VALUES(42,'Jerzy Frczek',1,2,NULL,NULL,NULL);
INSERT INTO Fleets VALUES(43,'Andrew Armbruster',1,1,NULL,NULL,NULL);
INSERT INTO Fleets VALUES(44,'Robin Sather',1,1,NULL,NULL,NULL);
INSERT INTO Fleets VALUES(45,'Paul Tomashevskyi',1,2,NULL,NULL,NULL);
INSERT INTO Fleets VALUES(46,'Eric Burtch',1,2,NULL,NULL,NULL);
INSERT INTO Fleets VALUES(47,'Sean Newman',1,1,NULL,NULL,NULL);
INSERT INTO Fleets VALUES(48,'Justin Preyer',1,2,NULL,NULL,NULL);
INSERT INTO Fleets VALUES(49,'Nicholas Brown',1,1,NULL,NULL,NULL);
INSERT INTO Fleets VALUES(50,'Mitchell Fallinger',1,4,NULL,NULL,NULL);
INSERT INTO Fleets VALUES(51,'Matthew Stoebner',1,2,NULL,NULL,NULL);
INSERT INTO Fleets VALUES(52,'Lewis Wright',1,2,NULL,NULL,NULL);
INSERT INTO Fleets VALUES(53,'Joseph Nelligan',1,1,NULL,NULL,NULL);
INSERT INTO Fleets VALUES(54,'David Holmes',1,2,NULL,NULL,NULL);
INSERT INTO Fleets VALUES(55,'Bodhi Lovely',1,1,NULL,NULL,NULL);
INSERT INTO Fleets VALUES(56,'Landon Vomastic',1,2,NULL,NULL,NULL);
INSERT INTO Fleets VALUES(57,'Robert Podeszwa',1,1,NULL,NULL,NULL);
INSERT INTO Fleets VALUES(58,'Eric Connors',1,1,NULL,NULL,NULL);
INSERT INTO Fleets VALUES(59,'Aaron Hudson',1,3,NULL,NULL,NULL);
INSERT INTO Fleets VALUES(60,'Eric Pearson',1,3,NULL,NULL,NULL);
INSERT INTO Fleets VALUES(61,'Nicholas Griffiths',1,2,NULL,NULL,NULL);
INSERT INTO Fleets VALUES(62,'Derek MacKinnon',1,2,NULL,NULL,NULL);
INSERT INTO Fleets VALUES(63,'William Oder',1,3,NULL,NULL,NULL);
INSERT INTO Fleets VALUES(64,'Jacob Thompson',1,1,NULL,NULL,NULL);
INSERT INTO Fleets VALUES(65,'Aidan Broome',1,2,NULL,NULL,NULL);
INSERT INTO Fleets VALUES(66,'Ian Halterman',1,1,NULL,NULL,NULL);
INSERT INTO Fleets VALUES(67,'Christopher McWilliam',1,3,NULL,NULL,NULL);
INSERT INTO Fleets VALUES(68,'Michael Lyssy',1,3,NULL,NULL,NULL);
INSERT INTO Fleets VALUES(69,'Nathan Ray',1,2,NULL,NULL,NULL);
INSERT INTO Fleets VALUES(70,'Andrew Clarke',1,1,NULL,NULL,NULL);
INSERT INTO Fleets VALUES(71,'Ian Franklin',1,2,NULL,NULL,NULL);
INSERT INTO Fleets VALUES(72,'Ryan Kubryn',1,2,NULL,NULL,NULL);
INSERT INTO Fleets VALUES(73,'Hiroki Ogawa',1,3,NULL,NULL,NULL);
INSERT INTO Fleets VALUES(74,'Michael Wright',1,4,NULL,NULL,NULL);
INSERT INTO Fleets VALUES(75,'Patrick Logan',1,4,NULL,NULL,NULL);
INSERT INTO Fleets VALUES(76,'Justin Rasmussen',1,1,NULL,NULL,NULL);
INSERT INTO Fleets VALUES(77,'William Gutierrez Gonzalez',1,3,NULL,NULL,NULL);
INSERT INTO Fleets VALUES(78,'Will Ross',1,3,NULL,NULL,NULL);
INSERT INTO Fleets VALUES(79,'Christopher Ernest',1,1,NULL,NULL,NULL);
INSERT INTO Fleets VALUES(80,'Evan Rice',1,1,NULL,NULL,NULL);
INSERT INTO Fleets VALUES(81,'Ryder Curry',1,1,NULL,NULL,NULL);
INSERT INTO Fleets VALUES(82,'Nicholas Kolker',1,2,NULL,NULL,NULL);
INSERT INTO Fleets VALUES(83,'Steve Cornell',1,3,NULL,NULL,NULL);
INSERT INTO Fleets VALUES(84,'Derek Cummings',1,4,NULL,NULL,NULL);
INSERT INTO Fleets VALUES(85,'Forrest Weigel',1,2,NULL,NULL,NULL);
INSERT INTO Fleets VALUES(86,'Marcus Kubryn',1,2,NULL,NULL,NULL);
INSERT INTO Fleets VALUES(87,'Lucas Woolard',1,1,NULL,NULL,NULL);
INSERT INTO Fleets VALUES(88,'Andy Jackson',1,4,NULL,NULL,NULL);
INSERT INTO Fleets VALUES(89,'Matt Somes',1,1,NULL,NULL,NULL);
INSERT INTO Fleets VALUES(90,'Christian Garcia',1,1,NULL,NULL,NULL);
INSERT INTO Fleets VALUES(91,'Aiden Jablonski',1,2,NULL,NULL,NULL);
INSERT INTO Fleets VALUES(92,'Adam Momsen',1,1,NULL,NULL,NULL);
INSERT INTO Fleets VALUES(93,'Joseph Ziebelman',1,1,NULL,NULL,NULL);
INSERT INTO Fleets VALUES(94,'Aaron Klingbeil',1,1,NULL,NULL,NULL);
INSERT INTO Fleets VALUES(95,'Brooke Kortenbusch',1,2,NULL,NULL,NULL);
INSERT INTO Fleets VALUES(96,'Drew Hunnicutt',1,3,NULL,NULL,NULL);
INSERT INTO Fleets VALUES(97,'Jared Eslick-Coats',1,1,NULL,NULL,NULL);
INSERT INTO Fleets VALUES(98,'Aaron Ray',1,4,NULL,NULL,NULL);
INSERT INTO Fleets VALUES(99,'Justin Campeau',1,4,NULL,NULL,NULL);
INSERT INTO Fleets VALUES(100,'Tyler Szorcsik',1,4,NULL,NULL,NULL);
INSERT INTO Fleets VALUES(101,'Matthew Chambers',1,2,NULL,NULL,NULL);
INSERT INTO Fleets VALUES(102,'Rob Harrison',1,1,NULL,NULL,NULL);
INSERT INTO Fleets VALUES(103,'John Fischer',1,3,NULL,NULL,NULL);
INSERT INTO Fleets VALUES(104,'Batlomiej Przybysz',1,1,NULL,NULL,NULL);
INSERT INTO Fleets VALUES(105,'Christopher Dyson',1,1,NULL,NULL,NULL);
INSERT INTO Fleets VALUES(106,'Charles White',1,3,NULL,NULL,NULL);
INSERT INTO Fleets VALUES(107,'Mariano Banchero',1,2,NULL,NULL,NULL);
INSERT INTO Fleets VALUES(108,'Robert Olmsted',1,2,NULL,NULL,NULL);
INSERT INTO Fleets VALUES(109,'Jakub Charmo',1,2,NULL,NULL,NULL);
INSERT INTO Fleets VALUES(110,'Tim Bailey',1,1,NULL,NULL,NULL);
INSERT INTO Fleets VALUES(111,'Timothy Surburg',1,3,NULL,NULL,NULL);
INSERT INTO Fleets VALUES(112,'Nathanial Beaver',1,3,NULL,NULL,NULL);
INSERT INTO Fleets VALUES(113,'Devon Balas',1,2,NULL,NULL,NULL);
INSERT INTO Fleets VALUES(114,'Josh Phipps',1,1,NULL,NULL,NULL);
INSERT INTO Fleets VALUES(115,'David Huber',1,1,NULL,NULL,NULL);
INSERT INTO Fleets VALUES(116,'Robert Schaefer',1,2,NULL,NULL,NULL);
INSERT INTO Fleets VALUES(117,'Kyle Bowen',1,4,NULL,NULL,NULL);
INSERT INTO Fleets VALUES(118,'Kale Campagna',1,2,NULL,NULL,NULL);
INSERT INTO Fleets VALUES(119,'William Schuman',1,2,NULL,NULL,NULL);
INSERT INTO Fleets VALUES(120,'Owen Evans',1,1,NULL,NULL,NULL);
INSERT INTO Fleets VALUES(121,'John Benedict',1,2,NULL,NULL,NULL);
INSERT INTO Fleets VALUES(122,'Dennis Backofen',1,3,NULL,NULL,NULL);
INSERT INTO Fleets VALUES(123,'Shawn Tweten',1,4,NULL,NULL,NULL);
INSERT INTO Fleets VALUES(124,'Jacob Amos-Landgraf',1,3,NULL,NULL,NULL);
INSERT INTO Fleets VALUES(125,'Eric Kingsley',1,2,NULL,NULL,NULL);
INSERT INTO Fleets VALUES(126,'James Godfrey',1,1,NULL,NULL,NULL);
INSERT INTO Fleets VALUES(127,'William Welch',1,1,NULL,NULL,NULL);
INSERT INTO Fleets VALUES(128,'Christopher Cottrill',1,3,NULL,NULL,NULL);
INSERT INTO Fleets VALUES(129,'Steve Smaha',1,3,NULL,NULL,NULL);
INSERT INTO Fleets VALUES(130,'Tom Kolker',1,4,NULL,NULL,NULL);
INSERT INTO Fleets VALUES(131,'Ryan Neupert',1,2,NULL,NULL,NULL);
INSERT INTO Fleets VALUES(132,'Matt Palo',1,1,NULL,NULL,NULL);
INSERT INTO Fleets VALUES(133,'Ricardo Marmolejo',1,2,NULL,NULL,NULL);
INSERT INTO Fleets VALUES(134,'William Brand',1,2,NULL,NULL,NULL);
INSERT INTO Fleets VALUES(135,'Justin Robbins',1,1,NULL,NULL,NULL);
INSERT INTO Fleets VALUES(136,'Mathew Schlueter',1,4,NULL,NULL,NULL);
INSERT INTO Fleets VALUES(137,'Mitchell Trantham',1,2,NULL,NULL,NULL);
INSERT INTO Fleets VALUES(138,'Adam Klopfenstein',1,2,NULL,NULL,NULL);
INSERT INTO Fleets VALUES(139,'Andrew Koltun',1,3,NULL,NULL,NULL);
INSERT INTO Fleets VALUES(140,'Roy Drum',1,2,NULL,NULL,NULL);
INSERT INTO Fleets VALUES(141,'Daniel Hrobar',1,2,NULL,NULL,NULL);
INSERT INTO Fleets VALUES(142,'Greg Goodwin',1,3,NULL,NULL,NULL);
INSERT INTO Fleets VALUES(143,'Dennis Daniels',1,2,NULL,NULL,NULL);
INSERT INTO Fleets VALUES(144,'Josiah Nelson',1,1,NULL,NULL,NULL);
INSERT INTO Fleets VALUES(145,'Andrew Doty',1,4,NULL,NULL,NULL);
INSERT INTO Fleets VALUES(146,'Atticus Rampson',1,1,NULL,NULL,NULL);
CREATE TABLE Fleets_Ships (
    id INTEGER PRIMARY KEY,
    fleet_id INTEGER NOT NULL,
    ship_id INTEGER NOT NULL,
    FOREIGN KEY (fleet_id) REFERENCES Fleets (id),
    FOREIGN KEY (ship_id) REFERENCES Ships (id)
    );
INSERT INTO Fleets_Ships VALUES(1,1,2);
INSERT INTO Fleets_Ships VALUES(2,1,11);
INSERT INTO Fleets_Ships VALUES(3,1,6);
INSERT INTO Fleets_Ships VALUES(4,1,4);
INSERT INTO Fleets_Ships VALUES(5,2,11);
INSERT INTO Fleets_Ships VALUES(6,2,4);
INSERT INTO Fleets_Ships VALUES(7,2,8);
INSERT INTO Fleets_Ships VALUES(8,3,57);
INSERT INTO Fleets_Ships VALUES(9,3,51);
INSERT INTO Fleets_Ships VALUES(10,3,50);
INSERT INTO Fleets_Ships VALUES(11,4,3);
INSERT INTO Fleets_Ships VALUES(12,4,6);
INSERT INTO Fleets_Ships VALUES(13,4,22);
INSERT INTO Fleets_Ships VALUES(14,5,12);
INSERT INTO Fleets_Ships VALUES(15,5,6);
INSERT INTO Fleets_Ships VALUES(16,5,6);
INSERT INTO Fleets_Ships VALUES(17,5,8);
INSERT INTO Fleets_Ships VALUES(18,5,15);
INSERT INTO Fleets_Ships VALUES(19,6,9);
INSERT INTO Fleets_Ships VALUES(20,6,10);
INSERT INTO Fleets_Ships VALUES(21,6,20);
INSERT INTO Fleets_Ships VALUES(22,6,3);
INSERT INTO Fleets_Ships VALUES(23,6,6);
INSERT INTO Fleets_Ships VALUES(24,7,54);
INSERT INTO Fleets_Ships VALUES(25,7,56);
INSERT INTO Fleets_Ships VALUES(26,7,49);
INSERT INTO Fleets_Ships VALUES(27,7,49);
INSERT INTO Fleets_Ships VALUES(28,8,54);
INSERT INTO Fleets_Ships VALUES(29,8,56);
INSERT INTO Fleets_Ships VALUES(30,8,56);
INSERT INTO Fleets_Ships VALUES(31,9,9);
INSERT INTO Fleets_Ships VALUES(32,9,3);
INSERT INTO Fleets_Ships VALUES(33,9,3);
INSERT INTO Fleets_Ships VALUES(34,9,3);
INSERT INTO Fleets_Ships VALUES(35,9,3);
INSERT INTO Fleets_Ships VALUES(36,9,3);
INSERT INTO Fleets_Ships VALUES(37,9,6);
INSERT INTO Fleets_Ships VALUES(38,10,33);
INSERT INTO Fleets_Ships VALUES(39,10,33);
INSERT INTO Fleets_Ships VALUES(40,10,31);
INSERT INTO Fleets_Ships VALUES(41,10,31);
INSERT INTO Fleets_Ships VALUES(42,11,37);
INSERT INTO Fleets_Ships VALUES(43,11,37);
INSERT INTO Fleets_Ships VALUES(44,11,31);
INSERT INTO Fleets_Ships VALUES(45,12,33);
INSERT INTO Fleets_Ships VALUES(46,12,28);
INSERT INTO Fleets_Ships VALUES(47,12,31);
INSERT INTO Fleets_Ships VALUES(48,13,63);
INSERT INTO Fleets_Ships VALUES(49,13,63);
INSERT INTO Fleets_Ships VALUES(50,13,62);
INSERT INTO Fleets_Ships VALUES(51,13,62);
INSERT INTO Fleets_Ships VALUES(52,14,33);
INSERT INTO Fleets_Ships VALUES(53,14,28);
INSERT INTO Fleets_Ships VALUES(54,15,54);
INSERT INTO Fleets_Ships VALUES(55,15,56);
INSERT INTO Fleets_Ships VALUES(56,15,51);
INSERT INTO Fleets_Ships VALUES(57,16,11);
INSERT INTO Fleets_Ships VALUES(58,16,6);
INSERT INTO Fleets_Ships VALUES(59,16,11);
INSERT INTO Fleets_Ships VALUES(60,16,4);
INSERT INTO Fleets_Ships VALUES(61,17,31);
INSERT INTO Fleets_Ships VALUES(62,17,31);
INSERT INTO Fleets_Ships VALUES(63,17,28);
INSERT INTO Fleets_Ships VALUES(64,17,34);
INSERT INTO Fleets_Ships VALUES(65,18,65);
INSERT INTO Fleets_Ships VALUES(66,18,62);
INSERT INTO Fleets_Ships VALUES(67,18,60);
INSERT INTO Fleets_Ships VALUES(68,19,24);
INSERT INTO Fleets_Ships VALUES(69,19,42);
INSERT INTO Fleets_Ships VALUES(70,19,31);
INSERT INTO Fleets_Ships VALUES(71,19,31);
INSERT INTO Fleets_Ships VALUES(72,19,40);
INSERT INTO Fleets_Ships VALUES(73,20,2);
INSERT INTO Fleets_Ships VALUES(74,20,3);
INSERT INTO Fleets_Ships VALUES(75,20,8);
INSERT INTO Fleets_Ships VALUES(76,20,6);
INSERT INTO Fleets_Ships VALUES(77,21,39);
INSERT INTO Fleets_Ships VALUES(78,21,48);
INSERT INTO Fleets_Ships VALUES(79,21,31);
INSERT INTO Fleets_Ships VALUES(80,21,31);
INSERT INTO Fleets_Ships VALUES(81,22,33);
INSERT INTO Fleets_Ships VALUES(82,22,28);
INSERT INTO Fleets_Ships VALUES(83,22,31);
INSERT INTO Fleets_Ships VALUES(84,23,44);
INSERT INTO Fleets_Ships VALUES(85,23,31);
INSERT INTO Fleets_Ships VALUES(86,23,31);
INSERT INTO Fleets_Ships VALUES(87,24,2);
INSERT INTO Fleets_Ships VALUES(88,24,4);
INSERT INTO Fleets_Ships VALUES(89,24,6);
INSERT INTO Fleets_Ships VALUES(90,24,19);
INSERT INTO Fleets_Ships VALUES(91,25,2);
INSERT INTO Fleets_Ships VALUES(92,25,9);
INSERT INTO Fleets_Ships VALUES(93,25,6);
INSERT INTO Fleets_Ships VALUES(94,25,6);
INSERT INTO Fleets_Ships VALUES(95,26,48);
INSERT INTO Fleets_Ships VALUES(96,26,28);
INSERT INTO Fleets_Ships VALUES(97,26,31);
INSERT INTO Fleets_Ships VALUES(98,26,31);
INSERT INTO Fleets_Ships VALUES(99,27,42);
INSERT INTO Fleets_Ships VALUES(100,27,31);
INSERT INTO Fleets_Ships VALUES(101,27,40);
INSERT INTO Fleets_Ships VALUES(102,27,28);
INSERT INTO Fleets_Ships VALUES(103,27,28);
INSERT INTO Fleets_Ships VALUES(104,28,33);
INSERT INTO Fleets_Ships VALUES(105,28,40);
INSERT INTO Fleets_Ships VALUES(106,28,31);
INSERT INTO Fleets_Ships VALUES(107,29,54);
INSERT INTO Fleets_Ships VALUES(108,29,56);
INSERT INTO Fleets_Ships VALUES(109,29,56);
INSERT INTO Fleets_Ships VALUES(110,29,49);
INSERT INTO Fleets_Ships VALUES(111,30,12);
INSERT INTO Fleets_Ships VALUES(112,30,4);
INSERT INTO Fleets_Ships VALUES(113,30,6);
INSERT INTO Fleets_Ships VALUES(114,30,6);
INSERT INTO Fleets_Ships VALUES(115,31,2);
INSERT INTO Fleets_Ships VALUES(116,31,3);
INSERT INTO Fleets_Ships VALUES(117,31,6);
INSERT INTO Fleets_Ships VALUES(118,31,6);
INSERT INTO Fleets_Ships VALUES(119,32,35);
INSERT INTO Fleets_Ships VALUES(120,32,40);
INSERT INTO Fleets_Ships VALUES(121,32,31);
INSERT INTO Fleets_Ships VALUES(122,33,65);
INSERT INTO Fleets_Ships VALUES(123,33,60);
INSERT INTO Fleets_Ships VALUES(124,33,60);
INSERT INTO Fleets_Ships VALUES(125,34,57);
INSERT INTO Fleets_Ships VALUES(126,34,57);
INSERT INTO Fleets_Ships VALUES(127,35,15);
INSERT INTO Fleets_Ships VALUES(128,35,15);
INSERT INTO Fleets_Ships VALUES(129,35,6);
INSERT INTO Fleets_Ships VALUES(130,35,6);
INSERT INTO Fleets_Ships VALUES(131,36,21);
INSERT INTO Fleets_Ships VALUES(132,36,3);
INSERT INTO Fleets_Ships VALUES(133,36,3);
INSERT INTO Fleets_Ships VALUES(134,36,3);
INSERT INTO Fleets_Ships VALUES(135,36,6);
INSERT INTO Fleets_Ships VALUES(136,36,6);
INSERT INTO Fleets_Ships VALUES(137,37,55);
INSERT INTO Fleets_Ships VALUES(138,37,56);
INSERT INTO Fleets_Ships VALUES(139,37,49);
INSERT INTO Fleets_Ships VALUES(140,38,37);
INSERT INTO Fleets_Ships VALUES(141,38,48);
INSERT INTO Fleets_Ships VALUES(142,38,48);
INSERT INTO Fleets_Ships VALUES(143,39,59);
INSERT INTO Fleets_Ships VALUES(144,39,60);
INSERT INTO Fleets_Ships VALUES(145,39,65);
INSERT INTO Fleets_Ships VALUES(146,40,33);
INSERT INTO Fleets_Ships VALUES(147,40,25);
INSERT INTO Fleets_Ships VALUES(148,40,31);
INSERT INTO Fleets_Ships VALUES(149,41,54);
INSERT INTO Fleets_Ships VALUES(150,41,51);
INSERT INTO Fleets_Ships VALUES(151,41,49);
INSERT INTO Fleets_Ships VALUES(152,42,33);
INSERT INTO Fleets_Ships VALUES(153,42,29);
INSERT INTO Fleets_Ships VALUES(154,42,31);
INSERT INTO Fleets_Ships VALUES(155,42,31);
INSERT INTO Fleets_Ships VALUES(156,43,14);
INSERT INTO Fleets_Ships VALUES(157,43,3);
INSERT INTO Fleets_Ships VALUES(158,43,6);
INSERT INTO Fleets_Ships VALUES(159,44,6);
INSERT INTO Fleets_Ships VALUES(160,44,9);
INSERT INTO Fleets_Ships VALUES(161,44,21);
INSERT INTO Fleets_Ships VALUES(162,45,33);
INSERT INTO Fleets_Ships VALUES(163,45,43);
INSERT INTO Fleets_Ships VALUES(164,45,48);
INSERT INTO Fleets_Ships VALUES(165,45,31);
INSERT INTO Fleets_Ships VALUES(166,46,33);
INSERT INTO Fleets_Ships VALUES(167,46,28);
INSERT INTO Fleets_Ships VALUES(168,46,31);
INSERT INTO Fleets_Ships VALUES(169,47,22);
INSERT INTO Fleets_Ships VALUES(170,47,6);
INSERT INTO Fleets_Ships VALUES(171,47,17);
INSERT INTO Fleets_Ships VALUES(172,48,33);
INSERT INTO Fleets_Ships VALUES(173,48,33);
INSERT INTO Fleets_Ships VALUES(174,48,31);
INSERT INTO Fleets_Ships VALUES(175,48,31);
INSERT INTO Fleets_Ships VALUES(176,49,15);
INSERT INTO Fleets_Ships VALUES(177,49,12);
INSERT INTO Fleets_Ships VALUES(178,49,4);
INSERT INTO Fleets_Ships VALUES(179,49,8);
INSERT INTO Fleets_Ships VALUES(180,50,64);
INSERT INTO Fleets_Ships VALUES(181,50,63);
INSERT INTO Fleets_Ships VALUES(182,50,63);
INSERT INTO Fleets_Ships VALUES(183,50,59);
INSERT INTO Fleets_Ships VALUES(184,51,33);
INSERT INTO Fleets_Ships VALUES(185,51,33);
INSERT INTO Fleets_Ships VALUES(186,51,31);
INSERT INTO Fleets_Ships VALUES(187,51,31);
INSERT INTO Fleets_Ships VALUES(188,52,32);
INSERT INTO Fleets_Ships VALUES(189,52,24);
INSERT INTO Fleets_Ships VALUES(190,52,31);
INSERT INTO Fleets_Ships VALUES(191,53,12);
INSERT INTO Fleets_Ships VALUES(192,53,8);
INSERT INTO Fleets_Ships VALUES(193,53,10);
INSERT INTO Fleets_Ships VALUES(194,53,6);
INSERT INTO Fleets_Ships VALUES(195,53,6);
INSERT INTO Fleets_Ships VALUES(196,54,33);
INSERT INTO Fleets_Ships VALUES(197,54,29);
INSERT INTO Fleets_Ships VALUES(198,54,30);
INSERT INTO Fleets_Ships VALUES(199,55,9);
INSERT INTO Fleets_Ships VALUES(200,55,9);
INSERT INTO Fleets_Ships VALUES(201,55,3);
INSERT INTO Fleets_Ships VALUES(202,55,6);
INSERT INTO Fleets_Ships VALUES(203,56,34);
INSERT INTO Fleets_Ships VALUES(204,56,25);
INSERT INTO Fleets_Ships VALUES(205,56,25);
INSERT INTO Fleets_Ships VALUES(206,56,31);
INSERT INTO Fleets_Ships VALUES(207,57,21);
INSERT INTO Fleets_Ships VALUES(208,57,3);
INSERT INTO Fleets_Ships VALUES(209,57,3);
INSERT INTO Fleets_Ships VALUES(210,57,6);
INSERT INTO Fleets_Ships VALUES(211,58,22);
INSERT INTO Fleets_Ships VALUES(212,58,6);
INSERT INTO Fleets_Ships VALUES(213,58,6);
INSERT INTO Fleets_Ships VALUES(214,59,56);
INSERT INTO Fleets_Ships VALUES(215,59,50);
INSERT INTO Fleets_Ships VALUES(216,59,50);
INSERT INTO Fleets_Ships VALUES(217,59,51);
INSERT INTO Fleets_Ships VALUES(218,59,51);
INSERT INTO Fleets_Ships VALUES(219,60,53);
INSERT INTO Fleets_Ships VALUES(220,60,53);
INSERT INTO Fleets_Ships VALUES(221,60,55);
INSERT INTO Fleets_Ships VALUES(222,61,33);
INSERT INTO Fleets_Ships VALUES(223,61,33);
INSERT INTO Fleets_Ships VALUES(224,62,33);
INSERT INTO Fleets_Ships VALUES(225,62,40);
INSERT INTO Fleets_Ships VALUES(226,62,31);
INSERT INTO Fleets_Ships VALUES(227,63,56);
INSERT INTO Fleets_Ships VALUES(228,63,52);
INSERT INTO Fleets_Ships VALUES(229,63,50);
INSERT INTO Fleets_Ships VALUES(230,63,49);
INSERT INTO Fleets_Ships VALUES(231,63,49);
INSERT INTO Fleets_Ships VALUES(232,64,3);
INSERT INTO Fleets_Ships VALUES(233,64,6);
INSERT INTO Fleets_Ships VALUES(234,64,6);
INSERT INTO Fleets_Ships VALUES(235,64,11);
INSERT INTO Fleets_Ships VALUES(236,65,37);
INSERT INTO Fleets_Ships VALUES(237,65,31);
INSERT INTO Fleets_Ships VALUES(238,65,39);
INSERT INTO Fleets_Ships VALUES(239,66,21);
INSERT INTO Fleets_Ships VALUES(240,66,3);
INSERT INTO Fleets_Ships VALUES(241,66,3);
INSERT INTO Fleets_Ships VALUES(242,66,6);
INSERT INTO Fleets_Ships VALUES(243,67,51);
INSERT INTO Fleets_Ships VALUES(244,67,53);
INSERT INTO Fleets_Ships VALUES(245,67,53);
INSERT INTO Fleets_Ships VALUES(246,67,56);
INSERT INTO Fleets_Ships VALUES(247,68,55);
INSERT INTO Fleets_Ships VALUES(248,68,53);
INSERT INTO Fleets_Ships VALUES(249,68,49);
INSERT INTO Fleets_Ships VALUES(250,69,28);
INSERT INTO Fleets_Ships VALUES(251,69,40);
INSERT INTO Fleets_Ships VALUES(252,69,42);
INSERT INTO Fleets_Ships VALUES(253,69,31);
INSERT INTO Fleets_Ships VALUES(254,69,31);
INSERT INTO Fleets_Ships VALUES(255,70,22);
INSERT INTO Fleets_Ships VALUES(256,70,17);
INSERT INTO Fleets_Ships VALUES(257,70,6);
INSERT INTO Fleets_Ships VALUES(258,71,45);
INSERT INTO Fleets_Ships VALUES(259,72,33);
INSERT INTO Fleets_Ships VALUES(260,72,33);
INSERT INTO Fleets_Ships VALUES(261,72,30);
INSERT INTO Fleets_Ships VALUES(262,72,31);
INSERT INTO Fleets_Ships VALUES(263,73,56);
INSERT INTO Fleets_Ships VALUES(264,73,55);
INSERT INTO Fleets_Ships VALUES(265,73,49);
INSERT INTO Fleets_Ships VALUES(266,74,65);
INSERT INTO Fleets_Ships VALUES(267,74,63);
INSERT INTO Fleets_Ships VALUES(268,74,63);
INSERT INTO Fleets_Ships VALUES(269,75,65);
INSERT INTO Fleets_Ships VALUES(270,75,59);
INSERT INTO Fleets_Ships VALUES(271,75,63);
INSERT INTO Fleets_Ships VALUES(272,75,63);
INSERT INTO Fleets_Ships VALUES(273,76,4);
INSERT INTO Fleets_Ships VALUES(274,76,6);
INSERT INTO Fleets_Ships VALUES(275,76,10);
INSERT INTO Fleets_Ships VALUES(276,76,10);
INSERT INTO Fleets_Ships VALUES(277,76,3);
INSERT INTO Fleets_Ships VALUES(278,77,54);
INSERT INTO Fleets_Ships VALUES(279,77,56);
INSERT INTO Fleets_Ships VALUES(280,77,51);
INSERT INTO Fleets_Ships VALUES(281,78,54);
INSERT INTO Fleets_Ships VALUES(282,78,51);
INSERT INTO Fleets_Ships VALUES(283,78,49);
INSERT INTO Fleets_Ships VALUES(284,78,49);
INSERT INTO Fleets_Ships VALUES(285,79,6);
INSERT INTO Fleets_Ships VALUES(286,79,6);
INSERT INTO Fleets_Ships VALUES(287,79,10);
INSERT INTO Fleets_Ships VALUES(288,79,10);
INSERT INTO Fleets_Ships VALUES(289,80,16);
INSERT INTO Fleets_Ships VALUES(290,80,10);
INSERT INTO Fleets_Ships VALUES(291,80,4);
INSERT INTO Fleets_Ships VALUES(292,80,6);
INSERT INTO Fleets_Ships VALUES(293,80,6);
INSERT INTO Fleets_Ships VALUES(294,81,2);
INSERT INTO Fleets_Ships VALUES(295,81,9);
INSERT INTO Fleets_Ships VALUES(296,81,3);
INSERT INTO Fleets_Ships VALUES(297,81,6);
INSERT INTO Fleets_Ships VALUES(298,82,35);
INSERT INTO Fleets_Ships VALUES(299,82,28);
INSERT INTO Fleets_Ships VALUES(300,82,43);
INSERT INTO Fleets_Ships VALUES(301,82,43);
INSERT INTO Fleets_Ships VALUES(302,82,31);
INSERT INTO Fleets_Ships VALUES(303,83,54);
INSERT INTO Fleets_Ships VALUES(304,83,56);
INSERT INTO Fleets_Ships VALUES(305,83,51);
INSERT INTO Fleets_Ships VALUES(306,83,49);
INSERT INTO Fleets_Ships VALUES(307,84,66);
INSERT INTO Fleets_Ships VALUES(308,84,66);
INSERT INTO Fleets_Ships VALUES(309,84,66);
INSERT INTO Fleets_Ships VALUES(310,84,60);
INSERT INTO Fleets_Ships VALUES(311,85,33);
INSERT INTO Fleets_Ships VALUES(312,85,31);
INSERT INTO Fleets_Ships VALUES(313,85,48);
INSERT INTO Fleets_Ships VALUES(314,86,33);
INSERT INTO Fleets_Ships VALUES(315,86,35);
INSERT INTO Fleets_Ships VALUES(316,86,28);
INSERT INTO Fleets_Ships VALUES(317,87,6);
INSERT INTO Fleets_Ships VALUES(318,87,6);
INSERT INTO Fleets_Ships VALUES(319,87,3);
INSERT INTO Fleets_Ships VALUES(320,87,12);
INSERT INTO Fleets_Ships VALUES(321,88,65);
INSERT INTO Fleets_Ships VALUES(322,88,62);
INSERT INTO Fleets_Ships VALUES(323,88,63);
INSERT INTO Fleets_Ships VALUES(324,89,3);
INSERT INTO Fleets_Ships VALUES(325,89,8);
INSERT INTO Fleets_Ships VALUES(326,89,12);
INSERT INTO Fleets_Ships VALUES(327,89,6);
INSERT INTO Fleets_Ships VALUES(328,90,21);
INSERT INTO Fleets_Ships VALUES(329,90,19);
INSERT INTO Fleets_Ships VALUES(330,90,6);
INSERT INTO Fleets_Ships VALUES(331,91,33);
INSERT INTO Fleets_Ships VALUES(332,91,32);
INSERT INTO Fleets_Ships VALUES(333,91,31);
INSERT INTO Fleets_Ships VALUES(334,92,2);
INSERT INTO Fleets_Ships VALUES(335,92,9);
INSERT INTO Fleets_Ships VALUES(336,92,3);
INSERT INTO Fleets_Ships VALUES(337,92,6);
INSERT INTO Fleets_Ships VALUES(338,93,9);
INSERT INTO Fleets_Ships VALUES(339,93,9);
INSERT INTO Fleets_Ships VALUES(340,93,18);
INSERT INTO Fleets_Ships VALUES(341,93,6);
INSERT INTO Fleets_Ships VALUES(342,94,17);
INSERT INTO Fleets_Ships VALUES(343,94,7);
INSERT INTO Fleets_Ships VALUES(344,94,7);
INSERT INTO Fleets_Ships VALUES(345,94,7);
INSERT INTO Fleets_Ships VALUES(346,94,7);
INSERT INTO Fleets_Ships VALUES(347,95,38);
INSERT INTO Fleets_Ships VALUES(348,95,37);
INSERT INTO Fleets_Ships VALUES(349,95,31);
INSERT INTO Fleets_Ships VALUES(350,96,54);
INSERT INTO Fleets_Ships VALUES(351,96,50);
INSERT INTO Fleets_Ships VALUES(352,96,50);
INSERT INTO Fleets_Ships VALUES(353,96,49);
INSERT INTO Fleets_Ships VALUES(354,96,49);
INSERT INTO Fleets_Ships VALUES(355,97,10);
INSERT INTO Fleets_Ships VALUES(356,97,10);
INSERT INTO Fleets_Ships VALUES(357,97,3);
INSERT INTO Fleets_Ships VALUES(358,97,6);
INSERT INTO Fleets_Ships VALUES(359,98,64);
INSERT INTO Fleets_Ships VALUES(360,98,63);
INSERT INTO Fleets_Ships VALUES(361,98,65);
INSERT INTO Fleets_Ships VALUES(362,99,60);
INSERT INTO Fleets_Ships VALUES(363,99,60);
INSERT INTO Fleets_Ships VALUES(364,99,60);
INSERT INTO Fleets_Ships VALUES(365,99,60);
INSERT INTO Fleets_Ships VALUES(366,99,60);
INSERT INTO Fleets_Ships VALUES(367,99,60);
INSERT INTO Fleets_Ships VALUES(368,99,60);
INSERT INTO Fleets_Ships VALUES(369,99,58);
INSERT INTO Fleets_Ships VALUES(370,100,65);
INSERT INTO Fleets_Ships VALUES(371,100,58);
INSERT INTO Fleets_Ships VALUES(372,100,60);
INSERT INTO Fleets_Ships VALUES(373,101,31);
INSERT INTO Fleets_Ships VALUES(374,101,29);
INSERT INTO Fleets_Ships VALUES(375,101,33);
INSERT INTO Fleets_Ships VALUES(376,102,2);
INSERT INTO Fleets_Ships VALUES(377,102,9);
INSERT INTO Fleets_Ships VALUES(378,102,9);
INSERT INTO Fleets_Ships VALUES(379,102,6);
INSERT INTO Fleets_Ships VALUES(380,102,6);
INSERT INTO Fleets_Ships VALUES(381,103,54);
INSERT INTO Fleets_Ships VALUES(382,103,56);
INSERT INTO Fleets_Ships VALUES(383,103,50);
INSERT INTO Fleets_Ships VALUES(384,103,49);
INSERT INTO Fleets_Ships VALUES(385,104,10);
INSERT INTO Fleets_Ships VALUES(386,104,3);
INSERT INTO Fleets_Ships VALUES(387,104,3);
INSERT INTO Fleets_Ships VALUES(388,104,3);
INSERT INTO Fleets_Ships VALUES(389,105,11);
INSERT INTO Fleets_Ships VALUES(390,105,4);
INSERT INTO Fleets_Ships VALUES(391,105,6);
INSERT INTO Fleets_Ships VALUES(392,105,6);
INSERT INTO Fleets_Ships VALUES(393,106,50);
INSERT INTO Fleets_Ships VALUES(394,106,54);
INSERT INTO Fleets_Ships VALUES(395,106,56);
INSERT INTO Fleets_Ships VALUES(396,107,33);
INSERT INTO Fleets_Ships VALUES(397,107,37);
INSERT INTO Fleets_Ships VALUES(398,107,31);
INSERT INTO Fleets_Ships VALUES(399,108,32);
INSERT INTO Fleets_Ships VALUES(400,108,42);
INSERT INTO Fleets_Ships VALUES(401,108,31);
INSERT INTO Fleets_Ships VALUES(402,108,31);
INSERT INTO Fleets_Ships VALUES(403,109,33);
INSERT INTO Fleets_Ships VALUES(404,109,28);
INSERT INTO Fleets_Ships VALUES(405,109,42);
INSERT INTO Fleets_Ships VALUES(406,109,31);
INSERT INTO Fleets_Ships VALUES(407,109,31);
INSERT INTO Fleets_Ships VALUES(408,110,17);
INSERT INTO Fleets_Ships VALUES(409,110,20);
INSERT INTO Fleets_Ships VALUES(410,110,20);
INSERT INTO Fleets_Ships VALUES(411,110,20);
INSERT INTO Fleets_Ships VALUES(412,110,20);
INSERT INTO Fleets_Ships VALUES(413,111,53);
INSERT INTO Fleets_Ships VALUES(414,111,52);
INSERT INTO Fleets_Ships VALUES(415,111,56);
INSERT INTO Fleets_Ships VALUES(416,111,49);
INSERT INTO Fleets_Ships VALUES(417,112,54);
INSERT INTO Fleets_Ships VALUES(418,112,51);
INSERT INTO Fleets_Ships VALUES(419,112,49);
INSERT INTO Fleets_Ships VALUES(420,113,42);
INSERT INTO Fleets_Ships VALUES(421,113,42);
INSERT INTO Fleets_Ships VALUES(422,113,42);
INSERT INTO Fleets_Ships VALUES(423,113,31);
INSERT INTO Fleets_Ships VALUES(424,113,31);
INSERT INTO Fleets_Ships VALUES(425,114,11);
INSERT INTO Fleets_Ships VALUES(426,114,3);
INSERT INTO Fleets_Ships VALUES(427,114,3);
INSERT INTO Fleets_Ships VALUES(428,114,8);
INSERT INTO Fleets_Ships VALUES(429,115,16);
INSERT INTO Fleets_Ships VALUES(430,115,6);
INSERT INTO Fleets_Ships VALUES(431,115,10);
INSERT INTO Fleets_Ships VALUES(432,115,3);
INSERT INTO Fleets_Ships VALUES(433,116,33);
INSERT INTO Fleets_Ships VALUES(434,116,40);
INSERT INTO Fleets_Ships VALUES(435,116,31);
INSERT INTO Fleets_Ships VALUES(436,117,65);
INSERT INTO Fleets_Ships VALUES(437,117,62);
INSERT INTO Fleets_Ships VALUES(438,117,60);
INSERT INTO Fleets_Ships VALUES(439,118,34);
INSERT INTO Fleets_Ships VALUES(440,118,25);
INSERT INTO Fleets_Ships VALUES(441,118,25);
INSERT INTO Fleets_Ships VALUES(442,118,28);
INSERT INTO Fleets_Ships VALUES(443,119,33);
INSERT INTO Fleets_Ships VALUES(444,119,38);
INSERT INTO Fleets_Ships VALUES(445,119,31);
INSERT INTO Fleets_Ships VALUES(446,120,14);
INSERT INTO Fleets_Ships VALUES(447,120,14);
INSERT INTO Fleets_Ships VALUES(448,120,8);
INSERT INTO Fleets_Ships VALUES(449,120,6);
INSERT INTO Fleets_Ships VALUES(450,120,6);
INSERT INTO Fleets_Ships VALUES(451,121,34);
INSERT INTO Fleets_Ships VALUES(452,121,25);
INSERT INTO Fleets_Ships VALUES(453,121,31);
INSERT INTO Fleets_Ships VALUES(454,122,54);
INSERT INTO Fleets_Ships VALUES(455,122,56);
INSERT INTO Fleets_Ships VALUES(456,122,50);
INSERT INTO Fleets_Ships VALUES(457,122,50);
INSERT INTO Fleets_Ships VALUES(458,123,59);
INSERT INTO Fleets_Ships VALUES(459,123,60);
INSERT INTO Fleets_Ships VALUES(460,123,65);
INSERT INTO Fleets_Ships VALUES(461,124,51);
INSERT INTO Fleets_Ships VALUES(462,124,55);
INSERT INTO Fleets_Ships VALUES(463,124,56);
INSERT INTO Fleets_Ships VALUES(464,125,34);
INSERT INTO Fleets_Ships VALUES(465,125,24);
INSERT INTO Fleets_Ships VALUES(466,125,24);
INSERT INTO Fleets_Ships VALUES(467,125,31);
INSERT INTO Fleets_Ships VALUES(468,126,16);
INSERT INTO Fleets_Ships VALUES(469,126,6);
INSERT INTO Fleets_Ships VALUES(470,126,6);
INSERT INTO Fleets_Ships VALUES(471,126,4);
INSERT INTO Fleets_Ships VALUES(472,126,4);
INSERT INTO Fleets_Ships VALUES(473,126,4);
INSERT INTO Fleets_Ships VALUES(474,127,21);
INSERT INTO Fleets_Ships VALUES(475,127,18);
INSERT INTO Fleets_Ships VALUES(476,127,3);
INSERT INTO Fleets_Ships VALUES(477,127,6);
INSERT INTO Fleets_Ships VALUES(478,128,56);
INSERT INTO Fleets_Ships VALUES(479,128,50);
INSERT INTO Fleets_Ships VALUES(480,128,50);
INSERT INTO Fleets_Ships VALUES(481,128,49);
INSERT INTO Fleets_Ships VALUES(482,128,49);
INSERT INTO Fleets_Ships VALUES(483,129,54);
INSERT INTO Fleets_Ships VALUES(484,129,51);
INSERT INTO Fleets_Ships VALUES(485,129,49);
INSERT INTO Fleets_Ships VALUES(486,129,49);
INSERT INTO Fleets_Ships VALUES(487,130,63);
INSERT INTO Fleets_Ships VALUES(488,130,63);
INSERT INTO Fleets_Ships VALUES(489,130,65);
INSERT INTO Fleets_Ships VALUES(490,130,65);
INSERT INTO Fleets_Ships VALUES(491,131,33);
INSERT INTO Fleets_Ships VALUES(492,131,25);
INSERT INTO Fleets_Ships VALUES(493,131,25);
INSERT INTO Fleets_Ships VALUES(494,131,31);
INSERT INTO Fleets_Ships VALUES(495,132,13);
INSERT INTO Fleets_Ships VALUES(496,132,12);
INSERT INTO Fleets_Ships VALUES(497,132,8);
INSERT INTO Fleets_Ships VALUES(498,132,6);
INSERT INTO Fleets_Ships VALUES(499,133,34);
INSERT INTO Fleets_Ships VALUES(500,133,47);
INSERT INTO Fleets_Ships VALUES(501,133,40);
INSERT INTO Fleets_Ships VALUES(502,134,44);
INSERT INTO Fleets_Ships VALUES(503,134,31);
INSERT INTO Fleets_Ships VALUES(504,134,31);
INSERT INTO Fleets_Ships VALUES(505,135,13);
INSERT INTO Fleets_Ships VALUES(506,135,16);
INSERT INTO Fleets_Ships VALUES(507,135,5);
INSERT INTO Fleets_Ships VALUES(508,135,5);
INSERT INTO Fleets_Ships VALUES(509,136,59);
INSERT INTO Fleets_Ships VALUES(510,136,60);
INSERT INTO Fleets_Ships VALUES(511,136,65);
INSERT INTO Fleets_Ships VALUES(512,137,40);
INSERT INTO Fleets_Ships VALUES(513,137,48);
INSERT INTO Fleets_Ships VALUES(514,137,48);
INSERT INTO Fleets_Ships VALUES(515,137,31);
INSERT INTO Fleets_Ships VALUES(516,138,34);
INSERT INTO Fleets_Ships VALUES(517,138,28);
INSERT INTO Fleets_Ships VALUES(518,138,47);
INSERT INTO Fleets_Ships VALUES(519,139,50);
INSERT INTO Fleets_Ships VALUES(520,139,50);
INSERT INTO Fleets_Ships VALUES(521,139,51);
INSERT INTO Fleets_Ships VALUES(522,139,56);
INSERT INTO Fleets_Ships VALUES(523,139,56);
INSERT INTO Fleets_Ships VALUES(524,140,34);
INSERT INTO Fleets_Ships VALUES(525,140,43);
INSERT INTO Fleets_Ships VALUES(526,140,43);
INSERT INTO Fleets_Ships VALUES(527,140,31);
INSERT INTO Fleets_Ships VALUES(528,141,33);
INSERT INTO Fleets_Ships VALUES(529,141,42);
INSERT INTO Fleets_Ships VALUES(530,141,42);
INSERT INTO Fleets_Ships VALUES(531,141,31);
INSERT INTO Fleets_Ships VALUES(532,142,56);
INSERT INTO Fleets_Ships VALUES(533,142,50);
INSERT INTO Fleets_Ships VALUES(534,142,50);
INSERT INTO Fleets_Ships VALUES(535,142,49);
INSERT INTO Fleets_Ships VALUES(536,143,34);
INSERT INTO Fleets_Ships VALUES(537,143,34);
INSERT INTO Fleets_Ships VALUES(538,143,31);
INSERT INTO Fleets_Ships VALUES(539,143,47);
INSERT INTO Fleets_Ships VALUES(540,144,13);
INSERT INTO Fleets_Ships VALUES(541,144,2);
INSERT INTO Fleets_Ships VALUES(542,144,6);
INSERT INTO Fleets_Ships VALUES(543,145,58);
INSERT INTO Fleets_Ships VALUES(544,145,65);
INSERT INTO Fleets_Ships VALUES(545,145,60);
INSERT INTO Fleets_Ships VALUES(546,146,3);
INSERT INTO Fleets_Ships VALUES(547,146,10);
INSERT INTO Fleets_Ships VALUES(548,146,12);
CREATE TABLE Fleets_Squadrons (
    fleet_id INTEGER NOT NULL,
    squadron_id INTEGER NOT NULL,
    count INTEGER DEFAULT 1,
    FOREIGN KEY (fleet_id) REFERENCES Fleets (id),
    FOREIGN KEY (squadron_id) REFERENCES Squadrons (id)
    );
INSERT INTO Fleets_Squadrons VALUES(1,14,1);
INSERT INTO Fleets_Squadrons VALUES(1,26,1);
INSERT INTO Fleets_Squadrons VALUES(1,7,1);
INSERT INTO Fleets_Squadrons VALUES(1,38,3);
INSERT INTO Fleets_Squadrons VALUES(2,38,5);
INSERT INTO Fleets_Squadrons VALUES(2,29,2);
INSERT INTO Fleets_Squadrons VALUES(2,23,1);
INSERT INTO Fleets_Squadrons VALUES(2,7,1);
INSERT INTO Fleets_Squadrons VALUES(3,89,1);
INSERT INTO Fleets_Squadrons VALUES(3,83,1);
INSERT INTO Fleets_Squadrons VALUES(3,92,5);
INSERT INTO Fleets_Squadrons VALUES(3,93,5);
INSERT INTO Fleets_Squadrons VALUES(4,24,1);
INSERT INTO Fleets_Squadrons VALUES(4,34,2);
INSERT INTO Fleets_Squadrons VALUES(4,2,1);
INSERT INTO Fleets_Squadrons VALUES(4,38,1);
INSERT INTO Fleets_Squadrons VALUES(4,16,1);
INSERT INTO Fleets_Squadrons VALUES(7,93,7);
INSERT INTO Fleets_Squadrons VALUES(11,47,1);
INSERT INTO Fleets_Squadrons VALUES(11,58,1);
INSERT INTO Fleets_Squadrons VALUES(11,62,1);
INSERT INTO Fleets_Squadrons VALUES(11,64,1);
INSERT INTO Fleets_Squadrons VALUES(11,71,2);
INSERT INTO Fleets_Squadrons VALUES(12,47,1);
INSERT INTO Fleets_Squadrons VALUES(12,45,1);
INSERT INTO Fleets_Squadrons VALUES(12,55,1);
INSERT INTO Fleets_Squadrons VALUES(12,57,1);
INSERT INTO Fleets_Squadrons VALUES(12,60,1);
INSERT INTO Fleets_Squadrons VALUES(12,76,3);
INSERT INTO Fleets_Squadrons VALUES(13,96,1);
INSERT INTO Fleets_Squadrons VALUES(13,94,1);
INSERT INTO Fleets_Squadrons VALUES(13,97,1);
INSERT INTO Fleets_Squadrons VALUES(13,104,4);
INSERT INTO Fleets_Squadrons VALUES(13,105,1);
INSERT INTO Fleets_Squadrons VALUES(14,47,1);
INSERT INTO Fleets_Squadrons VALUES(14,45,1);
INSERT INTO Fleets_Squadrons VALUES(14,55,1);
INSERT INTO Fleets_Squadrons VALUES(14,76,4);
INSERT INTO Fleets_Squadrons VALUES(14,57,1);
INSERT INTO Fleets_Squadrons VALUES(14,74,2);
INSERT INTO Fleets_Squadrons VALUES(15,91,4);
INSERT INTO Fleets_Squadrons VALUES(16,24,1);
INSERT INTO Fleets_Squadrons VALUES(16,26,1);
INSERT INTO Fleets_Squadrons VALUES(17,45,1);
INSERT INTO Fleets_Squadrons VALUES(17,47,1);
INSERT INTO Fleets_Squadrons VALUES(17,60,1);
INSERT INTO Fleets_Squadrons VALUES(17,55,1);
INSERT INTO Fleets_Squadrons VALUES(17,40,1);
INSERT INTO Fleets_Squadrons VALUES(17,62,1);
INSERT INTO Fleets_Squadrons VALUES(18,94,1);
INSERT INTO Fleets_Squadrons VALUES(18,96,1);
INSERT INTO Fleets_Squadrons VALUES(18,97,1);
INSERT INTO Fleets_Squadrons VALUES(18,107,1);
INSERT INTO Fleets_Squadrons VALUES(18,105,5);
INSERT INTO Fleets_Squadrons VALUES(19,60,1);
INSERT INTO Fleets_Squadrons VALUES(19,45,1);
INSERT INTO Fleets_Squadrons VALUES(19,75,1);
INSERT INTO Fleets_Squadrons VALUES(19,47,1);
INSERT INTO Fleets_Squadrons VALUES(19,55,1);
INSERT INTO Fleets_Squadrons VALUES(19,64,1);
INSERT INTO Fleets_Squadrons VALUES(19,73,2);
INSERT INTO Fleets_Squadrons VALUES(20,16,1);
INSERT INTO Fleets_Squadrons VALUES(20,14,1);
INSERT INTO Fleets_Squadrons VALUES(20,27,1);
INSERT INTO Fleets_Squadrons VALUES(20,5,1);
INSERT INTO Fleets_Squadrons VALUES(20,34,1);
INSERT INTO Fleets_Squadrons VALUES(20,23,1);
INSERT INTO Fleets_Squadrons VALUES(20,8,1);
INSERT INTO Fleets_Squadrons VALUES(20,7,1);
INSERT INTO Fleets_Squadrons VALUES(21,43,1);
INSERT INTO Fleets_Squadrons VALUES(21,76,5);
INSERT INTO Fleets_Squadrons VALUES(22,45,1);
INSERT INTO Fleets_Squadrons VALUES(22,47,1);
INSERT INTO Fleets_Squadrons VALUES(22,55,1);
INSERT INTO Fleets_Squadrons VALUES(22,57,1);
INSERT INTO Fleets_Squadrons VALUES(22,77,2);
INSERT INTO Fleets_Squadrons VALUES(22,60,1);
INSERT INTO Fleets_Squadrons VALUES(23,43,1);
INSERT INTO Fleets_Squadrons VALUES(24,2,1);
INSERT INTO Fleets_Squadrons VALUES(24,15,1);
INSERT INTO Fleets_Squadrons VALUES(24,25,1);
INSERT INTO Fleets_Squadrons VALUES(24,29,2);
INSERT INTO Fleets_Squadrons VALUES(24,30,2);
INSERT INTO Fleets_Squadrons VALUES(25,16,1);
INSERT INTO Fleets_Squadrons VALUES(25,12,1);
INSERT INTO Fleets_Squadrons VALUES(25,24,1);
INSERT INTO Fleets_Squadrons VALUES(25,26,1);
INSERT INTO Fleets_Squadrons VALUES(25,38,2);
INSERT INTO Fleets_Squadrons VALUES(25,28,1);
INSERT INTO Fleets_Squadrons VALUES(26,55,1);
INSERT INTO Fleets_Squadrons VALUES(26,43,1);
INSERT INTO Fleets_Squadrons VALUES(26,64,1);
INSERT INTO Fleets_Squadrons VALUES(26,45,1);
INSERT INTO Fleets_Squadrons VALUES(26,77,2);
INSERT INTO Fleets_Squadrons VALUES(26,76,1);
INSERT INTO Fleets_Squadrons VALUES(26,60,1);
INSERT INTO Fleets_Squadrons VALUES(27,55,1);
INSERT INTO Fleets_Squadrons VALUES(27,45,1);
INSERT INTO Fleets_Squadrons VALUES(27,57,1);
INSERT INTO Fleets_Squadrons VALUES(27,64,1);
INSERT INTO Fleets_Squadrons VALUES(27,75,2);
INSERT INTO Fleets_Squadrons VALUES(27,71,1);
INSERT INTO Fleets_Squadrons VALUES(28,55,1);
INSERT INTO Fleets_Squadrons VALUES(28,57,1);
INSERT INTO Fleets_Squadrons VALUES(28,60,1);
INSERT INTO Fleets_Squadrons VALUES(28,77,3);
INSERT INTO Fleets_Squadrons VALUES(28,47,1);
INSERT INTO Fleets_Squadrons VALUES(28,45,1);
INSERT INTO Fleets_Squadrons VALUES(30,16,1);
INSERT INTO Fleets_Squadrons VALUES(30,19,1);
INSERT INTO Fleets_Squadrons VALUES(30,38,4);
INSERT INTO Fleets_Squadrons VALUES(30,23,1);
INSERT INTO Fleets_Squadrons VALUES(30,28,1);
INSERT INTO Fleets_Squadrons VALUES(31,12,1);
INSERT INTO Fleets_Squadrons VALUES(31,16,1);
INSERT INTO Fleets_Squadrons VALUES(31,24,1);
INSERT INTO Fleets_Squadrons VALUES(31,26,1);
INSERT INTO Fleets_Squadrons VALUES(31,28,1);
INSERT INTO Fleets_Squadrons VALUES(31,38,2);
INSERT INTO Fleets_Squadrons VALUES(31,34,1);
INSERT INTO Fleets_Squadrons VALUES(32,47,1);
INSERT INTO Fleets_Squadrons VALUES(32,45,1);
INSERT INTO Fleets_Squadrons VALUES(32,55,1);
INSERT INTO Fleets_Squadrons VALUES(32,57,1);
INSERT INTO Fleets_Squadrons VALUES(32,60,1);
INSERT INTO Fleets_Squadrons VALUES(32,73,2);
INSERT INTO Fleets_Squadrons VALUES(32,40,1);
INSERT INTO Fleets_Squadrons VALUES(33,99,1);
INSERT INTO Fleets_Squadrons VALUES(33,96,1);
INSERT INTO Fleets_Squadrons VALUES(33,97,1);
INSERT INTO Fleets_Squadrons VALUES(33,98,1);
INSERT INTO Fleets_Squadrons VALUES(33,105,5);
INSERT INTO Fleets_Squadrons VALUES(34,83,1);
INSERT INTO Fleets_Squadrons VALUES(34,88,1);
INSERT INTO Fleets_Squadrons VALUES(34,89,1);
INSERT INTO Fleets_Squadrons VALUES(34,87,1);
INSERT INTO Fleets_Squadrons VALUES(34,93,2);
INSERT INTO Fleets_Squadrons VALUES(34,92,4);
INSERT INTO Fleets_Squadrons VALUES(35,37,3);
INSERT INTO Fleets_Squadrons VALUES(36,24,1);
INSERT INTO Fleets_Squadrons VALUES(36,26,1);
INSERT INTO Fleets_Squadrons VALUES(37,87,1);
INSERT INTO Fleets_Squadrons VALUES(37,89,1);
INSERT INTO Fleets_Squadrons VALUES(37,88,1);
INSERT INTO Fleets_Squadrons VALUES(37,84,1);
INSERT INTO Fleets_Squadrons VALUES(37,93,2);
INSERT INTO Fleets_Squadrons VALUES(38,47,1);
INSERT INTO Fleets_Squadrons VALUES(38,61,1);
INSERT INTO Fleets_Squadrons VALUES(38,62,1);
INSERT INTO Fleets_Squadrons VALUES(38,49,1);
INSERT INTO Fleets_Squadrons VALUES(38,74,2);
INSERT INTO Fleets_Squadrons VALUES(39,94,1);
INSERT INTO Fleets_Squadrons VALUES(39,96,1);
INSERT INTO Fleets_Squadrons VALUES(39,97,1);
INSERT INTO Fleets_Squadrons VALUES(39,98,1);
INSERT INTO Fleets_Squadrons VALUES(39,104,2);
INSERT INTO Fleets_Squadrons VALUES(40,45,1);
INSERT INTO Fleets_Squadrons VALUES(40,47,1);
INSERT INTO Fleets_Squadrons VALUES(40,43,1);
INSERT INTO Fleets_Squadrons VALUES(40,55,1);
INSERT INTO Fleets_Squadrons VALUES(40,60,1);
INSERT INTO Fleets_Squadrons VALUES(40,75,2);
INSERT INTO Fleets_Squadrons VALUES(41,93,5);
INSERT INTO Fleets_Squadrons VALUES(41,92,4);
INSERT INTO Fleets_Squadrons VALUES(41,87,1);
INSERT INTO Fleets_Squadrons VALUES(41,84,1);
INSERT INTO Fleets_Squadrons VALUES(42,49,1);
INSERT INTO Fleets_Squadrons VALUES(42,51,1);
INSERT INTO Fleets_Squadrons VALUES(42,57,1);
INSERT INTO Fleets_Squadrons VALUES(42,73,1);
INSERT INTO Fleets_Squadrons VALUES(42,76,1);
INSERT INTO Fleets_Squadrons VALUES(42,74,1);
INSERT INTO Fleets_Squadrons VALUES(43,16,1);
INSERT INTO Fleets_Squadrons VALUES(43,12,1);
INSERT INTO Fleets_Squadrons VALUES(43,26,1);
INSERT INTO Fleets_Squadrons VALUES(43,38,3);
INSERT INTO Fleets_Squadrons VALUES(43,23,1);
INSERT INTO Fleets_Squadrons VALUES(43,7,1);
INSERT INTO Fleets_Squadrons VALUES(44,7,1);
INSERT INTO Fleets_Squadrons VALUES(44,14,1);
INSERT INTO Fleets_Squadrons VALUES(44,10,1);
INSERT INTO Fleets_Squadrons VALUES(44,20,1);
INSERT INTO Fleets_Squadrons VALUES(44,23,1);
INSERT INTO Fleets_Squadrons VALUES(44,24,1);
INSERT INTO Fleets_Squadrons VALUES(46,47,1);
INSERT INTO Fleets_Squadrons VALUES(46,45,1);
INSERT INTO Fleets_Squadrons VALUES(46,55,1);
INSERT INTO Fleets_Squadrons VALUES(46,60,1);
INSERT INTO Fleets_Squadrons VALUES(46,77,2);
INSERT INTO Fleets_Squadrons VALUES(46,69,1);
INSERT INTO Fleets_Squadrons VALUES(47,37,1);
INSERT INTO Fleets_Squadrons VALUES(47,12,1);
INSERT INTO Fleets_Squadrons VALUES(47,26,1);
INSERT INTO Fleets_Squadrons VALUES(47,16,1);
INSERT INTO Fleets_Squadrons VALUES(47,11,1);
INSERT INTO Fleets_Squadrons VALUES(50,98,1);
INSERT INTO Fleets_Squadrons VALUES(50,97,1);
INSERT INTO Fleets_Squadrons VALUES(52,47,1);
INSERT INTO Fleets_Squadrons VALUES(52,45,1);
INSERT INTO Fleets_Squadrons VALUES(52,51,1);
INSERT INTO Fleets_Squadrons VALUES(52,55,1);
INSERT INTO Fleets_Squadrons VALUES(52,75,2);
INSERT INTO Fleets_Squadrons VALUES(53,14,1);
INSERT INTO Fleets_Squadrons VALUES(53,16,1);
INSERT INTO Fleets_Squadrons VALUES(53,26,1);
INSERT INTO Fleets_Squadrons VALUES(53,24,1);
INSERT INTO Fleets_Squadrons VALUES(54,47,1);
INSERT INTO Fleets_Squadrons VALUES(54,51,1);
INSERT INTO Fleets_Squadrons VALUES(54,62,1);
INSERT INTO Fleets_Squadrons VALUES(54,57,1);
INSERT INTO Fleets_Squadrons VALUES(54,40,1);
INSERT INTO Fleets_Squadrons VALUES(54,73,1);
INSERT INTO Fleets_Squadrons VALUES(55,24,1);
INSERT INTO Fleets_Squadrons VALUES(55,26,1);
INSERT INTO Fleets_Squadrons VALUES(55,39,4);
INSERT INTO Fleets_Squadrons VALUES(56,52,1);
INSERT INTO Fleets_Squadrons VALUES(56,57,1);
INSERT INTO Fleets_Squadrons VALUES(56,64,1);
INSERT INTO Fleets_Squadrons VALUES(56,76,1);
INSERT INTO Fleets_Squadrons VALUES(56,77,1);
INSERT INTO Fleets_Squadrons VALUES(57,26,1);
INSERT INTO Fleets_Squadrons VALUES(57,4,1);
INSERT INTO Fleets_Squadrons VALUES(57,14,1);
INSERT INTO Fleets_Squadrons VALUES(57,16,1);
INSERT INTO Fleets_Squadrons VALUES(57,32,1);
INSERT INTO Fleets_Squadrons VALUES(57,38,1);
INSERT INTO Fleets_Squadrons VALUES(57,7,1);
INSERT INTO Fleets_Squadrons VALUES(58,16,1);
INSERT INTO Fleets_Squadrons VALUES(58,7,1);
INSERT INTO Fleets_Squadrons VALUES(58,38,4);
INSERT INTO Fleets_Squadrons VALUES(58,34,2);
INSERT INTO Fleets_Squadrons VALUES(59,93,4);
INSERT INTO Fleets_Squadrons VALUES(60,93,4);
INSERT INTO Fleets_Squadrons VALUES(61,46,1);
INSERT INTO Fleets_Squadrons VALUES(61,55,1);
INSERT INTO Fleets_Squadrons VALUES(61,57,1);
INSERT INTO Fleets_Squadrons VALUES(61,59,1);
INSERT INTO Fleets_Squadrons VALUES(62,47,1);
INSERT INTO Fleets_Squadrons VALUES(62,60,1);
INSERT INTO Fleets_Squadrons VALUES(62,55,1);
INSERT INTO Fleets_Squadrons VALUES(62,57,1);
INSERT INTO Fleets_Squadrons VALUES(62,75,2);
INSERT INTO Fleets_Squadrons VALUES(62,45,1);
INSERT INTO Fleets_Squadrons VALUES(63,87,1);
INSERT INTO Fleets_Squadrons VALUES(63,89,1);
INSERT INTO Fleets_Squadrons VALUES(63,93,2);
INSERT INTO Fleets_Squadrons VALUES(64,24,1);
INSERT INTO Fleets_Squadrons VALUES(64,26,1);
INSERT INTO Fleets_Squadrons VALUES(64,28,2);
INSERT INTO Fleets_Squadrons VALUES(64,4,1);
INSERT INTO Fleets_Squadrons VALUES(64,14,1);
INSERT INTO Fleets_Squadrons VALUES(65,43,1);
INSERT INTO Fleets_Squadrons VALUES(65,47,1);
INSERT INTO Fleets_Squadrons VALUES(65,55,1);
INSERT INTO Fleets_Squadrons VALUES(65,67,1);
INSERT INTO Fleets_Squadrons VALUES(66,14,1);
INSERT INTO Fleets_Squadrons VALUES(66,23,1);
INSERT INTO Fleets_Squadrons VALUES(66,16,1);
INSERT INTO Fleets_Squadrons VALUES(66,32,2);
INSERT INTO Fleets_Squadrons VALUES(66,26,1);
INSERT INTO Fleets_Squadrons VALUES(66,24,1);
INSERT INTO Fleets_Squadrons VALUES(68,87,1);
INSERT INTO Fleets_Squadrons VALUES(68,88,1);
INSERT INTO Fleets_Squadrons VALUES(68,91,3);
INSERT INTO Fleets_Squadrons VALUES(68,93,5);
INSERT INTO Fleets_Squadrons VALUES(69,55,1);
INSERT INTO Fleets_Squadrons VALUES(69,57,1);
INSERT INTO Fleets_Squadrons VALUES(69,66,1);
INSERT INTO Fleets_Squadrons VALUES(69,40,1);
INSERT INTO Fleets_Squadrons VALUES(69,75,2);
INSERT INTO Fleets_Squadrons VALUES(70,26,1);
INSERT INTO Fleets_Squadrons VALUES(70,24,1);
INSERT INTO Fleets_Squadrons VALUES(70,28,1);
INSERT INTO Fleets_Squadrons VALUES(70,34,2);
INSERT INTO Fleets_Squadrons VALUES(70,37,1);
INSERT INTO Fleets_Squadrons VALUES(71,45,1);
INSERT INTO Fleets_Squadrons VALUES(71,47,1);
INSERT INTO Fleets_Squadrons VALUES(71,51,1);
INSERT INTO Fleets_Squadrons VALUES(71,62,1);
INSERT INTO Fleets_Squadrons VALUES(71,69,2);
INSERT INTO Fleets_Squadrons VALUES(73,87,1);
INSERT INTO Fleets_Squadrons VALUES(73,93,6);
INSERT INTO Fleets_Squadrons VALUES(73,84,1);
INSERT INTO Fleets_Squadrons VALUES(74,94,1);
INSERT INTO Fleets_Squadrons VALUES(74,96,1);
INSERT INTO Fleets_Squadrons VALUES(74,103,1);
INSERT INTO Fleets_Squadrons VALUES(74,97,1);
INSERT INTO Fleets_Squadrons VALUES(74,105,4);
INSERT INTO Fleets_Squadrons VALUES(75,96,1);
INSERT INTO Fleets_Squadrons VALUES(75,94,1);
INSERT INTO Fleets_Squadrons VALUES(76,28,3);
INSERT INTO Fleets_Squadrons VALUES(76,26,1);
INSERT INTO Fleets_Squadrons VALUES(77,93,6);
INSERT INTO Fleets_Squadrons VALUES(78,83,1);
INSERT INTO Fleets_Squadrons VALUES(78,93,5);
INSERT INTO Fleets_Squadrons VALUES(78,92,4);
INSERT INTO Fleets_Squadrons VALUES(79,24,1);
INSERT INTO Fleets_Squadrons VALUES(79,26,1);
INSERT INTO Fleets_Squadrons VALUES(79,38,3);
INSERT INTO Fleets_Squadrons VALUES(79,2,1);
INSERT INTO Fleets_Squadrons VALUES(79,16,1);
INSERT INTO Fleets_Squadrons VALUES(80,24,1);
INSERT INTO Fleets_Squadrons VALUES(80,26,1);
INSERT INTO Fleets_Squadrons VALUES(80,28,2);
INSERT INTO Fleets_Squadrons VALUES(81,16,1);
INSERT INTO Fleets_Squadrons VALUES(81,24,1);
INSERT INTO Fleets_Squadrons VALUES(81,26,1);
INSERT INTO Fleets_Squadrons VALUES(81,39,3);
INSERT INTO Fleets_Squadrons VALUES(83,93,4);
INSERT INTO Fleets_Squadrons VALUES(85,40,1);
INSERT INTO Fleets_Squadrons VALUES(85,45,1);
INSERT INTO Fleets_Squadrons VALUES(85,47,1);
INSERT INTO Fleets_Squadrons VALUES(85,51,1);
INSERT INTO Fleets_Squadrons VALUES(85,57,1);
INSERT INTO Fleets_Squadrons VALUES(85,63,1);
INSERT INTO Fleets_Squadrons VALUES(87,38,4);
INSERT INTO Fleets_Squadrons VALUES(87,5,1);
INSERT INTO Fleets_Squadrons VALUES(87,26,1);
INSERT INTO Fleets_Squadrons VALUES(87,16,1);
INSERT INTO Fleets_Squadrons VALUES(87,23,1);
INSERT INTO Fleets_Squadrons VALUES(88,94,1);
INSERT INTO Fleets_Squadrons VALUES(88,96,1);
INSERT INTO Fleets_Squadrons VALUES(88,107,1);
INSERT INTO Fleets_Squadrons VALUES(88,104,2);
INSERT INTO Fleets_Squadrons VALUES(88,105,3);
INSERT INTO Fleets_Squadrons VALUES(89,7,1);
INSERT INTO Fleets_Squadrons VALUES(89,23,1);
INSERT INTO Fleets_Squadrons VALUES(89,26,1);
INSERT INTO Fleets_Squadrons VALUES(89,14,1);
INSERT INTO Fleets_Squadrons VALUES(89,24,1);
INSERT INTO Fleets_Squadrons VALUES(89,21,1);
INSERT INTO Fleets_Squadrons VALUES(90,1,1);
INSERT INTO Fleets_Squadrons VALUES(90,6,1);
INSERT INTO Fleets_Squadrons VALUES(90,7,1);
INSERT INTO Fleets_Squadrons VALUES(90,11,1);
INSERT INTO Fleets_Squadrons VALUES(90,12,1);
INSERT INTO Fleets_Squadrons VALUES(90,35,2);
INSERT INTO Fleets_Squadrons VALUES(90,36,1);
INSERT INTO Fleets_Squadrons VALUES(91,52,1);
INSERT INTO Fleets_Squadrons VALUES(91,57,1);
INSERT INTO Fleets_Squadrons VALUES(91,76,2);
INSERT INTO Fleets_Squadrons VALUES(92,7,1);
INSERT INTO Fleets_Squadrons VALUES(92,14,1);
INSERT INTO Fleets_Squadrons VALUES(92,24,1);
INSERT INTO Fleets_Squadrons VALUES(92,26,1);
INSERT INTO Fleets_Squadrons VALUES(92,39,2);
INSERT INTO Fleets_Squadrons VALUES(93,26,1);
INSERT INTO Fleets_Squadrons VALUES(93,16,1);
INSERT INTO Fleets_Squadrons VALUES(93,38,1);
INSERT INTO Fleets_Squadrons VALUES(93,28,1);
INSERT INTO Fleets_Squadrons VALUES(95,41,1);
INSERT INTO Fleets_Squadrons VALUES(95,42,1);
INSERT INTO Fleets_Squadrons VALUES(95,47,1);
INSERT INTO Fleets_Squadrons VALUES(95,62,1);
INSERT INTO Fleets_Squadrons VALUES(96,93,4);
INSERT INTO Fleets_Squadrons VALUES(97,4,1);
INSERT INTO Fleets_Squadrons VALUES(97,14,1);
INSERT INTO Fleets_Squadrons VALUES(97,26,1);
INSERT INTO Fleets_Squadrons VALUES(97,38,2);
INSERT INTO Fleets_Squadrons VALUES(97,39,1);
INSERT INTO Fleets_Squadrons VALUES(98,96,1);
INSERT INTO Fleets_Squadrons VALUES(98,97,1);
INSERT INTO Fleets_Squadrons VALUES(98,107,2);
INSERT INTO Fleets_Squadrons VALUES(98,103,1);
INSERT INTO Fleets_Squadrons VALUES(100,96,1);
INSERT INTO Fleets_Squadrons VALUES(100,97,1);
INSERT INTO Fleets_Squadrons VALUES(100,101,1);
INSERT INTO Fleets_Squadrons VALUES(100,104,3);
INSERT INTO Fleets_Squadrons VALUES(100,105,2);
INSERT INTO Fleets_Squadrons VALUES(101,45,1);
INSERT INTO Fleets_Squadrons VALUES(101,47,1);
INSERT INTO Fleets_Squadrons VALUES(101,55,1);
INSERT INTO Fleets_Squadrons VALUES(101,62,1);
INSERT INTO Fleets_Squadrons VALUES(101,68,2);
INSERT INTO Fleets_Squadrons VALUES(102,24,1);
INSERT INTO Fleets_Squadrons VALUES(102,26,1);
INSERT INTO Fleets_Squadrons VALUES(102,28,2);
INSERT INTO Fleets_Squadrons VALUES(103,89,1);
INSERT INTO Fleets_Squadrons VALUES(103,93,3);
INSERT INTO Fleets_Squadrons VALUES(104,24,1);
INSERT INTO Fleets_Squadrons VALUES(104,26,1);
INSERT INTO Fleets_Squadrons VALUES(104,38,2);
INSERT INTO Fleets_Squadrons VALUES(104,23,1);
INSERT INTO Fleets_Squadrons VALUES(104,16,1);
INSERT INTO Fleets_Squadrons VALUES(104,20,1);
INSERT INTO Fleets_Squadrons VALUES(105,14,1);
INSERT INTO Fleets_Squadrons VALUES(105,12,1);
INSERT INTO Fleets_Squadrons VALUES(105,27,1);
INSERT INTO Fleets_Squadrons VALUES(105,26,1);
INSERT INTO Fleets_Squadrons VALUES(105,38,2);
INSERT INTO Fleets_Squadrons VALUES(105,37,1);
INSERT INTO Fleets_Squadrons VALUES(105,7,1);
INSERT INTO Fleets_Squadrons VALUES(106,91,3);
INSERT INTO Fleets_Squadrons VALUES(106,93,3);
INSERT INTO Fleets_Squadrons VALUES(107,45,1);
INSERT INTO Fleets_Squadrons VALUES(107,55,1);
INSERT INTO Fleets_Squadrons VALUES(107,64,1);
INSERT INTO Fleets_Squadrons VALUES(107,62,1);
INSERT INTO Fleets_Squadrons VALUES(108,77,5);
INSERT INTO Fleets_Squadrons VALUES(108,74,5);
INSERT INTO Fleets_Squadrons VALUES(108,71,1);
INSERT INTO Fleets_Squadrons VALUES(108,70,1);
INSERT INTO Fleets_Squadrons VALUES(109,76,2);
INSERT INTO Fleets_Squadrons VALUES(110,37,2);
INSERT INTO Fleets_Squadrons VALUES(110,12,1);
INSERT INTO Fleets_Squadrons VALUES(110,28,1);
INSERT INTO Fleets_Squadrons VALUES(111,93,6);
INSERT INTO Fleets_Squadrons VALUES(112,89,1);
INSERT INTO Fleets_Squadrons VALUES(112,83,1);
INSERT INTO Fleets_Squadrons VALUES(112,93,5);
INSERT INTO Fleets_Squadrons VALUES(112,92,5);
INSERT INTO Fleets_Squadrons VALUES(113,42,1);
INSERT INTO Fleets_Squadrons VALUES(113,47,1);
INSERT INTO Fleets_Squadrons VALUES(113,53,1);
INSERT INTO Fleets_Squadrons VALUES(113,62,1);
INSERT INTO Fleets_Squadrons VALUES(113,40,1);
INSERT INTO Fleets_Squadrons VALUES(113,49,1);
INSERT INTO Fleets_Squadrons VALUES(113,60,1);
INSERT INTO Fleets_Squadrons VALUES(113,72,1);
INSERT INTO Fleets_Squadrons VALUES(114,26,1);
INSERT INTO Fleets_Squadrons VALUES(114,24,1);
INSERT INTO Fleets_Squadrons VALUES(114,39,4);
INSERT INTO Fleets_Squadrons VALUES(115,26,1);
INSERT INTO Fleets_Squadrons VALUES(115,28,1);
INSERT INTO Fleets_Squadrons VALUES(115,39,4);
INSERT INTO Fleets_Squadrons VALUES(116,44,1);
INSERT INTO Fleets_Squadrons VALUES(116,45,1);
INSERT INTO Fleets_Squadrons VALUES(116,55,1);
INSERT INTO Fleets_Squadrons VALUES(116,60,1);
INSERT INTO Fleets_Squadrons VALUES(116,64,1);
INSERT INTO Fleets_Squadrons VALUES(116,77,3);
INSERT INTO Fleets_Squadrons VALUES(117,96,1);
INSERT INTO Fleets_Squadrons VALUES(117,94,1);
INSERT INTO Fleets_Squadrons VALUES(117,97,1);
INSERT INTO Fleets_Squadrons VALUES(117,104,3);
INSERT INTO Fleets_Squadrons VALUES(117,105,2);
INSERT INTO Fleets_Squadrons VALUES(118,44,1);
INSERT INTO Fleets_Squadrons VALUES(118,64,1);
INSERT INTO Fleets_Squadrons VALUES(119,43,1);
INSERT INTO Fleets_Squadrons VALUES(119,57,1);
INSERT INTO Fleets_Squadrons VALUES(119,40,1);
INSERT INTO Fleets_Squadrons VALUES(119,76,1);
INSERT INTO Fleets_Squadrons VALUES(121,47,1);
INSERT INTO Fleets_Squadrons VALUES(121,69,6);
INSERT INTO Fleets_Squadrons VALUES(123,94,1);
INSERT INTO Fleets_Squadrons VALUES(123,96,1);
INSERT INTO Fleets_Squadrons VALUES(123,97,1);
INSERT INTO Fleets_Squadrons VALUES(123,98,1);
INSERT INTO Fleets_Squadrons VALUES(123,104,2);
INSERT INTO Fleets_Squadrons VALUES(124,84,1);
INSERT INTO Fleets_Squadrons VALUES(124,85,1);
INSERT INTO Fleets_Squadrons VALUES(124,86,1);
INSERT INTO Fleets_Squadrons VALUES(124,88,1);
INSERT INTO Fleets_Squadrons VALUES(125,44,1);
INSERT INTO Fleets_Squadrons VALUES(125,64,1);
INSERT INTO Fleets_Squadrons VALUES(125,47,1);
INSERT INTO Fleets_Squadrons VALUES(125,49,1);
INSERT INTO Fleets_Squadrons VALUES(126,8,1);
INSERT INTO Fleets_Squadrons VALUES(126,24,1);
INSERT INTO Fleets_Squadrons VALUES(127,36,3);
INSERT INTO Fleets_Squadrons VALUES(127,29,3);
INSERT INTO Fleets_Squadrons VALUES(127,21,1);
INSERT INTO Fleets_Squadrons VALUES(128,93,8);
INSERT INTO Fleets_Squadrons VALUES(129,83,1);
INSERT INTO Fleets_Squadrons VALUES(129,84,1);
INSERT INTO Fleets_Squadrons VALUES(129,88,1);
INSERT INTO Fleets_Squadrons VALUES(129,91,3);
INSERT INTO Fleets_Squadrons VALUES(131,45,1);
INSERT INTO Fleets_Squadrons VALUES(131,55,1);
INSERT INTO Fleets_Squadrons VALUES(131,61,1);
INSERT INTO Fleets_Squadrons VALUES(131,67,1);
INSERT INTO Fleets_Squadrons VALUES(131,74,1);
INSERT INTO Fleets_Squadrons VALUES(132,24,1);
INSERT INTO Fleets_Squadrons VALUES(132,26,1);
INSERT INTO Fleets_Squadrons VALUES(132,38,1);
INSERT INTO Fleets_Squadrons VALUES(133,41,1);
INSERT INTO Fleets_Squadrons VALUES(133,47,1);
INSERT INTO Fleets_Squadrons VALUES(133,53,1);
INSERT INTO Fleets_Squadrons VALUES(133,54,1);
INSERT INTO Fleets_Squadrons VALUES(135,39,6);
INSERT INTO Fleets_Squadrons VALUES(136,94,1);
INSERT INTO Fleets_Squadrons VALUES(136,96,1);
INSERT INTO Fleets_Squadrons VALUES(136,97,1);
INSERT INTO Fleets_Squadrons VALUES(136,98,1);
INSERT INTO Fleets_Squadrons VALUES(136,104,2);
INSERT INTO Fleets_Squadrons VALUES(137,47,1);
INSERT INTO Fleets_Squadrons VALUES(137,55,1);
INSERT INTO Fleets_Squadrons VALUES(137,77,2);
INSERT INTO Fleets_Squadrons VALUES(137,74,2);
INSERT INTO Fleets_Squadrons VALUES(138,77,2);
INSERT INTO Fleets_Squadrons VALUES(138,76,4);
INSERT INTO Fleets_Squadrons VALUES(140,44,1);
INSERT INTO Fleets_Squadrons VALUES(140,54,1);
INSERT INTO Fleets_Squadrons VALUES(140,62,1);
INSERT INTO Fleets_Squadrons VALUES(140,66,1);
INSERT INTO Fleets_Squadrons VALUES(141,55,1);
INSERT INTO Fleets_Squadrons VALUES(141,47,1);
INSERT INTO Fleets_Squadrons VALUES(141,45,1);
INSERT INTO Fleets_Squadrons VALUES(141,75,1);
INSERT INTO Fleets_Squadrons VALUES(142,84,1);
INSERT INTO Fleets_Squadrons VALUES(142,88,1);
INSERT INTO Fleets_Squadrons VALUES(142,89,1);
INSERT INTO Fleets_Squadrons VALUES(142,87,1);
INSERT INTO Fleets_Squadrons VALUES(142,93,2);
INSERT INTO Fleets_Squadrons VALUES(144,1,1);
INSERT INTO Fleets_Squadrons VALUES(144,6,1);
INSERT INTO Fleets_Squadrons VALUES(144,11,1);
INSERT INTO Fleets_Squadrons VALUES(144,35,1);
INSERT INTO Fleets_Squadrons VALUES(144,37,2);
INSERT INTO Fleets_Squadrons VALUES(145,96,1);
INSERT INTO Fleets_Squadrons VALUES(145,97,1);
INSERT INTO Fleets_Squadrons VALUES(145,99,1);
INSERT INTO Fleets_Squadrons VALUES(145,105,4);
INSERT INTO Fleets_Squadrons VALUES(145,107,1);
INSERT INTO Fleets_Squadrons VALUES(146,24,1);
INSERT INTO Fleets_Squadrons VALUES(146,26,1);
INSERT INTO Fleets_Squadrons VALUES(146,18,1);
INSERT INTO Fleets_Squadrons VALUES(146,36,1);
INSERT INTO Fleets_Squadrons VALUES(146,32,1);
CREATE TABLE SquadronNames (
    squadron_id INTEGER NOT NULL,
    name TEXT NOT NULL,
    FOREIGN KEY (squadron_id) REFERENCES Squadrons (id)
    );
INSERT INTO SquadronNames VALUES(1,'Biggs Darklighter');
INSERT INTO SquadronNames VALUES(2,'Corran Horn');
INSERT INTO SquadronNames VALUES(3,'Dagger Squadron');
INSERT INTO SquadronNames VALUES(4,'Dash Rendar');
INSERT INTO SquadronNames VALUES(5,'Dutch Vander');
INSERT INTO SquadronNames VALUES(6,'Fenn Rau');
INSERT INTO SquadronNames VALUES(7,'Gold Squadron');
INSERT INTO SquadronNames VALUES(8,'Green Squadron');
INSERT INTO SquadronNames VALUES(9,'Han Solo');
INSERT INTO SquadronNames VALUES(10,'Hera Syndulla');
INSERT INTO SquadronNames VALUES(11,'Hera Syndulla (xwing)');
INSERT INTO SquadronNames VALUES(12,'Jan Ors');
INSERT INTO SquadronNames VALUES(13,'Kanan Jarrus');
INSERT INTO SquadronNames VALUES(14,'Ketsu Onyo');
INSERT INTO SquadronNames VALUES(15,'Keyan Farlander');
INSERT INTO SquadronNames VALUES(16,'Lando Calrissian');
INSERT INTO SquadronNames VALUES(17,'Lietenant Blount');
INSERT INTO SquadronNames VALUES(18,'Luke Skywalker');
INSERT INTO SquadronNames VALUES(19,'Malee Hurra');
INSERT INTO SquadronNames VALUES(20,'Mart Mattin');
INSERT INTO SquadronNames VALUES(21,'Norra Wexley');
INSERT INTO SquadronNames VALUES(22,'Nym');
INSERT INTO SquadronNames VALUES(23,'Rogue Squadron');
INSERT INTO SquadronNames VALUES(24,'Shara Bey');
INSERT INTO SquadronNames VALUES(25,'Ten Numb');
INSERT INTO SquadronNames VALUES(26,'Tycho Celchu');
INSERT INTO SquadronNames VALUES(27,'Wedge Antilles');
INSERT INTO SquadronNames VALUES(28,'A-Wing Squadron');
INSERT INTO SquadronNames VALUES(29,'B-Wing Squadron');
INSERT INTO SquadronNames VALUES(30,'E-Wing Squadron');
INSERT INTO SquadronNames VALUES(31,'HWK-290');
INSERT INTO SquadronNames VALUES(32,'Lancer-class Pursuit Craft');
INSERT INTO SquadronNames VALUES(33,'Scurrg H-6 Bomber');
INSERT INTO SquadronNames VALUES(34,'VCX-100 Freighter');
INSERT INTO SquadronNames VALUES(35,'X-Wing Squadron');
INSERT INTO SquadronNames VALUES(36,'Y-Wing Squadron');
INSERT INTO SquadronNames VALUES(37,'YT-1300');
INSERT INTO SquadronNames VALUES(38,'YT-2400');
INSERT INTO SquadronNames VALUES(39,'Z-95 Headhunter Squadron');
INSERT INTO SquadronNames VALUES(40,'Black Squadron');
INSERT INTO SquadronNames VALUES(41,'Boba Fett');
INSERT INTO SquadronNames VALUES(42,'Bossk');
INSERT INTO SquadronNames VALUES(43,'Captain Jonus');
INSERT INTO SquadronNames VALUES(44,'Ciena Ree');
INSERT INTO SquadronNames VALUES(45,'Colonel Jendon');
INSERT INTO SquadronNames VALUES(46,'Darth Vader');
INSERT INTO SquadronNames VALUES(47,'Darth Vader (defender)');
INSERT INTO SquadronNames VALUES(48,'Dengar');
INSERT INTO SquadronNames VALUES(49,'Gamma Squadron');
INSERT INTO SquadronNames VALUES(50,'Gar Saxon');
INSERT INTO SquadronNames VALUES(51,'Hondo Ohnaka');
INSERT INTO SquadronNames VALUES(52,'Howlrunner');
INSERT INTO SquadronNames VALUES(53,'IG-88');
INSERT INTO SquadronNames VALUES(54,'IG-88B');
INSERT INTO SquadronNames VALUES(55,'Maarek Stele');
INSERT INTO SquadronNames VALUES(56,'Major Rhymer');
INSERT INTO SquadronNames VALUES(57,'Mauler Mithel');
INSERT INTO SquadronNames VALUES(58,'Moralo Eval');
INSERT INTO SquadronNames VALUES(59,'Morna Kee');
INSERT INTO SquadronNames VALUES(60,'Saber Squadron');
INSERT INTO SquadronNames VALUES(61,'Soontir Fel');
INSERT INTO SquadronNames VALUES(62,'Tel Trevura');
INSERT INTO SquadronNames VALUES(63,'Tempest Squadron');
INSERT INTO SquadronNames VALUES(64,'Valen Rudor');
INSERT INTO SquadronNames VALUES(65,'Vult Skerris');
INSERT INTO SquadronNames VALUES(66,'Whisper');
INSERT INTO SquadronNames VALUES(67,'Zertik Strom');
INSERT INTO SquadronNames VALUES(68,'Aggressor Assault Fighter');
INSERT INTO SquadronNames VALUES(69,'Firespray-31');
INSERT INTO SquadronNames VALUES(70,'JumpMaster 5000');
INSERT INTO SquadronNames VALUES(71,'Lambda-class Shuttle');
INSERT INTO SquadronNames VALUES(72,'Mandalorian Gauntlet Fighter');
INSERT INTO SquadronNames VALUES(73,'TIE Advanced Squadron');
INSERT INTO SquadronNames VALUES(74,'TIE Bomber Squadron');
INSERT INTO SquadronNames VALUES(75,'TIE Defender Squadron');
INSERT INTO SquadronNames VALUES(76,'TIE Fighter Squadron');
INSERT INTO SquadronNames VALUES(77,'TIE Interceptor Squadron');
INSERT INTO SquadronNames VALUES(78,'TIE Phantom Squadron');
INSERT INTO SquadronNames VALUES(79,'VT-49 Decimator');
INSERT INTO SquadronNames VALUES(80,'YV-666');
INSERT INTO SquadronNames VALUES(81,'Baktoid Prototypes');
INSERT INTO SquadronNames VALUES(82,'DBS-404');
INSERT INTO SquadronNames VALUES(83,'DFS-311');
INSERT INTO SquadronNames VALUES(84,'DIS-T81');
INSERT INTO SquadronNames VALUES(85,'General Grievous');
INSERT INTO SquadronNames VALUES(86,'Haor-Chall Prototypes');
INSERT INTO SquadronNames VALUES(87,'Jango Fett');
INSERT INTO SquadronNames VALUES(88,'Phlac-Arphocc Prototypes');
INSERT INTO SquadronNames VALUES(89,'Wat Tambor');
INSERT INTO SquadronNames VALUES(90,'Belbullab-22 Starfighter Squadron');
INSERT INTO SquadronNames VALUES(91,'Droid Tri-Fighter Squadron');
INSERT INTO SquadronNames VALUES(92,'Hyena-class Droid Bomber Squadron');
INSERT INTO SquadronNames VALUES(93,'Vulture-class Droid Fighter Squadron');
INSERT INTO SquadronNames VALUES(94,'Ahsoka Tano');
INSERT INTO SquadronNames VALUES(95,'Anakin Skywalker');
INSERT INTO SquadronNames VALUES(97,'Axe');
INSERT INTO SquadronNames VALUES(98,'Kickback');
INSERT INTO SquadronNames VALUES(99,'Kit Fisto');
INSERT INTO SquadronNames VALUES(100,'Luminara Unduli');
INSERT INTO SquadronNames VALUES(101,'Matchstick');
INSERT INTO SquadronNames VALUES(102,'Odd Ball');
INSERT INTO SquadronNames VALUES(103,'Plo Koon');
INSERT INTO SquadronNames VALUES(104,'ARC-170 Starfighter Squadron');
INSERT INTO SquadronNames VALUES(106,'Delta-7 Aethersprite Squadron');
INSERT INTO SquadronNames VALUES(107,'V-19 Torrent Squadron');
INSERT INTO SquadronNames VALUES(47,'Darth Vader (tie defender)');
INSERT INTO SquadronNames VALUES(95,'Anakin Skywalker (BTL-B)');
INSERT INTO SquadronNames VALUES(96,'Anakin Skywalker (Delta-7)');
INSERT INTO SquadronNames VALUES(105,'BTL-B Y-wing Squadron');
INSERT INTO SquadronNames VALUES(47,'Darth Vader [TIE/D]');
INSERT INTO SquadronNames VALUES(71,'Lambda Shuttle');
INSERT INTO SquadronNames VALUES(92,'Hyena Droid Bomber Squadron');
INSERT INTO SquadronNames VALUES(92,'Hyena-class Bomber Squadron');
INSERT INTO SquadronNames VALUES(93,'Vulture Droid Fighter Squadron');
INSERT INTO SquadronNames VALUES(93,'Vulture-class Fighter Squadron');
INSERT INTO SquadronNames VALUES(93,'Vulture Droid Squadron');
INSERT INTO SquadronNames VALUES(96,'Anakin Skywalker - Delta-7 Aethersprite Squadron');
INSERT INTO SquadronNames VALUES(96,'Anakin Skywalker');
INSERT INTO SquadronNames VALUES(95,'Anakin Skywalker - BTL-B Y-wing Squadron');
INSERT INTO SquadronNames VALUES(47,'Darth Vader - TIE Defender Squadron');
INSERT INTO SquadronNames VALUES(43,'Captain Jonus - TIE Bomber Squadron');
INSERT INTO SquadronNames VALUES(55,'Maarek Stele - TIE Defender Squadron');
INSERT INTO SquadronNames VALUES(67,'Zertik Strom - TIE Advanced Squadron');
INSERT INTO SquadronNames VALUES(1,'Biggs Darklighter - X-Wing Squadron');
INSERT INTO SquadronNames VALUES(2,'Corran Horn - E-Wing Squadron');
INSERT INTO SquadronNames VALUES(32,'Lancer Pursuit Craft');
INSERT INTO SquadronNames VALUES(3,'Dagger Squadron - B-Wing Squadron');
INSERT INTO SquadronNames VALUES(4,'Dash Rendar - Outrider');
INSERT INTO SquadronNames VALUES(5,'Dutch Vander - Y-Wing Squadron');
INSERT INTO SquadronNames VALUES(6,'Fenn Rau - Mandalorian Gauntlet Fighter');
INSERT INTO SquadronNames VALUES(7,'Gold Squadron - Y-Wing Squadron');
INSERT INTO SquadronNames VALUES(8,'Green Squadron - A-Wing Squadron');
INSERT INTO SquadronNames VALUES(9,'Han Solo - Millennium Falcon');
INSERT INTO SquadronNames VALUES(16,'HLando Calrissian - Millennium Falcon');
INSERT INTO SquadronNames VALUES(10,'Hera Syndulla - Ghost');
INSERT INTO SquadronNames VALUES(11,'Hera Syndulla - X-Wing Squadron');
INSERT INTO SquadronNames VALUES(12,'Jan Ors - Moldy Crow');
INSERT INTO SquadronNames VALUES(13,'Kanan Jarrus - HWK-290');
INSERT INTO SquadronNames VALUES(14,'Ketsu Onyo - Shadow Caster');
INSERT INTO SquadronNames VALUES(15,'Keyan Farlander - B-Wing Squadron');
INSERT INTO SquadronNames VALUES(18,'Luke Skywalker - X-Wing Squadron');
INSERT INTO SquadronNames VALUES(17,'Lietenant Blount - Z-95 Headhunter Squadron');
INSERT INTO SquadronNames VALUES(19,'Malee Hurra - Scurrg H-6 Bomber');
INSERT INTO SquadronNames VALUES(20,'Mart Mattin - Sato''s Hammer');
INSERT INTO SquadronNames VALUES(21,'Norra Wexley - Y-Wing Squadron');
INSERT INTO SquadronNames VALUES(22,'Nym - Havoc');
INSERT INTO SquadronNames VALUES(23,'Rogue Squadron - X-Wing Squadron');
INSERT INTO SquadronNames VALUES(24,'Shara Bey - A-Wing Squadron');
INSERT INTO SquadronNames VALUES(26,'Tycho Celchu - A-Wing Squadron');
INSERT INTO SquadronNames VALUES(25,'Ten Numb - B-Wing Squadron');
INSERT INTO SquadronNames VALUES(27,'Wedge Antilles - X-Wing Squadron');
INSERT INTO SquadronNames VALUES(28,'A-Wing');
INSERT INTO SquadronNames VALUES(29,'B-Wing');
INSERT INTO SquadronNames VALUES(30,'E-Wing');
INSERT INTO SquadronNames VALUES(35,'X-Wing');
INSERT INTO SquadronNames VALUES(36,'Y-Wing');
INSERT INTO SquadronNames VALUES(39,'Z-95');
INSERT INTO SquadronNames VALUES(58,'Moralo Eval - YV-666');
INSERT INTO SquadronNames VALUES(40,'Black Squadron - TIE Fighter Squadron');
INSERT INTO SquadronNames VALUES(41,'Boba Fett - Slave I');
INSERT INTO SquadronNames VALUES(42,'Bossk - Hound''s Tooth');
INSERT INTO SquadronNames VALUES(44,'Ciena Ree - TIE Interceptor Squadron');
INSERT INTO SquadronNames VALUES(45,'Colonel Jendon - Lambda-class Shuttle');
INSERT INTO SquadronNames VALUES(46,'Darth Vader - TIE Advanced Squadron');
INSERT INTO SquadronNames VALUES(46,'Darth Vader [TIE/A]');
INSERT INTO SquadronNames VALUES(48,'Dengar - Punishing One');
INSERT INTO SquadronNames VALUES(49,'Gamma Squadron - TIE Bomber Squadron');
INSERT INTO SquadronNames VALUES(50,'Gar Saxon - Mandalorian Gauntlet Fighter');
INSERT INTO SquadronNames VALUES(51,'Hondo Ohnaka - Slave I');
INSERT INTO SquadronNames VALUES(52,'Howlrunner - TIE Fighter Squadron');
INSERT INTO SquadronNames VALUES(53,'IG-88 - IG-2000');
INSERT INTO SquadronNames VALUES(54,'IG-88B - IG-2000B');
INSERT INTO SquadronNames VALUES(56,'Major Rhymer - TIE Bomber Squadron');
INSERT INTO SquadronNames VALUES(57,'Mauler Mithel - TIE Fighter Squadron');
INSERT INTO SquadronNames VALUES(59,'Morna Kee - VT-49 Decimator');
INSERT INTO SquadronNames VALUES(60,'Saber Squadron - TIE Interceptor Squadron');
INSERT INTO SquadronNames VALUES(61,'Soontir Fel - TIE Interceptor Squadron');
INSERT INTO SquadronNames VALUES(62,'Tel Trevura - JumpMaster 5000');
INSERT INTO SquadronNames VALUES(63,'Tempest Squadron - TIE Advanced Squadron');
INSERT INTO SquadronNames VALUES(64,'Valen Rudor - TIE Fighter Squadron');
INSERT INTO SquadronNames VALUES(65,'Vult Skerris - TIE Interceptor Squadron');
INSERT INTO SquadronNames VALUES(66,'Whisper - TIE Phantom Squadron');
INSERT INTO SquadronNames VALUES(81,'Baktoid Prototypes - Hyena-class Droid Bomber Squadron');
INSERT INTO SquadronNames VALUES(82,'DBS-404 - Hyena-class Droid Bomber Squadron');
INSERT INTO SquadronNames VALUES(83,'DFS-311 - Vulture-class Droid Fighter Squadron');
INSERT INTO SquadronNames VALUES(84,'DIS-T81 - Droid Tri-Fighter Squadron');
INSERT INTO SquadronNames VALUES(85,'General Grievous - Belbullab-22 Starfighter Squadron');
INSERT INTO SquadronNames VALUES(86,'Haor-Chall Prototypes - Vulture-class Droid Fighter Squadron');
INSERT INTO SquadronNames VALUES(87,'Jango Fett - Modified Firespray-31');
INSERT INTO SquadronNames VALUES(88,'Phlac-Arphocc Prototypes - Droid Tri-Fighter Squadron');
INSERT INTO SquadronNames VALUES(89,'Wat Tambor - Belbullab-22 Starfighter Squadron');
INSERT INTO SquadronNames VALUES(94,'Ahsoka Tano - Delta-7 Aethersprite Squadron');
INSERT INTO SquadronNames VALUES(97,'Axe - V-19 Torrent Squadron');
INSERT INTO SquadronNames VALUES(98,'Kickback - V-19 Torrent Squadron');
INSERT INTO SquadronNames VALUES(99,'Kit Fisto - Delta-7 Aethersprite Squadron');
INSERT INTO SquadronNames VALUES(100,'Luminara Unduli - Delta-7 Aethersprite Squadron');
INSERT INTO SquadronNames VALUES(101,'Matchstick - BTL-B Y-wing Squadron');
INSERT INTO SquadronNames VALUES(102,'Odd Ball - ARC-170 Starfighter Squadron');
INSERT INTO SquadronNames VALUES(103,'Plo Koon - Delta-7 Aethersprite Squadron');
INSERT INTO SquadronNames VALUES(104,'ARC-170');
INSERT INTO SquadronNames VALUES(106,'Delta-7');
CREATE TABLE UpgradeNames (
    upgrade_id INTEGER NOT NULL,
    name TEXT NOT NULL,
    FOREIGN KEY (upgrade_id) REFERENCES Upgrades (id)
    );
INSERT INTO UpgradeNames VALUES(1,'Admiral Konstantine');
INSERT INTO UpgradeNames VALUES(2,'Admiral Motti');
INSERT INTO UpgradeNames VALUES(3,'Admiral Ozzel (com)');
INSERT INTO UpgradeNames VALUES(4,'Admiral Piett');
INSERT INTO UpgradeNames VALUES(5,'Admiral Screed');
INSERT INTO UpgradeNames VALUES(6,'Admiral Sloane');
INSERT INTO UpgradeNames VALUES(7,'Darth Vader (com)');
INSERT INTO UpgradeNames VALUES(8,'Emperor Palpatine (com)');
INSERT INTO UpgradeNames VALUES(9,'General Romodi');
INSERT INTO UpgradeNames VALUES(10,'General Tagge');
INSERT INTO UpgradeNames VALUES(11,'Grand Admiral Thrawn');
INSERT INTO UpgradeNames VALUES(12,'Grand Moff Tarkin');
INSERT INTO UpgradeNames VALUES(13,'Moff Jerjerrod');
INSERT INTO UpgradeNames VALUES(14,'Admiral Tarkin');
INSERT INTO UpgradeNames VALUES(15,'Admiral Yularen');
INSERT INTO UpgradeNames VALUES(16,'Anakin Skywalker (com)');
INSERT INTO UpgradeNames VALUES(17,'Bail Organa (com)');
INSERT INTO UpgradeNames VALUES(18,'Luminara Unduli');
INSERT INTO UpgradeNames VALUES(19,'Obi-Wan Kenobi');
INSERT INTO UpgradeNames VALUES(20,'Plo Koon (com)');
INSERT INTO UpgradeNames VALUES(21,'Admiral Ackbar');
INSERT INTO UpgradeNames VALUES(22,'Admiral Raddus');
INSERT INTO UpgradeNames VALUES(23,'Commander Sato');
INSERT INTO UpgradeNames VALUES(24,'Garm Bel Iblis');
INSERT INTO UpgradeNames VALUES(25,'General Cracken');
INSERT INTO UpgradeNames VALUES(26,'General Dodonna');
INSERT INTO UpgradeNames VALUES(27,'General Draven (com)');
INSERT INTO UpgradeNames VALUES(28,'General Madine');
INSERT INTO UpgradeNames VALUES(29,'General Rieekan');
INSERT INTO UpgradeNames VALUES(30,'Kyrsta Agate (com)');
INSERT INTO UpgradeNames VALUES(31,'Leia Organa (com)');
INSERT INTO UpgradeNames VALUES(32,'Mon Mothma');
INSERT INTO UpgradeNames VALUES(33,'Admiral Trench');
INSERT INTO UpgradeNames VALUES(34,'Count Dooku');
INSERT INTO UpgradeNames VALUES(35,'General Grievous');
INSERT INTO UpgradeNames VALUES(36,'Kraken');
INSERT INTO UpgradeNames VALUES(37,'Mar Tuuk');
INSERT INTO UpgradeNames VALUES(38,'TF-1726');
INSERT INTO UpgradeNames VALUES(39,'Advanced Projectors');
INSERT INTO UpgradeNames VALUES(40,'Cluster Bombs');
INSERT INTO UpgradeNames VALUES(41,'Early Warning System');
INSERT INTO UpgradeNames VALUES(42,'Electronic Countermeasures');
INSERT INTO UpgradeNames VALUES(43,'Reactive Gunnery');
INSERT INTO UpgradeNames VALUES(44,'Redundant Shields');
INSERT INTO UpgradeNames VALUES(45,'Reinforced Blast Doors');
INSERT INTO UpgradeNames VALUES(46,'Thermal Shields');
INSERT INTO UpgradeNames VALUES(47,'G-8 Experimental Projector');
INSERT INTO UpgradeNames VALUES(48,'G7-X Grav Well Projector');
INSERT INTO UpgradeNames VALUES(49,'Grav Shift Reroute');
INSERT INTO UpgradeNames VALUES(50,'Targeting Scrambler');
INSERT INTO UpgradeNames VALUES(51,'All Fighters, Follow Me!');
INSERT INTO UpgradeNames VALUES(52,'Entrapment Formation!');
INSERT INTO UpgradeNames VALUES(53,'Intensify Firepower!');
INSERT INTO UpgradeNames VALUES(54,'Shields to Maximum!');
INSERT INTO UpgradeNames VALUES(55,'Take Evasive Action!');
INSERT INTO UpgradeNames VALUES(56,'Hot Landing');
INSERT INTO UpgradeNames VALUES(57,'Mercy Mission');
INSERT INTO UpgradeNames VALUES(58,'Jedi Hostage');
INSERT INTO UpgradeNames VALUES(59,'Bomber Command Center');
INSERT INTO UpgradeNames VALUES(60,'Comms Net');
INSERT INTO UpgradeNames VALUES(61,'Jamming Field');
INSERT INTO UpgradeNames VALUES(62,'Munitions Resupply');
INSERT INTO UpgradeNames VALUES(63,'Parts Resupply');
INSERT INTO UpgradeNames VALUES(64,'Repair Crews');
INSERT INTO UpgradeNames VALUES(65,'Slicer Tools');
INSERT INTO UpgradeNames VALUES(66,'Heavy Ion Emplacements');
INSERT INTO UpgradeNames VALUES(67,'High-Capacity Ion Turbines');
INSERT INTO UpgradeNames VALUES(68,'Ion Cannon Batteries');
INSERT INTO UpgradeNames VALUES(69,'Leading Shots');
INSERT INTO UpgradeNames VALUES(70,'MS-1 Ion Cannons');
INSERT INTO UpgradeNames VALUES(71,'NK-7 Ion Cannons');
INSERT INTO UpgradeNames VALUES(72,'Overload Pulse');
INSERT INTO UpgradeNames VALUES(73,'Point Defense Ion Cannons');
INSERT INTO UpgradeNames VALUES(74,'SW-7 Ion Batteries');
INSERT INTO UpgradeNames VALUES(75,'Advanced Transponder Net');
INSERT INTO UpgradeNames VALUES(76,'Boosted Comms');
INSERT INTO UpgradeNames VALUES(77,'Disposable Capacitors');
INSERT INTO UpgradeNames VALUES(78,'Expanded Hangar Bay');
INSERT INTO UpgradeNames VALUES(79,'Flag Bridge');
INSERT INTO UpgradeNames VALUES(80,'Flak Guns');
INSERT INTO UpgradeNames VALUES(81,'Hardened Bulkheads');
INSERT INTO UpgradeNames VALUES(82,'Phylon Q7 Tractor Beams');
INSERT INTO UpgradeNames VALUES(83,'Point-Defense Reroute');
INSERT INTO UpgradeNames VALUES(84,'Proximity Mines');
INSERT INTO UpgradeNames VALUES(85,'Quad Laser Turrets');
INSERT INTO UpgradeNames VALUES(86,'Rapid Launch Bays');
INSERT INTO UpgradeNames VALUES(87,'Reserve Hangar Deck');
INSERT INTO UpgradeNames VALUES(88,'Hyperspace Rings');
INSERT INTO UpgradeNames VALUES(89,'SPHA-T');
INSERT INTO UpgradeNames VALUES(90,'B2 Rocket Troopers');
INSERT INTO UpgradeNames VALUES(91,'Hyperwave Signal Boost');
INSERT INTO UpgradeNames VALUES(92,'Admiral Chiraneau');
INSERT INTO UpgradeNames VALUES(93,'Admiral Montferrat');
INSERT INTO UpgradeNames VALUES(94,'Admiral Ozzel (off)');
INSERT INTO UpgradeNames VALUES(95,'Admiral Titus');
INSERT INTO UpgradeNames VALUES(96,'Agent Kallus');
INSERT INTO UpgradeNames VALUES(97,'Captain Brunson');
INSERT INTO UpgradeNames VALUES(98,'Captain Needa');
INSERT INTO UpgradeNames VALUES(99,'Commandant Aresko');
INSERT INTO UpgradeNames VALUES(100,'Commander Beck');
INSERT INTO UpgradeNames VALUES(101,'Commander Gherant');
INSERT INTO UpgradeNames VALUES(102,'Commander Vanto');
INSERT INTO UpgradeNames VALUES(103,'Commander Woldar');
INSERT INTO UpgradeNames VALUES(104,'Darth Vader (off)');
INSERT INTO UpgradeNames VALUES(105,'Director Isard');
INSERT INTO UpgradeNames VALUES(106,'Director Krennic');
INSERT INTO UpgradeNames VALUES(107,'Emperor Palpatine (off)');
INSERT INTO UpgradeNames VALUES(108,'Governor Pryce');
INSERT INTO UpgradeNames VALUES(109,'Iden Versio');
INSERT INTO UpgradeNames VALUES(110,'Instructor Goran');
INSERT INTO UpgradeNames VALUES(111,'Lira Wessex');
INSERT INTO UpgradeNames VALUES(112,'Minister Tua');
INSERT INTO UpgradeNames VALUES(113,'Reeva Demesne');
INSERT INTO UpgradeNames VALUES(114,'Taskmaster Grint');
INSERT INTO UpgradeNames VALUES(115,'The Grand Inquisitor');
INSERT INTO UpgradeNames VALUES(116,'Wulff Yularen');
INSERT INTO UpgradeNames VALUES(117,'Chart Officer');
INSERT INTO UpgradeNames VALUES(118,'Damage Control Officer');
INSERT INTO UpgradeNames VALUES(119,'Defense Liaison');
INSERT INTO UpgradeNames VALUES(120,'Engineering Captain');
INSERT INTO UpgradeNames VALUES(121,'Expert Shield Tech');
INSERT INTO UpgradeNames VALUES(122,'Flight Commander');
INSERT INTO UpgradeNames VALUES(123,'Hondo Ohnaka');
INSERT INTO UpgradeNames VALUES(124,'Intel Officer');
INSERT INTO UpgradeNames VALUES(125,'Navigation Officer');
INSERT INTO UpgradeNames VALUES(126,'Skilled First Officer');
INSERT INTO UpgradeNames VALUES(127,'Support Officer');
INSERT INTO UpgradeNames VALUES(128,'Tactical Expert');
INSERT INTO UpgradeNames VALUES(129,'Veteran Captain');
INSERT INTO UpgradeNames VALUES(130,'Weapons Liaison');
INSERT INTO UpgradeNames VALUES(131,'Wing Commander');
INSERT INTO UpgradeNames VALUES(132,'Adi Gallia');
INSERT INTO UpgradeNames VALUES(133,'Ahsoka Tano (rep off)');
INSERT INTO UpgradeNames VALUES(134,'Barriss Offee');
INSERT INTO UpgradeNames VALUES(135,'Clone Captain Silver');
INSERT INTO UpgradeNames VALUES(136,'Clone Captain Zak');
INSERT INTO UpgradeNames VALUES(137,'Clone Cmdr. Wolffe');
INSERT INTO UpgradeNames VALUES(138,'Clone Navigation Officer');
INSERT INTO UpgradeNames VALUES(139,'Adar Tallon');
INSERT INTO UpgradeNames VALUES(140,'Ahsoka Tano (off)');
INSERT INTO UpgradeNames VALUES(141,'Captain Rex');
INSERT INTO UpgradeNames VALUES(142,'Ezra Bridger');
INSERT INTO UpgradeNames VALUES(143,'General Draven');
INSERT INTO UpgradeNames VALUES(144,'Kyrsta Agate (off)');
INSERT INTO UpgradeNames VALUES(145,'Lando Calrissian (off)');
INSERT INTO UpgradeNames VALUES(146,'Leia Organa (off)');
INSERT INTO UpgradeNames VALUES(147,'Major Derlin');
INSERT INTO UpgradeNames VALUES(148,'Raymus Antilles');
INSERT INTO UpgradeNames VALUES(149,'Sabine Wren');
INSERT INTO UpgradeNames VALUES(150,'Toryn Farr');
INSERT INTO UpgradeNames VALUES(151,'Walex Blissex');
INSERT INTO UpgradeNames VALUES(152,'Wedge Antilles');
INSERT INTO UpgradeNames VALUES(153,'Asajj Ventress');
INSERT INTO UpgradeNames VALUES(154,'Passel Argente');
INSERT INTO UpgradeNames VALUES(155,'Rune Haako');
INSERT INTO UpgradeNames VALUES(156,'San Hill');
INSERT INTO UpgradeNames VALUES(157,'Shu Mai');
INSERT INTO UpgradeNames VALUES(158,'T-Series Tactical Droid');
INSERT INTO UpgradeNames VALUES(159,'TI-99');
INSERT INTO UpgradeNames VALUES(160,'Tikkes');
INSERT INTO UpgradeNames VALUES(161,'Wat Tambor');
INSERT INTO UpgradeNames VALUES(162,'Assault Concussion Missiles');
INSERT INTO UpgradeNames VALUES(163,'Assault Proton Torpedoes');
INSERT INTO UpgradeNames VALUES(164,'Expanded Launchers');
INSERT INTO UpgradeNames VALUES(165,'External Racks');
INSERT INTO UpgradeNames VALUES(166,'Flechette Torpedoes');
INSERT INTO UpgradeNames VALUES(167,'Ordnance Pods');
INSERT INTO UpgradeNames VALUES(168,'Rapid Reload');
INSERT INTO UpgradeNames VALUES(169,'Wide-Area Barrage');
INSERT INTO UpgradeNames VALUES(170,'Orbital Bombardment Particle Cannons');
INSERT INTO UpgradeNames VALUES(171,'Superheavy Composite Beam Turbolasers');
INSERT INTO UpgradeNames VALUES(172,'Magnite Crystal Tractor Beam Array');
INSERT INTO UpgradeNames VALUES(173,'Auxiliary Shields Team');
INSERT INTO UpgradeNames VALUES(174,'Engine Techs');
INSERT INTO UpgradeNames VALUES(175,'Engineering Team');
INSERT INTO UpgradeNames VALUES(176,'Fighter Coordination Team');
INSERT INTO UpgradeNames VALUES(177,'Medical Team');
INSERT INTO UpgradeNames VALUES(178,'Nav Team');
INSERT INTO UpgradeNames VALUES(179,'Projection Experts');
INSERT INTO UpgradeNames VALUES(180,'Battle Droid Reserves');
INSERT INTO UpgradeNames VALUES(181,'Centicore');
INSERT INTO UpgradeNames VALUES(182,'Hand of Justice');
INSERT INTO UpgradeNames VALUES(183,'Demolisher');
INSERT INTO UpgradeNames VALUES(184,'Insidious');
INSERT INTO UpgradeNames VALUES(185,'Suppressor');
INSERT INTO UpgradeNames VALUES(186,'Vector');
INSERT INTO UpgradeNames VALUES(187,'Avenger');
INSERT INTO UpgradeNames VALUES(188,'Chimaera');
INSERT INTO UpgradeNames VALUES(189,'Devastator');
INSERT INTO UpgradeNames VALUES(190,'Relentless');
INSERT INTO UpgradeNames VALUES(191,'Sovereign');
INSERT INTO UpgradeNames VALUES(192,'Interdictor');
INSERT INTO UpgradeNames VALUES(193,'7th Fleet Star Destroyer');
INSERT INTO UpgradeNames VALUES(194,'Cataclysm');
INSERT INTO UpgradeNames VALUES(195,'Rakehell');
INSERT INTO UpgradeNames VALUES(196,'Sunder');
INSERT INTO UpgradeNames VALUES(197,'Pursuant');
INSERT INTO UpgradeNames VALUES(198,'Squall');
INSERT INTO UpgradeNames VALUES(199,'Stronghold');
INSERT INTO UpgradeNames VALUES(200,'Corvus');
INSERT INTO UpgradeNames VALUES(201,'Impetuous');
INSERT INTO UpgradeNames VALUES(202,'Instigator');
INSERT INTO UpgradeNames VALUES(203,'Annihilator');
INSERT INTO UpgradeNames VALUES(204,'Eclipse');
INSERT INTO UpgradeNames VALUES(205,'Executor');
INSERT INTO UpgradeNames VALUES(206,'Ravager');
INSERT INTO UpgradeNames VALUES(207,'Corrupter');
INSERT INTO UpgradeNames VALUES(208,'Dominator');
INSERT INTO UpgradeNames VALUES(209,'Harrow');
INSERT INTO UpgradeNames VALUES(210,'Warlord');
INSERT INTO UpgradeNames VALUES(211,'Implacable');
INSERT INTO UpgradeNames VALUES(212,'Nevoota Bee');
INSERT INTO UpgradeNames VALUES(213,'Radiant VII');
INSERT INTO UpgradeNames VALUES(214,'Swift Return');
INSERT INTO UpgradeNames VALUES(215,'FB-88');
INSERT INTO UpgradeNames VALUES(216,'TB-73');
INSERT INTO UpgradeNames VALUES(217,'Resolute');
INSERT INTO UpgradeNames VALUES(218,'Tranquility');
INSERT INTO UpgradeNames VALUES(219,'Triumphant');
INSERT INTO UpgradeNames VALUES(220,'Gallant Haven');
INSERT INTO UpgradeNames VALUES(221,'Paragon');
INSERT INTO UpgradeNames VALUES(222,'Dodonnas Pride');
INSERT INTO UpgradeNames VALUES(223,'Jainas Light');
INSERT INTO UpgradeNames VALUES(224,'Liberator');
INSERT INTO UpgradeNames VALUES(225,'Tantive IV');
INSERT INTO UpgradeNames VALUES(226,'Bright Hope');
INSERT INTO UpgradeNames VALUES(227,'Quantum Storm');
INSERT INTO UpgradeNames VALUES(228,'Garel''s Honor');
INSERT INTO UpgradeNames VALUES(229,'Task Force Antilles');
INSERT INTO UpgradeNames VALUES(230,'Task Force Organa');
INSERT INTO UpgradeNames VALUES(231,'Admonition');
INSERT INTO UpgradeNames VALUES(232,'Foresight');
INSERT INTO UpgradeNames VALUES(233,'Aspiration');
INSERT INTO UpgradeNames VALUES(234,'Mon Calamari Exodus Fleet');
INSERT INTO UpgradeNames VALUES(235,'Profundity');
INSERT INTO UpgradeNames VALUES(236,'Defiance');
INSERT INTO UpgradeNames VALUES(237,'Home One');
INSERT INTO UpgradeNames VALUES(238,'Independence');
INSERT INTO UpgradeNames VALUES(239,'Endeavor');
INSERT INTO UpgradeNames VALUES(240,'Liberty');
INSERT INTO UpgradeNames VALUES(241,'Mon Karren');
INSERT INTO UpgradeNames VALUES(242,'Redemption');
INSERT INTO UpgradeNames VALUES(243,'Salvation');
INSERT INTO UpgradeNames VALUES(244,'Vanguard');
INSERT INTO UpgradeNames VALUES(245,'Yavaris');
INSERT INTO UpgradeNames VALUES(246,'Phoenix Home');
INSERT INTO UpgradeNames VALUES(247,'Amity');
INSERT INTO UpgradeNames VALUES(248,'Concord');
INSERT INTO UpgradeNames VALUES(249,'Unity');
INSERT INTO UpgradeNames VALUES(250,'Beast of Burden');
INSERT INTO UpgradeNames VALUES(251,'Foremans Labor');
INSERT INTO UpgradeNames VALUES(252,'Sa Nalaor');
INSERT INTO UpgradeNames VALUES(253,'Tide of Progress XII');
INSERT INTO UpgradeNames VALUES(254,'Invincible');
INSERT INTO UpgradeNames VALUES(255,'Invisible Hand');
INSERT INTO UpgradeNames VALUES(256,'Lucid Voice');
INSERT INTO UpgradeNames VALUES(257,'Gilded Aegis');
INSERT INTO UpgradeNames VALUES(258,'Nova Defiant');
INSERT INTO UpgradeNames VALUES(259,'Patriot Fist');
INSERT INTO UpgradeNames VALUES(260,'DBY-827 Heavy Turbolasers');
INSERT INTO UpgradeNames VALUES(261,'Dual Turbolaser Turrets');
INSERT INTO UpgradeNames VALUES(262,'Enhanced Armament');
INSERT INTO UpgradeNames VALUES(263,'H9 Turbolasers');
INSERT INTO UpgradeNames VALUES(264,'Heavy Fire Zone');
INSERT INTO UpgradeNames VALUES(265,'Heavy Turbolaser Turrets');
INSERT INTO UpgradeNames VALUES(266,'Linked Turbolaser Towers');
INSERT INTO UpgradeNames VALUES(267,'Quad Battery Turrets');
INSERT INTO UpgradeNames VALUES(268,'Quad Turbolaser Cannons');
INSERT INTO UpgradeNames VALUES(269,'Slaved Turrets');
INSERT INTO UpgradeNames VALUES(270,'Spinal Armament');
INSERT INTO UpgradeNames VALUES(271,'Turbolaser Reroute Circuits');
INSERT INTO UpgradeNames VALUES(272,'XI7 Turbolasers');
INSERT INTO UpgradeNames VALUES(273,'XX-9 Turbolasers');
INSERT INTO UpgradeNames VALUES(274,'Swivel-Mount Batteries');
INSERT INTO UpgradeNames VALUES(275,'Gunnery Chief Varnillian');
INSERT INTO UpgradeNames VALUES(276,'Fire-Control Team');
INSERT INTO UpgradeNames VALUES(277,'Flight Controllers');
INSERT INTO UpgradeNames VALUES(278,'Gunnery Team');
INSERT INTO UpgradeNames VALUES(279,'Local Fire Control');
INSERT INTO UpgradeNames VALUES(280,'Ordnance Experts');
INSERT INTO UpgradeNames VALUES(281,'Ruthless Strategists');
INSERT INTO UpgradeNames VALUES(282,'Sensor Team');
INSERT INTO UpgradeNames VALUES(283,'Veteran Gunners');
INSERT INTO UpgradeNames VALUES(284,'Weapons Battery Techs');
INSERT INTO UpgradeNames VALUES(285,'Clone Gunners');
INSERT INTO UpgradeNames VALUES(286,'Caitken and Shollan');
INSERT INTO UpgradeNames VALUES(287,'Darth Vader (wpn)');
INSERT INTO UpgradeNames VALUES(288,'Boarding Engineers');
INSERT INTO UpgradeNames VALUES(289,'Boarding Troopers');
INSERT INTO UpgradeNames VALUES(290,'Cham Syndulla');
INSERT INTO UpgradeNames VALUES(291,'Jyn Erso');
INSERT INTO UpgradeNames VALUES(292,'Shriv Suurgav');
INSERT INTO UpgradeNames VALUES(7,'Darth Vader');
INSERT INTO UpgradeNames VALUES(104,'Darth Vader');
INSERT INTO UpgradeNames VALUES(287,'Darth Vader');
INSERT INTO UpgradeNames VALUES(3,'Admiral Ozzel');
INSERT INTO UpgradeNames VALUES(94,'Admiral Ozzel');
INSERT INTO UpgradeNames VALUES(8,'Emperor Palpatine');
INSERT INTO UpgradeNames VALUES(107,'Emperor Palpatine');
INSERT INTO UpgradeNames VALUES(16,'Anakin Skywalker');
INSERT INTO UpgradeNames VALUES(27,'General Draven');
INSERT INTO UpgradeNames VALUES(143,'General Draven (off)');
INSERT INTO UpgradeNames VALUES(144,'Kyrsta Agate');
INSERT INTO UpgradeNames VALUES(30,'Kyrsta Agate');
INSERT INTO UpgradeNames VALUES(140,'Ahsoka Tano');
INSERT INTO UpgradeNames VALUES(133,'Ahsoka Tano');
INSERT INTO UpgradeNames VALUES(31,'Leia Organa');
INSERT INTO UpgradeNames VALUES(146,'Leia Organa');
INSERT INTO UpgradeNames VALUES(193,'Seventh Fleet Star Destroyer');
INSERT INTO UpgradeNames VALUES(251,'Foreman''s Labor');
INSERT INTO UpgradeNames VALUES(223,'Jaina''s Light');
INSERT INTO UpgradeNames VALUES(222,'Dodonna''s Pride');
INSERT INTO UpgradeNames VALUES(17,'Bail Organa');
INSERT INTO UpgradeNames VALUES(148,'Ray Antilles');
INSERT INTO UpgradeNames VALUES(145,'Lando Calrissian');
INSERT INTO UpgradeNames VALUES(20,'Plo Koon');
INSERT INTO UpgradeNames VALUES(42,'ECM');
CREATE TABLE ShipNames (ship_id INTEGER NOT NULL, name TEXT NOT NULL, FOREIGN KEY (ship_id) REFERENCES Ships (id));
INSERT INTO ShipNames VALUES(1,'Assault Frigate Mk2 A');
INSERT INTO ShipNames VALUES(2,'Assault Frigate Mk2 B');
INSERT INTO ShipNames VALUES(3,'CR90 A');
INSERT INTO ShipNames VALUES(4,'CR90 B');
INSERT INTO ShipNames VALUES(17,'Pelta Assault Ship');
INSERT INTO ShipNames VALUES(18,'Pelta Command Ship');
INSERT INTO ShipNames VALUES(21,'Providence Carrier');
INSERT INTO ShipNames VALUES(22,'Starhawk Battleship Mark I');
INSERT INTO ShipNames VALUES(23,'Starhawk Battleship Mark II');
INSERT INTO ShipNames VALUES(24,'Arquitens Command Cruiser');
INSERT INTO ShipNames VALUES(25,'Arquitens Light Cruiser');
INSERT INTO ShipNames VALUES(26,'Executor I');
INSERT INTO ShipNames VALUES(27,'Executor II');
INSERT INTO ShipNames VALUES(28,'Gladiator I');
INSERT INTO ShipNames VALUES(29,'Gladiator II');
INSERT INTO ShipNames VALUES(30,'Gozanti Assault Carriers');
INSERT INTO ShipNames VALUES(31,'Gozanti Cruisers');
INSERT INTO ShipNames VALUES(32,'Imperial I');
INSERT INTO ShipNames VALUES(33,'Imperial II');
INSERT INTO ShipNames VALUES(34,'ISD Cymoon 1 Refit');
INSERT INTO ShipNames VALUES(35,'ISD Kuat Refit');
INSERT INTO ShipNames VALUES(36,'Interdictor Combat Refit');
INSERT INTO ShipNames VALUES(37,'Interdictor Suppression Refit');
INSERT INTO ShipNames VALUES(38,'Onager Star Destroyer');
INSERT INTO ShipNames VALUES(39,'Onager Testbed');
INSERT INTO ShipNames VALUES(40,'Quasar Fire I');
INSERT INTO ShipNames VALUES(41,'Quasar Fire II');
INSERT INTO ShipNames VALUES(42,'Raider I');
INSERT INTO ShipNames VALUES(43,'Raider II');
INSERT INTO ShipNames VALUES(44,'SSD Assault Prototype');
INSERT INTO ShipNames VALUES(45,'SSD Command Prototype');
INSERT INTO ShipNames VALUES(46,'Venator II');
INSERT INTO ShipNames VALUES(47,'Victory I');
INSERT INTO ShipNames VALUES(48,'Victory II');
INSERT INTO ShipNames VALUES(49,'Gozanti Cruisers');
INSERT INTO ShipNames VALUES(51,'Hardcell Transport');
INSERT INTO ShipNames VALUES(50,'Hardcell Battle Refit');
INSERT INTO ShipNames VALUES(52,'Munificent Comms Frigate');
INSERT INTO ShipNames VALUES(53,'Munificent Star Frigate');
INSERT INTO ShipNames VALUES(54,'Providence Carrier');
INSERT INTO ShipNames VALUES(55,'Providence Dreadnought');
INSERT INTO ShipNames VALUES(58,'Acclamator I');
INSERT INTO ShipNames VALUES(59,'Acclamator II');
INSERT INTO ShipNames VALUES(60,'Consular Armed Cruiser');
INSERT INTO ShipNames VALUES(61,'Consular Charger C70');
INSERT INTO ShipNames VALUES(62,'Pelta Medical Frigate');
INSERT INTO ShipNames VALUES(63,'Pelta Transport Frigate');
INSERT INTO ShipNames VALUES(64,'Venator I');
INSERT INTO ShipNames VALUES(65,'Venator II');
INSERT INTO ShipNames VALUES(66,'Victory I');
INSERT INTO ShipNames VALUES(1,'Assault Frigate Mark II A');
INSERT INTO ShipNames VALUES(2,'Assault Frigate Mark II B');
INSERT INTO ShipNames VALUES(3,'CR90 Corvette A');
INSERT INTO ShipNames VALUES(4,'CR90 Corvette B');
INSERT INTO ShipNames VALUES(5,'GR-75 Combat Retrofits');
INSERT INTO ShipNames VALUES(6,'GR-75 Medium Transports');
INSERT INTO ShipNames VALUES(7,'Hammerhead Scout Corvette');
INSERT INTO ShipNames VALUES(8,'Hammerhead Torpedo Corvette');
INSERT INTO ShipNames VALUES(9,'MC30c Scout Frigate');
INSERT INTO ShipNames VALUES(10,'MC30c Torpedo Frigate');
INSERT INTO ShipNames VALUES(11,'MC75 Armored Cruiser');
INSERT INTO ShipNames VALUES(12,'MC75 Ordnance Cruiser');
INSERT INTO ShipNames VALUES(13,'MC80 Assault Cruiser');
INSERT INTO ShipNames VALUES(14,'MC80 Battle Cruiser');
INSERT INTO ShipNames VALUES(15,'MC80 Command Cruiser');
INSERT INTO ShipNames VALUES(16,'MC80 Star Cruiser');
INSERT INTO ShipNames VALUES(17,'Modified Pelta-class Assault Ship');
INSERT INTO ShipNames VALUES(18,'Modified Pelta-class Command Ship');
INSERT INTO ShipNames VALUES(19,'Nebulon-B Escort Frigate');
INSERT INTO ShipNames VALUES(20,'Nebulon-B Support Refit');
INSERT INTO ShipNames VALUES(21,'Providence-class Carrier (reb)');
INSERT INTO ShipNames VALUES(22,'Starhawk-class Battleship Mark I');
INSERT INTO ShipNames VALUES(23,'Starhawk-class Battleship Mark II');
INSERT INTO ShipNames VALUES(24,'Arquitens-class Command Cruiser');
INSERT INTO ShipNames VALUES(25,'Arquitens-class Light Cruiser');
INSERT INTO ShipNames VALUES(26,'Executor I-class Star Dreadnought');
INSERT INTO ShipNames VALUES(27,'Executor II-class Star Dreadnought');
INSERT INTO ShipNames VALUES(28,'Gladiator I-Class Star Destroyer');
INSERT INTO ShipNames VALUES(29,'Gladiator II-Class Star Destroyer');
INSERT INTO ShipNames VALUES(30,'Gozanti-class Assault Carriers');
INSERT INTO ShipNames VALUES(31,'Gozanti-class Cruisers');
INSERT INTO ShipNames VALUES(32,'Imperial I-Class Star Destroyer');
INSERT INTO ShipNames VALUES(33,'Imperial II-Class Star Destroyer');
INSERT INTO ShipNames VALUES(34,'Imperial Star Destroyer Cymoon 1 Refit');
INSERT INTO ShipNames VALUES(35,'Imperial Star Destroyer Kuat Refit');
INSERT INTO ShipNames VALUES(36,'Interdictor-class Combat Refit');
INSERT INTO ShipNames VALUES(37,'Interdictor-class Suppression Refit');
INSERT INTO ShipNames VALUES(38,'Onager-class Star Destroyer');
INSERT INTO ShipNames VALUES(39,'Onager-class Testbed');
INSERT INTO ShipNames VALUES(40,'Quasar Fire I-class Cruiser-Carrier');
INSERT INTO ShipNames VALUES(41,'Quasar Fire II-class Cruiser-Carrier');
INSERT INTO ShipNames VALUES(42,'Raider I-Class Corvette');
INSERT INTO ShipNames VALUES(43,'Raider II-Class Corvette');
INSERT INTO ShipNames VALUES(44,'Star Dreadnought Assault Prototype');
INSERT INTO ShipNames VALUES(45,'Star Dreadnought Command Prototype');
INSERT INTO ShipNames VALUES(46,'Venator II-class Star Destroyer (imp)');
INSERT INTO ShipNames VALUES(47,'Victory I-Class Star Destroyer');
INSERT INTO ShipNames VALUES(48,'Victory II-Class Star Destroyer');
INSERT INTO ShipNames VALUES(49,'Gozanti-class Cruisers (cis)');
INSERT INTO ShipNames VALUES(50,'Hardcell-class Battle Refit');
INSERT INTO ShipNames VALUES(51,'Hardcell-class Transport');
INSERT INTO ShipNames VALUES(52,'Munificent-class Comms Frigate');
INSERT INTO ShipNames VALUES(53,'Munificent-class Star Frigate');
INSERT INTO ShipNames VALUES(54,'Providence-class Carrier');
INSERT INTO ShipNames VALUES(55,'Providence-class Dreadnought');
INSERT INTO ShipNames VALUES(56,'Recusant Light Destroyer');
INSERT INTO ShipNames VALUES(57,'Recusant Support Destroyer');
INSERT INTO ShipNames VALUES(58,'Acclamator I-class Assault Ship');
INSERT INTO ShipNames VALUES(59,'Acclamator II-class Assault Ship');
INSERT INTO ShipNames VALUES(60,'Consular-class Armed Cruiser');
INSERT INTO ShipNames VALUES(61,'Consular-class Charger C70');
INSERT INTO ShipNames VALUES(62,'Pelta-class Medical Frigate');
INSERT INTO ShipNames VALUES(63,'Pelta-class Transport Frigate');
INSERT INTO ShipNames VALUES(64,'Venator I-class Star Destroyer');
INSERT INTO ShipNames VALUES(65,'Venator II-class Star Destroyer');
INSERT INTO ShipNames VALUES(66,'Victory I-Class Star Destroyer (gar)');
INSERT INTO ShipNames VALUES(65,'Venator II-class Star Destroyer (gar)');
INSERT INTO ShipNames VALUES(46,'Venator II-class Star Destroyer');
INSERT INTO ShipNames VALUES(46,'Venator II (imp)');
INSERT INTO ShipNames VALUES(65,'Venator II (gar)');
INSERT INTO ShipNames VALUES(33,'Imperial II Star Destroyer');
INSERT INTO ShipNames VALUES(33,'ISD II');
INSERT INTO ShipNames VALUES(33,'ISD 2');
INSERT INTO ShipNames VALUES(32,'ISD 1');
INSERT INTO ShipNames VALUES(32,'ISD I');
INSERT INTO ShipNames VALUES(32,'Imperial I Star Destroyer');
INSERT INTO ShipNames VALUES(9,'MC30 Scout Frigate');
INSERT INTO ShipNames VALUES(10,'MC30 Torpedo Frigate');
INSERT INTO ShipNames VALUES(47,'Victory I (imp)');
INSERT INTO ShipNames VALUES(47,'Victory I-Class Star Destroyer (imp)');
INSERT INTO ShipNames VALUES(66,'Victory I (gar)');
INSERT INTO ShipNames VALUES(49,'Gozanti Cruisers (cis)');
INSERT INTO ShipNames VALUES(54,'Providence-class Carrier (cis)');
INSERT INTO ShipNames VALUES(54,'Providence Carrier (cis)');
INSERT INTO ShipNames VALUES(21,'Providence Carrier (reb)');
INSERT INTO ShipNames VALUES(31,'Gozanti-class Cruisers (imp)');
INSERT INTO ShipNames VALUES(31,'Gozanti Cruisers (imp)');
CREATE TABLE Fleets_Upgrades (
    upgrade_id INTEGER NOT NULL,
    fleet_ship_id INTEGER NOT NULL,
    FOREIGN KEY (upgrade_id) REFERENCES Upgrades (id),
    FOREIGN KEY (fleet_ship_id) REFERENCES Fleets_Ships (id)
    );
INSERT INTO Fleets_Upgrades VALUES(22,1);
INSERT INTO Fleets_Upgrades VALUES(123,1);
INSERT INTO Fleets_Upgrades VALUES(142,2);
INSERT INTO Fleets_Upgrades VALUES(289,2);
INSERT INTO Fleets_Upgrades VALUES(42,2);
INSERT INTO Fleets_Upgrades VALUES(165,2);
INSERT INTO Fleets_Upgrades VALUES(73,2);
INSERT INTO Fleets_Upgrades VALUES(267,2);
INSERT INTO Fleets_Upgrades VALUES(235,2);
INSERT INTO Fleets_Upgrades VALUES(60,3);
INSERT INTO Fleets_Upgrades VALUES(72,4);
INSERT INTO Fleets_Upgrades VALUES(123,5);
INSERT INTO Fleets_Upgrades VALUES(280,5);
INSERT INTO Fleets_Upgrades VALUES(86,5);
INSERT INTO Fleets_Upgrades VALUES(42,5);
INSERT INTO Fleets_Upgrades VALUES(73,5);
INSERT INTO Fleets_Upgrades VALUES(165,5);
INSERT INTO Fleets_Upgrades VALUES(235,5);
INSERT INTO Fleets_Upgrades VALUES(22,6);
INSERT INTO Fleets_Upgrades VALUES(150,6);
INSERT INTO Fleets_Upgrades VALUES(225,6);
INSERT INTO Fleets_Upgrades VALUES(142,7);
INSERT INTO Fleets_Upgrades VALUES(280,7);
INSERT INTO Fleets_Upgrades VALUES(165,7);
INSERT INTO Fleets_Upgrades VALUES(33,8);
INSERT INTO Fleets_Upgrades VALUES(160,8);
INSERT INTO Fleets_Upgrades VALUES(277,8);
INSERT INTO Fleets_Upgrades VALUES(76,8);
INSERT INTO Fleets_Upgrades VALUES(78,8);
INSERT INTO Fleets_Upgrades VALUES(273,8);
INSERT INTO Fleets_Upgrades VALUES(259,8);
INSERT INTO Fleets_Upgrades VALUES(129,9);
INSERT INTO Fleets_Upgrades VALUES(156,9);
INSERT INTO Fleets_Upgrades VALUES(59,9);
INSERT INTO Fleets_Upgrades VALUES(177,9);
INSERT INTO Fleets_Upgrades VALUES(251,9);
INSERT INTO Fleets_Upgrades VALUES(87,10);
INSERT INTO Fleets_Upgrades VALUES(261,10);
INSERT INTO Fleets_Upgrades VALUES(140,11);
INSERT INTO Fleets_Upgrades VALUES(261,11);
INSERT INTO Fleets_Upgrades VALUES(139,12);
INSERT INTO Fleets_Upgrades VALUES(76,12);
INSERT INTO Fleets_Upgrades VALUES(30,13);
INSERT INTO Fleets_Upgrades VALUES(148,13);
INSERT INTO Fleets_Upgrades VALUES(151,13);
INSERT INTO Fleets_Upgrades VALUES(286,13);
INSERT INTO Fleets_Upgrades VALUES(73,13);
INSERT INTO Fleets_Upgrades VALUES(267,13);
INSERT INTO Fleets_Upgrades VALUES(247,13);
INSERT INTO Fleets_Upgrades VALUES(151,14);
INSERT INTO Fleets_Upgrades VALUES(280,14);
INSERT INTO Fleets_Upgrades VALUES(42,14);
INSERT INTO Fleets_Upgrades VALUES(164,14);
INSERT INTO Fleets_Upgrades VALUES(165,14);
INSERT INTO Fleets_Upgrades VALUES(235,14);
INSERT INTO Fleets_Upgrades VALUES(123,15);
INSERT INTO Fleets_Upgrades VALUES(60,15);
INSERT INTO Fleets_Upgrades VALUES(65,16);
INSERT INTO Fleets_Upgrades VALUES(142,17);
INSERT INTO Fleets_Upgrades VALUES(292,17);
INSERT INTO Fleets_Upgrades VALUES(165,17);
INSERT INTO Fleets_Upgrades VALUES(22,18);
INSERT INTO Fleets_Upgrades VALUES(121,18);
INSERT INTO Fleets_Upgrades VALUES(174,18);
INSERT INTO Fleets_Upgrades VALUES(79,18);
INSERT INTO Fleets_Upgrades VALUES(41,18);
INSERT INTO Fleets_Upgrades VALUES(73,18);
INSERT INTO Fleets_Upgrades VALUES(237,18);
INSERT INTO Fleets_Upgrades VALUES(53,18);
INSERT INTO Fleets_Upgrades VALUES(21,19);
INSERT INTO Fleets_Upgrades VALUES(145,19);
INSERT INTO Fleets_Upgrades VALUES(286,19);
INSERT INTO Fleets_Upgrades VALUES(42,19);
INSERT INTO Fleets_Upgrades VALUES(165,19);
INSERT INTO Fleets_Upgrades VALUES(271,19);
INSERT INTO Fleets_Upgrades VALUES(232,19);
INSERT INTO Fleets_Upgrades VALUES(121,20);
INSERT INTO Fleets_Upgrades VALUES(280,20);
INSERT INTO Fleets_Upgrades VALUES(39,20);
INSERT INTO Fleets_Upgrades VALUES(165,20);
INSERT INTO Fleets_Upgrades VALUES(263,20);
INSERT INTO Fleets_Upgrades VALUES(231,20);
INSERT INTO Fleets_Upgrades VALUES(140,21);
INSERT INTO Fleets_Upgrades VALUES(179,21);
INSERT INTO Fleets_Upgrades VALUES(242,21);
INSERT INTO Fleets_Upgrades VALUES(142,22);
INSERT INTO Fleets_Upgrades VALUES(179,22);
INSERT INTO Fleets_Upgrades VALUES(271,22);
INSERT INTO Fleets_Upgrades VALUES(223,22);
INSERT INTO Fleets_Upgrades VALUES(123,23);
INSERT INTO Fleets_Upgrades VALUES(63,23);
INSERT INTO Fleets_Upgrades VALUES(226,23);
INSERT INTO Fleets_Upgrades VALUES(37,24);
INSERT INTO Fleets_Upgrades VALUES(254,24);
INSERT INTO Fleets_Upgrades VALUES(155,24);
INSERT INTO Fleets_Upgrades VALUES(87,24);
INSERT INTO Fleets_Upgrades VALUES(46,24);
INSERT INTO Fleets_Upgrades VALUES(41,24);
INSERT INTO Fleets_Upgrades VALUES(263,24);
INSERT INTO Fleets_Upgrades VALUES(73,24);
INSERT INTO Fleets_Upgrades VALUES(165,24);
INSERT INTO Fleets_Upgrades VALUES(53,24);
INSERT INTO Fleets_Upgrades VALUES(259,25);
INSERT INTO Fleets_Upgrades VALUES(160,25);
INSERT INTO Fleets_Upgrades VALUES(282,25);
INSERT INTO Fleets_Upgrades VALUES(87,25);
INSERT INTO Fleets_Upgrades VALUES(270,25);
INSERT INTO Fleets_Upgrades VALUES(165,25);
INSERT INTO Fleets_Upgrades VALUES(38,28);
INSERT INTO Fleets_Upgrades VALUES(155,28);
INSERT INTO Fleets_Upgrades VALUES(46,28);
INSERT INTO Fleets_Upgrades VALUES(53,28);
INSERT INTO Fleets_Upgrades VALUES(90,28);
INSERT INTO Fleets_Upgrades VALUES(163,28);
INSERT INTO Fleets_Upgrades VALUES(272,28);
INSERT INTO Fleets_Upgrades VALUES(160,29);
INSERT INTO Fleets_Upgrades VALUES(283,29);
INSERT INTO Fleets_Upgrades VALUES(90,29);
INSERT INTO Fleets_Upgrades VALUES(163,29);
INSERT INTO Fleets_Upgrades VALUES(274,29);
INSERT INTO Fleets_Upgrades VALUES(259,29);
INSERT INTO Fleets_Upgrades VALUES(157,30);
INSERT INTO Fleets_Upgrades VALUES(278,30);
INSERT INTO Fleets_Upgrades VALUES(90,30);
INSERT INTO Fleets_Upgrades VALUES(163,30);
INSERT INTO Fleets_Upgrades VALUES(274,30);
INSERT INTO Fleets_Upgrades VALUES(258,30);
INSERT INTO Fleets_Upgrades VALUES(21,31);
INSERT INTO Fleets_Upgrades VALUES(286,31);
INSERT INTO Fleets_Upgrades VALUES(271,32);
INSERT INTO Fleets_Upgrades VALUES(224,32);
INSERT INTO Fleets_Upgrades VALUES(52,32);
INSERT INTO Fleets_Upgrades VALUES(271,33);
INSERT INTO Fleets_Upgrades VALUES(271,34);
INSERT INTO Fleets_Upgrades VALUES(271,35);
INSERT INTO Fleets_Upgrades VALUES(271,36);
INSERT INTO Fleets_Upgrades VALUES(65,37);
INSERT INTO Fleets_Upgrades VALUES(13,38);
INSERT INTO Fleets_Upgrades VALUES(121,38);
INSERT INTO Fleets_Upgrades VALUES(289,38);
INSERT INTO Fleets_Upgrades VALUES(41,38);
INSERT INTO Fleets_Upgrades VALUES(73,38);
INSERT INTO Fleets_Upgrades VALUES(261,38);
INSERT INTO Fleets_Upgrades VALUES(188,38);
INSERT INTO Fleets_Upgrades VALUES(52,38);
INSERT INTO Fleets_Upgrades VALUES(121,39);
INSERT INTO Fleets_Upgrades VALUES(289,39);
INSERT INTO Fleets_Upgrades VALUES(41,39);
INSERT INTO Fleets_Upgrades VALUES(73,39);
INSERT INTO Fleets_Upgrades VALUES(261,39);
INSERT INTO Fleets_Upgrades VALUES(112,40);
INSERT INTO Fleets_Upgrades VALUES(60,40);
INSERT INTO Fleets_Upgrades VALUES(185,40);
INSERT INTO Fleets_Upgrades VALUES(42,40);
INSERT INTO Fleets_Upgrades VALUES(104,41);
INSERT INTO Fleets_Upgrades VALUES(60,41);
INSERT INTO Fleets_Upgrades VALUES(3,42);
INSERT INTO Fleets_Upgrades VALUES(97,42);
INSERT INTO Fleets_Upgrades VALUES(176,42);
INSERT INTO Fleets_Upgrades VALUES(84,42);
INSERT INTO Fleets_Upgrades VALUES(49,42);
INSERT INTO Fleets_Upgrades VALUES(50,42);
INSERT INTO Fleets_Upgrades VALUES(73,42);
INSERT INTO Fleets_Upgrades VALUES(192,42);
INSERT INTO Fleets_Upgrades VALUES(98,43);
INSERT INTO Fleets_Upgrades VALUES(176,43);
INSERT INTO Fleets_Upgrades VALUES(84,43);
INSERT INTO Fleets_Upgrades VALUES(50,43);
INSERT INTO Fleets_Upgrades VALUES(48,43);
INSERT INTO Fleets_Upgrades VALUES(73,43);
INSERT INTO Fleets_Upgrades VALUES(63,44);
INSERT INTO Fleets_Upgrades VALUES(13,45);
INSERT INTO Fleets_Upgrades VALUES(97,45);
INSERT INTO Fleets_Upgrades VALUES(289,45);
INSERT INTO Fleets_Upgrades VALUES(42,45);
INSERT INTO Fleets_Upgrades VALUES(73,45);
INSERT INTO Fleets_Upgrades VALUES(261,45);
INSERT INTO Fleets_Upgrades VALUES(112,46);
INSERT INTO Fleets_Upgrades VALUES(280,46);
INSERT INTO Fleets_Upgrades VALUES(165,46);
INSERT INTO Fleets_Upgrades VALUES(183,46);
INSERT INTO Fleets_Upgrades VALUES(42,46);
INSERT INTO Fleets_Upgrades VALUES(60,47);
INSERT INTO Fleets_Upgrades VALUES(15,48);
INSERT INTO Fleets_Upgrades VALUES(176,48);
INSERT INTO Fleets_Upgrades VALUES(63,48);
INSERT INTO Fleets_Upgrades VALUES(42,48);
INSERT INTO Fleets_Upgrades VALUES(123,49);
INSERT INTO Fleets_Upgrades VALUES(176,49);
INSERT INTO Fleets_Upgrades VALUES(59,49);
INSERT INTO Fleets_Upgrades VALUES(176,50);
INSERT INTO Fleets_Upgrades VALUES(78,50);
INSERT INTO Fleets_Upgrades VALUES(138,51);
INSERT INTO Fleets_Upgrades VALUES(176,51);
INSERT INTO Fleets_Upgrades VALUES(76,51);
INSERT INTO Fleets_Upgrades VALUES(11,52);
INSERT INTO Fleets_Upgrades VALUES(97,52);
INSERT INTO Fleets_Upgrades VALUES(277,52);
INSERT INTO Fleets_Upgrades VALUES(78,52);
INSERT INTO Fleets_Upgrades VALUES(41,52);
INSERT INTO Fleets_Upgrades VALUES(270,52);
INSERT INTO Fleets_Upgrades VALUES(193,52);
INSERT INTO Fleets_Upgrades VALUES(179,53);
INSERT INTO Fleets_Upgrades VALUES(193,53);
INSERT INTO Fleets_Upgrades VALUES(37,54);
INSERT INTO Fleets_Upgrades VALUES(155,54);
INSERT INTO Fleets_Upgrades VALUES(46,54);
INSERT INTO Fleets_Upgrades VALUES(53,54);
INSERT INTO Fleets_Upgrades VALUES(87,54);
INSERT INTO Fleets_Upgrades VALUES(165,54);
INSERT INTO Fleets_Upgrades VALUES(69,54);
INSERT INTO Fleets_Upgrades VALUES(263,54);
INSERT INTO Fleets_Upgrades VALUES(254,54);
INSERT INTO Fleets_Upgrades VALUES(42,54);
INSERT INTO Fleets_Upgrades VALUES(157,55);
INSERT INTO Fleets_Upgrades VALUES(280,55);
INSERT INTO Fleets_Upgrades VALUES(87,55);
INSERT INTO Fleets_Upgrades VALUES(162,55);
INSERT INTO Fleets_Upgrades VALUES(274,55);
INSERT INTO Fleets_Upgrades VALUES(259,55);
INSERT INTO Fleets_Upgrades VALUES(63,56);
INSERT INTO Fleets_Upgrades VALUES(250,56);
INSERT INTO Fleets_Upgrades VALUES(22,57);
INSERT INTO Fleets_Upgrades VALUES(140,57);
INSERT INTO Fleets_Upgrades VALUES(79,57);
INSERT INTO Fleets_Upgrades VALUES(45,57);
INSERT INTO Fleets_Upgrades VALUES(165,57);
INSERT INTO Fleets_Upgrades VALUES(73,57);
INSERT INTO Fleets_Upgrades VALUES(53,57);
INSERT INTO Fleets_Upgrades VALUES(146,58);
INSERT INTO Fleets_Upgrades VALUES(60,58);
INSERT INTO Fleets_Upgrades VALUES(145,59);
INSERT INTO Fleets_Upgrades VALUES(289,59);
INSERT INTO Fleets_Upgrades VALUES(45,59);
INSERT INTO Fleets_Upgrades VALUES(165,59);
INSERT INTO Fleets_Upgrades VALUES(73,59);
INSERT INTO Fleets_Upgrades VALUES(267,59);
INSERT INTO Fleets_Upgrades VALUES(235,59);
INSERT INTO Fleets_Upgrades VALUES(123,60);
INSERT INTO Fleets_Upgrades VALUES(72,60);
INSERT INTO Fleets_Upgrades VALUES(63,62);
INSERT INTO Fleets_Upgrades VALUES(126,63);
INSERT INTO Fleets_Upgrades VALUES(280,63);
INSERT INTO Fleets_Upgrades VALUES(174,63);
INSERT INTO Fleets_Upgrades VALUES(163,63);
INSERT INTO Fleets_Upgrades VALUES(183,63);
INSERT INTO Fleets_Upgrades VALUES(4,64);
INSERT INTO Fleets_Upgrades VALUES(100,64);
INSERT INTO Fleets_Upgrades VALUES(53,64);
INSERT INTO Fleets_Upgrades VALUES(278,64);
INSERT INTO Fleets_Upgrades VALUES(273,64);
INSERT INTO Fleets_Upgrades VALUES(261,64);
INSERT INTO Fleets_Upgrades VALUES(191,64);
INSERT INTO Fleets_Upgrades VALUES(17,65);
INSERT INTO Fleets_Upgrades VALUES(122,65);
INSERT INTO Fleets_Upgrades VALUES(277,65);
INSERT INTO Fleets_Upgrades VALUES(79,65);
INSERT INTO Fleets_Upgrades VALUES(46,65);
INSERT INTO Fleets_Upgrades VALUES(266,65);
INSERT INTO Fleets_Upgrades VALUES(218,65);
INSERT INTO Fleets_Upgrades VALUES(57,65);
INSERT INTO Fleets_Upgrades VALUES(122,66);
INSERT INTO Fleets_Upgrades VALUES(179,66);
INSERT INTO Fleets_Upgrades VALUES(59,66);
INSERT INTO Fleets_Upgrades VALUES(216,66);
INSERT INTO Fleets_Upgrades VALUES(213,67);
INSERT INTO Fleets_Upgrades VALUES(60,67);
INSERT INTO Fleets_Upgrades VALUES(181,68);
INSERT INTO Fleets_Upgrades VALUES(98,68);
INSERT INTO Fleets_Upgrades VALUES(174,68);
INSERT INTO Fleets_Upgrades VALUES(6,69);
INSERT INTO Fleets_Upgrades VALUES(200,69);
INSERT INTO Fleets_Upgrades VALUES(123,69);
INSERT INTO Fleets_Upgrades VALUES(60,70);
INSERT INTO Fleets_Upgrades VALUES(60,71);
INSERT INTO Fleets_Upgrades VALUES(198,72);
INSERT INTO Fleets_Upgrades VALUES(126,72);
INSERT INTO Fleets_Upgrades VALUES(277,72);
INSERT INTO Fleets_Upgrades VALUES(76,72);
INSERT INTO Fleets_Upgrades VALUES(29,73);
INSERT INTO Fleets_Upgrades VALUES(148,73);
INSERT INTO Fleets_Upgrades VALUES(289,73);
INSERT INTO Fleets_Upgrades VALUES(42,73);
INSERT INTO Fleets_Upgrades VALUES(261,73);
INSERT INTO Fleets_Upgrades VALUES(140,74);
INSERT INTO Fleets_Upgrades VALUES(271,74);
INSERT INTO Fleets_Upgrades VALUES(223,74);
INSERT INTO Fleets_Upgrades VALUES(142,75);
INSERT INTO Fleets_Upgrades VALUES(292,75);
INSERT INTO Fleets_Upgrades VALUES(165,75);
INSERT INTO Fleets_Upgrades VALUES(150,76);
INSERT INTO Fleets_Upgrades VALUES(65,76);
INSERT INTO Fleets_Upgrades VALUES(226,76);
INSERT INTO Fleets_Upgrades VALUES(9,77);
INSERT INTO Fleets_Upgrades VALUES(108,77);
INSERT INTO Fleets_Upgrades VALUES(275,77);
INSERT INTO Fleets_Upgrades VALUES(280,77);
INSERT INTO Fleets_Upgrades VALUES(170,77);
INSERT INTO Fleets_Upgrades VALUES(112,78);
INSERT INTO Fleets_Upgrades VALUES(278,78);
INSERT INTO Fleets_Upgrades VALUES(77,78);
INSERT INTO Fleets_Upgrades VALUES(272,78);
INSERT INTO Fleets_Upgrades VALUES(73,78);
INSERT INTO Fleets_Upgrades VALUES(209,78);
INSERT INTO Fleets_Upgrades VALUES(42,78);
INSERT INTO Fleets_Upgrades VALUES(104,79);
INSERT INTO Fleets_Upgrades VALUES(63,79);
INSERT INTO Fleets_Upgrades VALUES(60,80);
INSERT INTO Fleets_Upgrades VALUES(13,81);
INSERT INTO Fleets_Upgrades VALUES(98,81);
INSERT INTO Fleets_Upgrades VALUES(277,81);
INSERT INTO Fleets_Upgrades VALUES(78,81);
INSERT INTO Fleets_Upgrades VALUES(42,81);
INSERT INTO Fleets_Upgrades VALUES(68,81);
INSERT INTO Fleets_Upgrades VALUES(271,81);
INSERT INTO Fleets_Upgrades VALUES(126,82);
INSERT INTO Fleets_Upgrades VALUES(280,82);
INSERT INTO Fleets_Upgrades VALUES(165,82);
INSERT INTO Fleets_Upgrades VALUES(183,82);
INSERT INTO Fleets_Upgrades VALUES(123,83);
INSERT INTO Fleets_Upgrades VALUES(60,83);
INSERT INTO Fleets_Upgrades VALUES(87,83);
INSERT INTO Fleets_Upgrades VALUES(13,84);
INSERT INTO Fleets_Upgrades VALUES(113,84);
INSERT INTO Fleets_Upgrades VALUES(124,84);
INSERT INTO Fleets_Upgrades VALUES(98,84);
INSERT INTO Fleets_Upgrades VALUES(278,84);
INSERT INTO Fleets_Upgrades VALUES(86,84);
INSERT INTO Fleets_Upgrades VALUES(66,84);
INSERT INTO Fleets_Upgrades VALUES(271,84);
INSERT INTO Fleets_Upgrades VALUES(268,84);
INSERT INTO Fleets_Upgrades VALUES(206,84);
INSERT INTO Fleets_Upgrades VALUES(104,85);
INSERT INTO Fleets_Upgrades VALUES(60,85);
INSERT INTO Fleets_Upgrades VALUES(64,86);
INSERT INTO Fleets_Upgrades VALUES(150,87);
INSERT INTO Fleets_Upgrades VALUES(277,87);
INSERT INTO Fleets_Upgrades VALUES(42,87);
INSERT INTO Fleets_Upgrades VALUES(220,87);
INSERT INTO Fleets_Upgrades VALUES(31,88);
INSERT INTO Fleets_Upgrades VALUES(147,88);
INSERT INTO Fleets_Upgrades VALUES(224,88);
INSERT INTO Fleets_Upgrades VALUES(51,88);
INSERT INTO Fleets_Upgrades VALUES(152,89);
INSERT INTO Fleets_Upgrades VALUES(59,89);
INSERT INTO Fleets_Upgrades VALUES(123,90);
INSERT INTO Fleets_Upgrades VALUES(173,90);
INSERT INTO Fleets_Upgrades VALUES(264,90);
INSERT INTO Fleets_Upgrades VALUES(244,90);
INSERT INTO Fleets_Upgrades VALUES(286,90);
INSERT INTO Fleets_Upgrades VALUES(21,91);
INSERT INTO Fleets_Upgrades VALUES(124,91);
INSERT INTO Fleets_Upgrades VALUES(286,91);
INSERT INTO Fleets_Upgrades VALUES(42,91);
INSERT INTO Fleets_Upgrades VALUES(269,91);
INSERT INTO Fleets_Upgrades VALUES(121,92);
INSERT INTO Fleets_Upgrades VALUES(280,92);
INSERT INTO Fleets_Upgrades VALUES(165,92);
INSERT INTO Fleets_Upgrades VALUES(263,92);
INSERT INTO Fleets_Upgrades VALUES(232,92);
INSERT INTO Fleets_Upgrades VALUES(142,93);
INSERT INTO Fleets_Upgrades VALUES(60,93);
INSERT INTO Fleets_Upgrades VALUES(123,94);
INSERT INTO Fleets_Upgrades VALUES(60,94);
INSERT INTO Fleets_Upgrades VALUES(3,95);
INSERT INTO Fleets_Upgrades VALUES(112,95);
INSERT INTO Fleets_Upgrades VALUES(283,95);
INSERT INTO Fleets_Upgrades VALUES(77,95);
INSERT INTO Fleets_Upgrades VALUES(267,95);
INSERT INTO Fleets_Upgrades VALUES(66,95);
INSERT INTO Fleets_Upgrades VALUES(209,95);
INSERT INTO Fleets_Upgrades VALUES(174,95);
INSERT INTO Fleets_Upgrades VALUES(42,95);
INSERT INTO Fleets_Upgrades VALUES(100,96);
INSERT INTO Fleets_Upgrades VALUES(280,96);
INSERT INTO Fleets_Upgrades VALUES(174,96);
INSERT INTO Fleets_Upgrades VALUES(165,96);
INSERT INTO Fleets_Upgrades VALUES(183,96);
INSERT INTO Fleets_Upgrades VALUES(104,97);
INSERT INTO Fleets_Upgrades VALUES(60,97);
INSERT INTO Fleets_Upgrades VALUES(123,98);
INSERT INTO Fleets_Upgrades VALUES(87,98);
INSERT INTO Fleets_Upgrades VALUES(6,99);
INSERT INTO Fleets_Upgrades VALUES(200,99);
INSERT INTO Fleets_Upgrades VALUES(60,100);
INSERT INTO Fleets_Upgrades VALUES(76,101);
INSERT INTO Fleets_Upgrades VALUES(280,102);
INSERT INTO Fleets_Upgrades VALUES(168,102);
INSERT INTO Fleets_Upgrades VALUES(280,103);
INSERT INTO Fleets_Upgrades VALUES(168,103);
INSERT INTO Fleets_Upgrades VALUES(6,104);
INSERT INTO Fleets_Upgrades VALUES(98,104);
INSERT INTO Fleets_Upgrades VALUES(278,104);
INSERT INTO Fleets_Upgrades VALUES(87,104);
INSERT INTO Fleets_Upgrades VALUES(42,104);
INSERT INTO Fleets_Upgrades VALUES(73,104);
INSERT INTO Fleets_Upgrades VALUES(277,105);
INSERT INTO Fleets_Upgrades VALUES(78,105);
INSERT INTO Fleets_Upgrades VALUES(76,105);
INSERT INTO Fleets_Upgrades VALUES(198,105);
INSERT INTO Fleets_Upgrades VALUES(60,106);
INSERT INTO Fleets_Upgrades VALUES(37,107);
INSERT INTO Fleets_Upgrades VALUES(46,107);
INSERT INTO Fleets_Upgrades VALUES(80,107);
INSERT INTO Fleets_Upgrades VALUES(73,107);
INSERT INTO Fleets_Upgrades VALUES(260,107);
INSERT INTO Fleets_Upgrades VALUES(254,107);
INSERT INTO Fleets_Upgrades VALUES(41,107);
INSERT INTO Fleets_Upgrades VALUES(280,108);
INSERT INTO Fleets_Upgrades VALUES(162,108);
INSERT INTO Fleets_Upgrades VALUES(274,108);
INSERT INTO Fleets_Upgrades VALUES(259,108);
INSERT INTO Fleets_Upgrades VALUES(160,109);
INSERT INTO Fleets_Upgrades VALUES(278,109);
INSERT INTO Fleets_Upgrades VALUES(162,109);
INSERT INTO Fleets_Upgrades VALUES(274,109);
INSERT INTO Fleets_Upgrades VALUES(124,111);
INSERT INTO Fleets_Upgrades VALUES(280,111);
INSERT INTO Fleets_Upgrades VALUES(42,111);
INSERT INTO Fleets_Upgrades VALUES(165,111);
INSERT INTO Fleets_Upgrades VALUES(163,111);
INSERT INTO Fleets_Upgrades VALUES(22,112);
INSERT INTO Fleets_Upgrades VALUES(147,112);
INSERT INTO Fleets_Upgrades VALUES(42,112);
INSERT INTO Fleets_Upgrades VALUES(73,112);
INSERT INTO Fleets_Upgrades VALUES(123,113);
INSERT INTO Fleets_Upgrades VALUES(65,113);
INSERT INTO Fleets_Upgrades VALUES(226,113);
INSERT INTO Fleets_Upgrades VALUES(142,114);
INSERT INTO Fleets_Upgrades VALUES(60,114);
INSERT INTO Fleets_Upgrades VALUES(21,115);
INSERT INTO Fleets_Upgrades VALUES(220,115);
INSERT INTO Fleets_Upgrades VALUES(124,115);
INSERT INTO Fleets_Upgrades VALUES(286,115);
INSERT INTO Fleets_Upgrades VALUES(42,115);
INSERT INTO Fleets_Upgrades VALUES(272,115);
INSERT INTO Fleets_Upgrades VALUES(223,116);
INSERT INTO Fleets_Upgrades VALUES(271,116);
INSERT INTO Fleets_Upgrades VALUES(150,117);
INSERT INTO Fleets_Upgrades VALUES(76,117);
INSERT INTO Fleets_Upgrades VALUES(60,117);
INSERT INTO Fleets_Upgrades VALUES(76,118);
INSERT INTO Fleets_Upgrades VALUES(60,118);
INSERT INTO Fleets_Upgrades VALUES(6,119);
INSERT INTO Fleets_Upgrades VALUES(93,119);
INSERT INTO Fleets_Upgrades VALUES(289,119);
INSERT INTO Fleets_Upgrades VALUES(42,119);
INSERT INTO Fleets_Upgrades VALUES(69,119);
INSERT INTO Fleets_Upgrades VALUES(165,119);
INSERT INTO Fleets_Upgrades VALUES(191,119);
INSERT INTO Fleets_Upgrades VALUES(92,120);
INSERT INTO Fleets_Upgrades VALUES(277,120);
INSERT INTO Fleets_Upgrades VALUES(76,120);
INSERT INTO Fleets_Upgrades VALUES(198,120);
INSERT INTO Fleets_Upgrades VALUES(63,121);
INSERT INTO Fleets_Upgrades VALUES(17,122);
INSERT INTO Fleets_Upgrades VALUES(126,122);
INSERT INTO Fleets_Upgrades VALUES(277,122);
INSERT INTO Fleets_Upgrades VALUES(79,122);
INSERT INTO Fleets_Upgrades VALUES(46,122);
INSERT INTO Fleets_Upgrades VALUES(165,122);
INSERT INTO Fleets_Upgrades VALUES(266,122);
INSERT INTO Fleets_Upgrades VALUES(218,122);
INSERT INTO Fleets_Upgrades VALUES(57,122);
INSERT INTO Fleets_Upgrades VALUES(138,123);
INSERT INTO Fleets_Upgrades VALUES(213,123);
INSERT INTO Fleets_Upgrades VALUES(59,123);
INSERT INTO Fleets_Upgrades VALUES(123,124);
INSERT INTO Fleets_Upgrades VALUES(179,124);
INSERT INTO Fleets_Upgrades VALUES(214,124);
INSERT INTO Fleets_Upgrades VALUES(259,125);
INSERT INTO Fleets_Upgrades VALUES(160,125);
INSERT INTO Fleets_Upgrades VALUES(277,125);
INSERT INTO Fleets_Upgrades VALUES(76,125);
INSERT INTO Fleets_Upgrades VALUES(87,125);
INSERT INTO Fleets_Upgrades VALUES(261,125);
INSERT INTO Fleets_Upgrades VALUES(33,126);
INSERT INTO Fleets_Upgrades VALUES(155,126);
INSERT INTO Fleets_Upgrades VALUES(277,126);
INSERT INTO Fleets_Upgrades VALUES(76,126);
INSERT INTO Fleets_Upgrades VALUES(87,126);
INSERT INTO Fleets_Upgrades VALUES(261,126);
INSERT INTO Fleets_Upgrades VALUES(21,127);
INSERT INTO Fleets_Upgrades VALUES(140,127);
INSERT INTO Fleets_Upgrades VALUES(174,127);
INSERT INTO Fleets_Upgrades VALUES(42,127);
INSERT INTO Fleets_Upgrades VALUES(69,127);
INSERT INTO Fleets_Upgrades VALUES(272,127);
INSERT INTO Fleets_Upgrades VALUES(237,127);
INSERT INTO Fleets_Upgrades VALUES(148,128);
INSERT INTO Fleets_Upgrades VALUES(174,128);
INSERT INTO Fleets_Upgrades VALUES(86,128);
INSERT INTO Fleets_Upgrades VALUES(42,128);
INSERT INTO Fleets_Upgrades VALUES(69,128);
INSERT INTO Fleets_Upgrades VALUES(272,128);
INSERT INTO Fleets_Upgrades VALUES(236,128);
INSERT INTO Fleets_Upgrades VALUES(60,129);
INSERT INTO Fleets_Upgrades VALUES(63,130);
INSERT INTO Fleets_Upgrades VALUES(30,131);
INSERT INTO Fleets_Upgrades VALUES(148,131);
INSERT INTO Fleets_Upgrades VALUES(151,131);
INSERT INTO Fleets_Upgrades VALUES(280,131);
INSERT INTO Fleets_Upgrades VALUES(289,131);
INSERT INTO Fleets_Upgrades VALUES(173,131);
INSERT INTO Fleets_Upgrades VALUES(174,131);
INSERT INTO Fleets_Upgrades VALUES(80,131);
INSERT INTO Fleets_Upgrades VALUES(142,132);
INSERT INTO Fleets_Upgrades VALUES(271,132);
INSERT INTO Fleets_Upgrades VALUES(223,132);
INSERT INTO Fleets_Upgrades VALUES(271,133);
INSERT INTO Fleets_Upgrades VALUES(271,134);
INSERT INTO Fleets_Upgrades VALUES(140,135);
INSERT INTO Fleets_Upgrades VALUES(60,135);
INSERT INTO Fleets_Upgrades VALUES(145,136);
INSERT INTO Fleets_Upgrades VALUES(65,136);
INSERT INTO Fleets_Upgrades VALUES(227,136);
INSERT INTO Fleets_Upgrades VALUES(33,137);
INSERT INTO Fleets_Upgrades VALUES(155,137);
INSERT INTO Fleets_Upgrades VALUES(277,137);
INSERT INTO Fleets_Upgrades VALUES(81,137);
INSERT INTO Fleets_Upgrades VALUES(69,137);
INSERT INTO Fleets_Upgrades VALUES(165,137);
INSERT INTO Fleets_Upgrades VALUES(273,137);
INSERT INTO Fleets_Upgrades VALUES(272,137);
INSERT INTO Fleets_Upgrades VALUES(254,137);
INSERT INTO Fleets_Upgrades VALUES(46,137);
INSERT INTO Fleets_Upgrades VALUES(157,138);
INSERT INTO Fleets_Upgrades VALUES(283,138);
INSERT INTO Fleets_Upgrades VALUES(163,138);
INSERT INTO Fleets_Upgrades VALUES(274,138);
INSERT INTO Fleets_Upgrades VALUES(259,138);
INSERT INTO Fleets_Upgrades VALUES(160,139);
INSERT INTO Fleets_Upgrades VALUES(2,140);
INSERT INTO Fleets_Upgrades VALUES(98,140);
INSERT INTO Fleets_Upgrades VALUES(48,140);
INSERT INTO Fleets_Upgrades VALUES(49,140);
INSERT INTO Fleets_Upgrades VALUES(121,141);
INSERT INTO Fleets_Upgrades VALUES(77,141);
INSERT INTO Fleets_Upgrades VALUES(261,141);
INSERT INTO Fleets_Upgrades VALUES(207,141);
INSERT INTO Fleets_Upgrades VALUES(121,142);
INSERT INTO Fleets_Upgrades VALUES(278,142);
INSERT INTO Fleets_Upgrades VALUES(77,142);
INSERT INTO Fleets_Upgrades VALUES(138,143);
INSERT INTO Fleets_Upgrades VALUES(285,143);
INSERT INTO Fleets_Upgrades VALUES(46,143);
INSERT INTO Fleets_Upgrades VALUES(165,143);
INSERT INTO Fleets_Upgrades VALUES(266,143);
INSERT INTO Fleets_Upgrades VALUES(211,143);
INSERT INTO Fleets_Upgrades VALUES(176,144);
INSERT INTO Fleets_Upgrades VALUES(214,144);
INSERT INTO Fleets_Upgrades VALUES(17,145);
INSERT INTO Fleets_Upgrades VALUES(132,145);
INSERT INTO Fleets_Upgrades VALUES(277,145);
INSERT INTO Fleets_Upgrades VALUES(79,145);
INSERT INTO Fleets_Upgrades VALUES(46,145);
INSERT INTO Fleets_Upgrades VALUES(260,145);
INSERT INTO Fleets_Upgrades VALUES(57,145);
INSERT INTO Fleets_Upgrades VALUES(9,146);
INSERT INTO Fleets_Upgrades VALUES(113,146);
INSERT INTO Fleets_Upgrades VALUES(277,146);
INSERT INTO Fleets_Upgrades VALUES(78,146);
INSERT INTO Fleets_Upgrades VALUES(42,146);
INSERT INTO Fleets_Upgrades VALUES(69,146);
INSERT INTO Fleets_Upgrades VALUES(190,146);
INSERT INTO Fleets_Upgrades VALUES(98,147);
INSERT INTO Fleets_Upgrades VALUES(271,147);
INSERT INTO Fleets_Upgrades VALUES(181,147);
INSERT INTO Fleets_Upgrades VALUES(123,148);
INSERT INTO Fleets_Upgrades VALUES(60,148);
INSERT INTO Fleets_Upgrades VALUES(35,149);
INSERT INTO Fleets_Upgrades VALUES(155,149);
INSERT INTO Fleets_Upgrades VALUES(46,149);
INSERT INTO Fleets_Upgrades VALUES(53,149);
INSERT INTO Fleets_Upgrades VALUES(78,149);
INSERT INTO Fleets_Upgrades VALUES(165,149);
INSERT INTO Fleets_Upgrades VALUES(73,149);
INSERT INTO Fleets_Upgrades VALUES(263,149);
INSERT INTO Fleets_Upgrades VALUES(254,149);
INSERT INTO Fleets_Upgrades VALUES(41,149);
INSERT INTO Fleets_Upgrades VALUES(123,150);
INSERT INTO Fleets_Upgrades VALUES(156,150);
INSERT INTO Fleets_Upgrades VALUES(179,150);
INSERT INTO Fleets_Upgrades VALUES(59,150);
INSERT INTO Fleets_Upgrades VALUES(159,151);
INSERT INTO Fleets_Upgrades VALUES(11,152);
INSERT INTO Fleets_Upgrades VALUES(121,152);
INSERT INTO Fleets_Upgrades VALUES(283,152);
INSERT INTO Fleets_Upgrades VALUES(42,152);
INSERT INTO Fleets_Upgrades VALUES(66,152);
INSERT INTO Fleets_Upgrades VALUES(190,152);
INSERT INTO Fleets_Upgrades VALUES(112,153);
INSERT INTO Fleets_Upgrades VALUES(281,153);
INSERT INTO Fleets_Upgrades VALUES(176,153);
INSERT INTO Fleets_Upgrades VALUES(183,153);
INSERT INTO Fleets_Upgrades VALUES(42,153);
INSERT INTO Fleets_Upgrades VALUES(60,154);
INSERT INTO Fleets_Upgrades VALUES(60,155);
INSERT INTO Fleets_Upgrades VALUES(30,156);
INSERT INTO Fleets_Upgrades VALUES(147,156);
INSERT INTO Fleets_Upgrades VALUES(286,156);
INSERT INTO Fleets_Upgrades VALUES(173,156);
INSERT INTO Fleets_Upgrades VALUES(73,156);
INSERT INTO Fleets_Upgrades VALUES(270,156);
INSERT INTO Fleets_Upgrades VALUES(271,156);
INSERT INTO Fleets_Upgrades VALUES(241,156);
INSERT INTO Fleets_Upgrades VALUES(140,157);
INSERT INTO Fleets_Upgrades VALUES(271,157);
INSERT INTO Fleets_Upgrades VALUES(225,157);
INSERT INTO Fleets_Upgrades VALUES(150,158);
INSERT INTO Fleets_Upgrades VALUES(62,158);
INSERT INTO Fleets_Upgrades VALUES(140,159);
INSERT INTO Fleets_Upgrades VALUES(60,159);
INSERT INTO Fleets_Upgrades VALUES(226,159);
INSERT INTO Fleets_Upgrades VALUES(23,160);
INSERT INTO Fleets_Upgrades VALUES(121,160);
INSERT INTO Fleets_Upgrades VALUES(286,160);
INSERT INTO Fleets_Upgrades VALUES(163,160);
INSERT INTO Fleets_Upgrades VALUES(262,160);
INSERT INTO Fleets_Upgrades VALUES(232,160);
INSERT INTO Fleets_Upgrades VALUES(148,161);
INSERT INTO Fleets_Upgrades VALUES(150,161);
INSERT INTO Fleets_Upgrades VALUES(280,161);
INSERT INTO Fleets_Upgrades VALUES(283,161);
INSERT INTO Fleets_Upgrades VALUES(173,161);
INSERT INTO Fleets_Upgrades VALUES(174,161);
INSERT INTO Fleets_Upgrades VALUES(2,162);
INSERT INTO Fleets_Upgrades VALUES(190,162);
INSERT INTO Fleets_Upgrades VALUES(106,162);
INSERT INTO Fleets_Upgrades VALUES(287,162);
INSERT INTO Fleets_Upgrades VALUES(41,162);
INSERT INTO Fleets_Upgrades VALUES(270,162);
INSERT INTO Fleets_Upgrades VALUES(73,162);
INSERT INTO Fleets_Upgrades VALUES(200,163);
INSERT INTO Fleets_Upgrades VALUES(108,163);
INSERT INTO Fleets_Upgrades VALUES(77,163);
INSERT INTO Fleets_Upgrades VALUES(66,163);
INSERT INTO Fleets_Upgrades VALUES(209,164);
INSERT INTO Fleets_Upgrades VALUES(100,164);
INSERT INTO Fleets_Upgrades VALUES(278,164);
INSERT INTO Fleets_Upgrades VALUES(174,164);
INSERT INTO Fleets_Upgrades VALUES(77,164);
INSERT INTO Fleets_Upgrades VALUES(267,164);
INSERT INTO Fleets_Upgrades VALUES(66,164);
INSERT INTO Fleets_Upgrades VALUES(123,165);
INSERT INTO Fleets_Upgrades VALUES(60,165);
INSERT INTO Fleets_Upgrades VALUES(3,166);
INSERT INTO Fleets_Upgrades VALUES(98,166);
INSERT INTO Fleets_Upgrades VALUES(277,166);
INSERT INTO Fleets_Upgrades VALUES(87,166);
INSERT INTO Fleets_Upgrades VALUES(42,166);
INSERT INTO Fleets_Upgrades VALUES(73,166);
INSERT INTO Fleets_Upgrades VALUES(267,166);
INSERT INTO Fleets_Upgrades VALUES(93,167);
INSERT INTO Fleets_Upgrades VALUES(280,167);
INSERT INTO Fleets_Upgrades VALUES(165,167);
INSERT INTO Fleets_Upgrades VALUES(183,167);
INSERT INTO Fleets_Upgrades VALUES(60,168);
INSERT INTO Fleets_Upgrades VALUES(87,168);
INSERT INTO Fleets_Upgrades VALUES(30,169);
INSERT INTO Fleets_Upgrades VALUES(148,169);
INSERT INTO Fleets_Upgrades VALUES(127,169);
INSERT INTO Fleets_Upgrades VALUES(282,169);
INSERT INTO Fleets_Upgrades VALUES(81,169);
INSERT INTO Fleets_Upgrades VALUES(73,169);
INSERT INTO Fleets_Upgrades VALUES(272,169);
INSERT INTO Fleets_Upgrades VALUES(247,169);
INSERT INTO Fleets_Upgrades VALUES(150,170);
INSERT INTO Fleets_Upgrades VALUES(60,170);
INSERT INTO Fleets_Upgrades VALUES(226,170);
INSERT INTO Fleets_Upgrades VALUES(140,171);
INSERT INTO Fleets_Upgrades VALUES(179,171);
INSERT INTO Fleets_Upgrades VALUES(53,171);
INSERT INTO Fleets_Upgrades VALUES(166,171);
INSERT INTO Fleets_Upgrades VALUES(13,172);
INSERT INTO Fleets_Upgrades VALUES(121,172);
INSERT INTO Fleets_Upgrades VALUES(278,172);
INSERT INTO Fleets_Upgrades VALUES(41,172);
INSERT INTO Fleets_Upgrades VALUES(73,172);
INSERT INTO Fleets_Upgrades VALUES(272,172);
INSERT INTO Fleets_Upgrades VALUES(188,172);
INSERT INTO Fleets_Upgrades VALUES(52,172);
INSERT INTO Fleets_Upgrades VALUES(121,173);
INSERT INTO Fleets_Upgrades VALUES(289,173);
INSERT INTO Fleets_Upgrades VALUES(41,173);
INSERT INTO Fleets_Upgrades VALUES(73,173);
INSERT INTO Fleets_Upgrades VALUES(272,173);
INSERT INTO Fleets_Upgrades VALUES(191,173);
INSERT INTO Fleets_Upgrades VALUES(123,174);
INSERT INTO Fleets_Upgrades VALUES(62,174);
INSERT INTO Fleets_Upgrades VALUES(185,174);
INSERT INTO Fleets_Upgrades VALUES(104,175);
INSERT INTO Fleets_Upgrades VALUES(60,175);
INSERT INTO Fleets_Upgrades VALUES(22,176);
INSERT INTO Fleets_Upgrades VALUES(121,176);
INSERT INTO Fleets_Upgrades VALUES(174,176);
INSERT INTO Fleets_Upgrades VALUES(79,176);
INSERT INTO Fleets_Upgrades VALUES(42,176);
INSERT INTO Fleets_Upgrades VALUES(73,176);
INSERT INTO Fleets_Upgrades VALUES(237,176);
INSERT INTO Fleets_Upgrades VALUES(53,176);
INSERT INTO Fleets_Upgrades VALUES(151,177);
INSERT INTO Fleets_Upgrades VALUES(280,177);
INSERT INTO Fleets_Upgrades VALUES(42,177);
INSERT INTO Fleets_Upgrades VALUES(164,177);
INSERT INTO Fleets_Upgrades VALUES(165,177);
INSERT INTO Fleets_Upgrades VALUES(235,177);
INSERT INTO Fleets_Upgrades VALUES(123,178);
INSERT INTO Fleets_Upgrades VALUES(179,178);
INSERT INTO Fleets_Upgrades VALUES(225,178);
INSERT INTO Fleets_Upgrades VALUES(129,179);
INSERT INTO Fleets_Upgrades VALUES(292,179);
INSERT INTO Fleets_Upgrades VALUES(165,179);
INSERT INTO Fleets_Upgrades VALUES(124,180);
INSERT INTO Fleets_Upgrades VALUES(279,180);
INSERT INTO Fleets_Upgrades VALUES(53,180);
INSERT INTO Fleets_Upgrades VALUES(89,180);
INSERT INTO Fleets_Upgrades VALUES(165,180);
INSERT INTO Fleets_Upgrades VALUES(272,180);
INSERT INTO Fleets_Upgrades VALUES(218,180);
INSERT INTO Fleets_Upgrades VALUES(123,181);
INSERT INTO Fleets_Upgrades VALUES(179,181);
INSERT INTO Fleets_Upgrades VALUES(63,181);
INSERT INTO Fleets_Upgrades VALUES(179,182);
INSERT INTO Fleets_Upgrades VALUES(62,182);
INSERT INTO Fleets_Upgrades VALUES(18,183);
INSERT INTO Fleets_Upgrades VALUES(138,183);
INSERT INTO Fleets_Upgrades VALUES(285,183);
INSERT INTO Fleets_Upgrades VALUES(46,183);
INSERT INTO Fleets_Upgrades VALUES(163,183);
INSERT INTO Fleets_Upgrades VALUES(274,183);
INSERT INTO Fleets_Upgrades VALUES(211,183);
INSERT INTO Fleets_Upgrades VALUES(13,184);
INSERT INTO Fleets_Upgrades VALUES(121,184);
INSERT INTO Fleets_Upgrades VALUES(278,184);
INSERT INTO Fleets_Upgrades VALUES(41,184);
INSERT INTO Fleets_Upgrades VALUES(73,184);
INSERT INTO Fleets_Upgrades VALUES(272,184);
INSERT INTO Fleets_Upgrades VALUES(188,184);
INSERT INTO Fleets_Upgrades VALUES(52,184);
INSERT INTO Fleets_Upgrades VALUES(121,185);
INSERT INTO Fleets_Upgrades VALUES(289,185);
INSERT INTO Fleets_Upgrades VALUES(41,185);
INSERT INTO Fleets_Upgrades VALUES(73,185);
INSERT INTO Fleets_Upgrades VALUES(272,185);
INSERT INTO Fleets_Upgrades VALUES(191,185);
INSERT INTO Fleets_Upgrades VALUES(104,186);
INSERT INTO Fleets_Upgrades VALUES(60,186);
INSERT INTO Fleets_Upgrades VALUES(123,187);
INSERT INTO Fleets_Upgrades VALUES(62,187);
INSERT INTO Fleets_Upgrades VALUES(185,187);
INSERT INTO Fleets_Upgrades VALUES(3,188);
INSERT INTO Fleets_Upgrades VALUES(112,188);
INSERT INTO Fleets_Upgrades VALUES(277,188);
INSERT INTO Fleets_Upgrades VALUES(76,188);
INSERT INTO Fleets_Upgrades VALUES(78,188);
INSERT INTO Fleets_Upgrades VALUES(69,188);
INSERT INTO Fleets_Upgrades VALUES(267,188);
INSERT INTO Fleets_Upgrades VALUES(42,188);
INSERT INTO Fleets_Upgrades VALUES(98,189);
INSERT INTO Fleets_Upgrades VALUES(174,189);
INSERT INTO Fleets_Upgrades VALUES(271,189);
INSERT INTO Fleets_Upgrades VALUES(182,189);
INSERT INTO Fleets_Upgrades VALUES(60,190);
INSERT INTO Fleets_Upgrades VALUES(30,191);
INSERT INTO Fleets_Upgrades VALUES(235,191);
INSERT INTO Fleets_Upgrades VALUES(126,191);
INSERT INTO Fleets_Upgrades VALUES(286,191);
INSERT INTO Fleets_Upgrades VALUES(45,191);
INSERT INTO Fleets_Upgrades VALUES(165,191);
INSERT INTO Fleets_Upgrades VALUES(164,191);
INSERT INTO Fleets_Upgrades VALUES(228,192);
INSERT INTO Fleets_Upgrades VALUES(142,192);
INSERT INTO Fleets_Upgrades VALUES(292,192);
INSERT INTO Fleets_Upgrades VALUES(165,192);
INSERT INTO Fleets_Upgrades VALUES(280,193);
INSERT INTO Fleets_Upgrades VALUES(263,193);
INSERT INTO Fleets_Upgrades VALUES(165,193);
INSERT INTO Fleets_Upgrades VALUES(123,194);
INSERT INTO Fleets_Upgrades VALUES(60,195);
INSERT INTO Fleets_Upgrades VALUES(12,196);
INSERT INTO Fleets_Upgrades VALUES(121,196);
INSERT INTO Fleets_Upgrades VALUES(283,196);
INSERT INTO Fleets_Upgrades VALUES(42,196);
INSERT INTO Fleets_Upgrades VALUES(74,196);
INSERT INTO Fleets_Upgrades VALUES(272,196);
INSERT INTO Fleets_Upgrades VALUES(96,197);
INSERT INTO Fleets_Upgrades VALUES(277,197);
INSERT INTO Fleets_Upgrades VALUES(165,197);
INSERT INTO Fleets_Upgrades VALUES(183,197);
INSERT INTO Fleets_Upgrades VALUES(101,198);
INSERT INTO Fleets_Upgrades VALUES(21,199);
INSERT INTO Fleets_Upgrades VALUES(124,199);
INSERT INTO Fleets_Upgrades VALUES(283,199);
INSERT INTO Fleets_Upgrades VALUES(42,199);
INSERT INTO Fleets_Upgrades VALUES(165,199);
INSERT INTO Fleets_Upgrades VALUES(271,199);
INSERT INTO Fleets_Upgrades VALUES(232,199);
INSERT INTO Fleets_Upgrades VALUES(124,200);
INSERT INTO Fleets_Upgrades VALUES(286,200);
INSERT INTO Fleets_Upgrades VALUES(45,200);
INSERT INTO Fleets_Upgrades VALUES(165,200);
INSERT INTO Fleets_Upgrades VALUES(271,200);
INSERT INTO Fleets_Upgrades VALUES(231,200);
INSERT INTO Fleets_Upgrades VALUES(142,201);
INSERT INTO Fleets_Upgrades VALUES(271,201);
INSERT INTO Fleets_Upgrades VALUES(223,201);
INSERT INTO Fleets_Upgrades VALUES(140,202);
INSERT INTO Fleets_Upgrades VALUES(62,202);
INSERT INTO Fleets_Upgrades VALUES(7,203);
INSERT INTO Fleets_Upgrades VALUES(107,203);
INSERT INTO Fleets_Upgrades VALUES(53,203);
INSERT INTO Fleets_Upgrades VALUES(278,203);
INSERT INTO Fleets_Upgrades VALUES(270,203);
INSERT INTO Fleets_Upgrades VALUES(272,203);
INSERT INTO Fleets_Upgrades VALUES(187,203);
INSERT INTO Fleets_Upgrades VALUES(262,204);
INSERT INTO Fleets_Upgrades VALUES(262,205);
INSERT INTO Fleets_Upgrades VALUES(60,206);
INSERT INTO Fleets_Upgrades VALUES(87,206);
INSERT INTO Fleets_Upgrades VALUES(30,207);
INSERT INTO Fleets_Upgrades VALUES(148,207);
INSERT INTO Fleets_Upgrades VALUES(151,207);
INSERT INTO Fleets_Upgrades VALUES(280,207);
INSERT INTO Fleets_Upgrades VALUES(289,207);
INSERT INTO Fleets_Upgrades VALUES(173,207);
INSERT INTO Fleets_Upgrades VALUES(174,207);
INSERT INTO Fleets_Upgrades VALUES(271,208);
INSERT INTO Fleets_Upgrades VALUES(271,209);
INSERT INTO Fleets_Upgrades VALUES(140,210);
INSERT INTO Fleets_Upgrades VALUES(30,211);
INSERT INTO Fleets_Upgrades VALUES(151,211);
INSERT INTO Fleets_Upgrades VALUES(118,211);
INSERT INTO Fleets_Upgrades VALUES(289,211);
INSERT INTO Fleets_Upgrades VALUES(73,211);
INSERT INTO Fleets_Upgrades VALUES(260,211);
INSERT INTO Fleets_Upgrades VALUES(172,211);
INSERT INTO Fleets_Upgrades VALUES(248,211);
INSERT INTO Fleets_Upgrades VALUES(140,212);
INSERT INTO Fleets_Upgrades VALUES(63,212);
INSERT INTO Fleets_Upgrades VALUES(139,213);
INSERT INTO Fleets_Upgrades VALUES(36,214);
INSERT INTO Fleets_Upgrades VALUES(160,214);
INSERT INTO Fleets_Upgrades VALUES(280,214);
INSERT INTO Fleets_Upgrades VALUES(87,214);
INSERT INTO Fleets_Upgrades VALUES(163,214);
INSERT INTO Fleets_Upgrades VALUES(274,214);
INSERT INTO Fleets_Upgrades VALUES(259,214);
INSERT INTO Fleets_Upgrades VALUES(87,215);
INSERT INTO Fleets_Upgrades VALUES(261,215);
INSERT INTO Fleets_Upgrades VALUES(87,216);
INSERT INTO Fleets_Upgrades VALUES(261,216);
INSERT INTO Fleets_Upgrades VALUES(129,217);
INSERT INTO Fleets_Upgrades VALUES(65,217);
INSERT INTO Fleets_Upgrades VALUES(129,218);
INSERT INTO Fleets_Upgrades VALUES(63,218);
INSERT INTO Fleets_Upgrades VALUES(160,219);
INSERT INTO Fleets_Upgrades VALUES(179,219);
INSERT INTO Fleets_Upgrades VALUES(46,219);
INSERT INTO Fleets_Upgrades VALUES(266,219);
INSERT INTO Fleets_Upgrades VALUES(73,219);
INSERT INTO Fleets_Upgrades VALUES(179,220);
INSERT INTO Fleets_Upgrades VALUES(46,220);
INSERT INTO Fleets_Upgrades VALUES(266,220);
INSERT INTO Fleets_Upgrades VALUES(73,220);
INSERT INTO Fleets_Upgrades VALUES(37,221);
INSERT INTO Fleets_Upgrades VALUES(254,221);
INSERT INTO Fleets_Upgrades VALUES(155,221);
INSERT INTO Fleets_Upgrades VALUES(289,221);
INSERT INTO Fleets_Upgrades VALUES(165,221);
INSERT INTO Fleets_Upgrades VALUES(46,221);
INSERT INTO Fleets_Upgrades VALUES(266,221);
INSERT INTO Fleets_Upgrades VALUES(272,221);
INSERT INTO Fleets_Upgrades VALUES(73,221);
INSERT INTO Fleets_Upgrades VALUES(277,222);
INSERT INTO Fleets_Upgrades VALUES(76,222);
INSERT INTO Fleets_Upgrades VALUES(42,222);
INSERT INTO Fleets_Upgrades VALUES(69,222);
INSERT INTO Fleets_Upgrades VALUES(272,222);
INSERT INTO Fleets_Upgrades VALUES(13,223);
INSERT INTO Fleets_Upgrades VALUES(121,223);
INSERT INTO Fleets_Upgrades VALUES(42,223);
INSERT INTO Fleets_Upgrades VALUES(69,223);
INSERT INTO Fleets_Upgrades VALUES(272,223);
INSERT INTO Fleets_Upgrades VALUES(107,224);
INSERT INTO Fleets_Upgrades VALUES(278,224);
INSERT INTO Fleets_Upgrades VALUES(42,224);
INSERT INTO Fleets_Upgrades VALUES(69,224);
INSERT INTO Fleets_Upgrades VALUES(273,224);
INSERT INTO Fleets_Upgrades VALUES(6,225);
INSERT INTO Fleets_Upgrades VALUES(112,225);
INSERT INTO Fleets_Upgrades VALUES(277,225);
INSERT INTO Fleets_Upgrades VALUES(76,225);
INSERT INTO Fleets_Upgrades VALUES(78,225);
INSERT INTO Fleets_Upgrades VALUES(42,225);
INSERT INTO Fleets_Upgrades VALUES(60,226);
INSERT INTO Fleets_Upgrades VALUES(38,227);
INSERT INTO Fleets_Upgrades VALUES(157,227);
INSERT INTO Fleets_Upgrades VALUES(278,227);
INSERT INTO Fleets_Upgrades VALUES(90,227);
INSERT INTO Fleets_Upgrades VALUES(165,227);
INSERT INTO Fleets_Upgrades VALUES(272,227);
INSERT INTO Fleets_Upgrades VALUES(258,227);
INSERT INTO Fleets_Upgrades VALUES(155,228);
INSERT INTO Fleets_Upgrades VALUES(173,228);
INSERT INTO Fleets_Upgrades VALUES(90,228);
INSERT INTO Fleets_Upgrades VALUES(261,228);
INSERT INTO Fleets_Upgrades VALUES(90,229);
INSERT INTO Fleets_Upgrades VALUES(22,232);
INSERT INTO Fleets_Upgrades VALUES(145,232);
INSERT INTO Fleets_Upgrades VALUES(174,232);
INSERT INTO Fleets_Upgrades VALUES(42,232);
INSERT INTO Fleets_Upgrades VALUES(271,232);
INSERT INTO Fleets_Upgrades VALUES(223,232);
INSERT INTO Fleets_Upgrades VALUES(123,233);
INSERT INTO Fleets_Upgrades VALUES(76,233);
INSERT INTO Fleets_Upgrades VALUES(226,233);
INSERT INTO Fleets_Upgrades VALUES(140,234);
INSERT INTO Fleets_Upgrades VALUES(63,234);
INSERT INTO Fleets_Upgrades VALUES(76,234);
INSERT INTO Fleets_Upgrades VALUES(227,234);
INSERT INTO Fleets_Upgrades VALUES(124,235);
INSERT INTO Fleets_Upgrades VALUES(292,235);
INSERT INTO Fleets_Upgrades VALUES(42,235);
INSERT INTO Fleets_Upgrades VALUES(164,235);
INSERT INTO Fleets_Upgrades VALUES(69,235);
INSERT INTO Fleets_Upgrades VALUES(272,235);
INSERT INTO Fleets_Upgrades VALUES(2,236);
INSERT INTO Fleets_Upgrades VALUES(97,236);
INSERT INTO Fleets_Upgrades VALUES(179,236);
INSERT INTO Fleets_Upgrades VALUES(77,236);
INSERT INTO Fleets_Upgrades VALUES(50,236);
INSERT INTO Fleets_Upgrades VALUES(49,236);
INSERT INTO Fleets_Upgrades VALUES(66,236);
INSERT INTO Fleets_Upgrades VALUES(192,236);
INSERT INTO Fleets_Upgrades VALUES(123,237);
INSERT INTO Fleets_Upgrades VALUES(63,237);
INSERT INTO Fleets_Upgrades VALUES(108,238);
INSERT INTO Fleets_Upgrades VALUES(280,238);
INSERT INTO Fleets_Upgrades VALUES(283,238);
INSERT INTO Fleets_Upgrades VALUES(174,238);
INSERT INTO Fleets_Upgrades VALUES(170,238);
INSERT INTO Fleets_Upgrades VALUES(30,239);
INSERT INTO Fleets_Upgrades VALUES(142,239);
INSERT INTO Fleets_Upgrades VALUES(151,239);
INSERT INTO Fleets_Upgrades VALUES(289,239);
INSERT INTO Fleets_Upgrades VALUES(280,239);
INSERT INTO Fleets_Upgrades VALUES(174,239);
INSERT INTO Fleets_Upgrades VALUES(173,239);
INSERT INTO Fleets_Upgrades VALUES(140,240);
INSERT INTO Fleets_Upgrades VALUES(271,240);
INSERT INTO Fleets_Upgrades VALUES(271,241);
INSERT INTO Fleets_Upgrades VALUES(150,242);
INSERT INTO Fleets_Upgrades VALUES(63,242);
INSERT INTO Fleets_Upgrades VALUES(37,243);
INSERT INTO Fleets_Upgrades VALUES(160,243);
INSERT INTO Fleets_Upgrades VALUES(179,243);
INSERT INTO Fleets_Upgrades VALUES(63,243);
INSERT INTO Fleets_Upgrades VALUES(250,243);
INSERT INTO Fleets_Upgrades VALUES(126,244);
INSERT INTO Fleets_Upgrades VALUES(179,244);
INSERT INTO Fleets_Upgrades VALUES(46,244);
INSERT INTO Fleets_Upgrades VALUES(73,244);
INSERT INTO Fleets_Upgrades VALUES(266,244);
INSERT INTO Fleets_Upgrades VALUES(126,245);
INSERT INTO Fleets_Upgrades VALUES(179,245);
INSERT INTO Fleets_Upgrades VALUES(46,245);
INSERT INTO Fleets_Upgrades VALUES(73,245);
INSERT INTO Fleets_Upgrades VALUES(266,245);
INSERT INTO Fleets_Upgrades VALUES(157,246);
INSERT INTO Fleets_Upgrades VALUES(283,246);
INSERT INTO Fleets_Upgrades VALUES(268,246);
INSERT INTO Fleets_Upgrades VALUES(259,246);
INSERT INTO Fleets_Upgrades VALUES(35,247);
INSERT INTO Fleets_Upgrades VALUES(161,247);
INSERT INTO Fleets_Upgrades VALUES(279,247);
INSERT INTO Fleets_Upgrades VALUES(80,247);
INSERT INTO Fleets_Upgrades VALUES(167,247);
INSERT INTO Fleets_Upgrades VALUES(73,247);
INSERT INTO Fleets_Upgrades VALUES(266,247);
INSERT INTO Fleets_Upgrades VALUES(260,247);
INSERT INTO Fleets_Upgrades VALUES(254,247);
INSERT INTO Fleets_Upgrades VALUES(46,247);
INSERT INTO Fleets_Upgrades VALUES(160,248);
INSERT INTO Fleets_Upgrades VALUES(179,248);
INSERT INTO Fleets_Upgrades VALUES(46,248);
INSERT INTO Fleets_Upgrades VALUES(73,248);
INSERT INTO Fleets_Upgrades VALUES(266,248);
INSERT INTO Fleets_Upgrades VALUES(123,249);
INSERT INTO Fleets_Upgrades VALUES(6,250);
INSERT INTO Fleets_Upgrades VALUES(183,250);
INSERT INTO Fleets_Upgrades VALUES(112,250);
INSERT INTO Fleets_Upgrades VALUES(280,250);
INSERT INTO Fleets_Upgrades VALUES(174,250);
INSERT INTO Fleets_Upgrades VALUES(42,250);
INSERT INTO Fleets_Upgrades VALUES(163,250);
INSERT INTO Fleets_Upgrades VALUES(197,251);
INSERT INTO Fleets_Upgrades VALUES(107,251);
INSERT INTO Fleets_Upgrades VALUES(277,251);
INSERT INTO Fleets_Upgrades VALUES(76,251);
INSERT INTO Fleets_Upgrades VALUES(78,251);
INSERT INTO Fleets_Upgrades VALUES(200,252);
INSERT INTO Fleets_Upgrades VALUES(287,252);
INSERT INTO Fleets_Upgrades VALUES(185,253);
INSERT INTO Fleets_Upgrades VALUES(103,253);
INSERT INTO Fleets_Upgrades VALUES(61,253);
INSERT INTO Fleets_Upgrades VALUES(95,254);
INSERT INTO Fleets_Upgrades VALUES(60,254);
INSERT INTO Fleets_Upgrades VALUES(30,255);
INSERT INTO Fleets_Upgrades VALUES(148,255);
INSERT INTO Fleets_Upgrades VALUES(151,255);
INSERT INTO Fleets_Upgrades VALUES(286,255);
INSERT INTO Fleets_Upgrades VALUES(80,255);
INSERT INTO Fleets_Upgrades VALUES(73,255);
INSERT INTO Fleets_Upgrades VALUES(272,255);
INSERT INTO Fleets_Upgrades VALUES(172,255);
INSERT INTO Fleets_Upgrades VALUES(247,255);
INSERT INTO Fleets_Upgrades VALUES(179,256);
INSERT INTO Fleets_Upgrades VALUES(140,257);
INSERT INTO Fleets_Upgrades VALUES(60,257);
INSERT INTO Fleets_Upgrades VALUES(13,258);
INSERT INTO Fleets_Upgrades VALUES(98,258);
INSERT INTO Fleets_Upgrades VALUES(102,258);
INSERT INTO Fleets_Upgrades VALUES(107,258);
INSERT INTO Fleets_Upgrades VALUES(278,258);
INSERT INTO Fleets_Upgrades VALUES(69,258);
INSERT INTO Fleets_Upgrades VALUES(267,258);
INSERT INTO Fleets_Upgrades VALUES(121,259);
INSERT INTO Fleets_Upgrades VALUES(287,259);
INSERT INTO Fleets_Upgrades VALUES(45,259);
INSERT INTO Fleets_Upgrades VALUES(73,259);
INSERT INTO Fleets_Upgrades VALUES(272,259);
INSERT INTO Fleets_Upgrades VALUES(188,259);
INSERT INTO Fleets_Upgrades VALUES(52,259);
INSERT INTO Fleets_Upgrades VALUES(2,260);
INSERT INTO Fleets_Upgrades VALUES(121,260);
INSERT INTO Fleets_Upgrades VALUES(278,260);
INSERT INTO Fleets_Upgrades VALUES(85,260);
INSERT INTO Fleets_Upgrades VALUES(45,260);
INSERT INTO Fleets_Upgrades VALUES(73,260);
INSERT INTO Fleets_Upgrades VALUES(272,260);
INSERT INTO Fleets_Upgrades VALUES(191,260);
INSERT INTO Fleets_Upgrades VALUES(62,261);
INSERT INTO Fleets_Upgrades VALUES(123,262);
INSERT INTO Fleets_Upgrades VALUES(63,262);
INSERT INTO Fleets_Upgrades VALUES(161,263);
INSERT INTO Fleets_Upgrades VALUES(282,263);
INSERT INTO Fleets_Upgrades VALUES(82,263);
INSERT INTO Fleets_Upgrades VALUES(272,263);
INSERT INTO Fleets_Upgrades VALUES(259,263);
INSERT INTO Fleets_Upgrades VALUES(35,264);
INSERT INTO Fleets_Upgrades VALUES(155,264);
INSERT INTO Fleets_Upgrades VALUES(281,264);
INSERT INTO Fleets_Upgrades VALUES(76,264);
INSERT INTO Fleets_Upgrades VALUES(165,264);
INSERT INTO Fleets_Upgrades VALUES(266,264);
INSERT INTO Fleets_Upgrades VALUES(263,264);
INSERT INTO Fleets_Upgrades VALUES(254,264);
INSERT INTO Fleets_Upgrades VALUES(46,264);
INSERT INTO Fleets_Upgrades VALUES(160,265);
INSERT INTO Fleets_Upgrades VALUES(277,265);
INSERT INTO Fleets_Upgrades VALUES(18,266);
INSERT INTO Fleets_Upgrades VALUES(121,266);
INSERT INTO Fleets_Upgrades VALUES(277,266);
INSERT INTO Fleets_Upgrades VALUES(76,266);
INSERT INTO Fleets_Upgrades VALUES(46,266);
INSERT INTO Fleets_Upgrades VALUES(264,266);
INSERT INTO Fleets_Upgrades VALUES(218,266);
INSERT INTO Fleets_Upgrades VALUES(121,267);
INSERT INTO Fleets_Upgrades VALUES(179,267);
INSERT INTO Fleets_Upgrades VALUES(63,267);
INSERT INTO Fleets_Upgrades VALUES(121,268);
INSERT INTO Fleets_Upgrades VALUES(179,268);
INSERT INTO Fleets_Upgrades VALUES(60,268);
INSERT INTO Fleets_Upgrades VALUES(129,269);
INSERT INTO Fleets_Upgrades VALUES(283,269);
INSERT INTO Fleets_Upgrades VALUES(89,269);
INSERT INTO Fleets_Upgrades VALUES(46,269);
INSERT INTO Fleets_Upgrades VALUES(272,269);
INSERT INTO Fleets_Upgrades VALUES(218,269);
INSERT INTO Fleets_Upgrades VALUES(129,270);
INSERT INTO Fleets_Upgrades VALUES(46,270);
INSERT INTO Fleets_Upgrades VALUES(266,270);
INSERT INTO Fleets_Upgrades VALUES(18,271);
INSERT INTO Fleets_Upgrades VALUES(126,271);
INSERT INTO Fleets_Upgrades VALUES(63,271);
INSERT INTO Fleets_Upgrades VALUES(179,271);
INSERT INTO Fleets_Upgrades VALUES(126,272);
INSERT INTO Fleets_Upgrades VALUES(62,272);
INSERT INTO Fleets_Upgrades VALUES(179,272);
INSERT INTO Fleets_Upgrades VALUES(142,273);
INSERT INTO Fleets_Upgrades VALUES(174,273);
INSERT INTO Fleets_Upgrades VALUES(74,273);
INSERT INTO Fleets_Upgrades VALUES(65,274);
INSERT INTO Fleets_Upgrades VALUES(145,275);
INSERT INTO Fleets_Upgrades VALUES(280,275);
INSERT INTO Fleets_Upgrades VALUES(165,275);
INSERT INTO Fleets_Upgrades VALUES(263,275);
INSERT INTO Fleets_Upgrades VALUES(232,275);
INSERT INTO Fleets_Upgrades VALUES(121,276);
INSERT INTO Fleets_Upgrades VALUES(280,276);
INSERT INTO Fleets_Upgrades VALUES(165,276);
INSERT INTO Fleets_Upgrades VALUES(263,276);
INSERT INTO Fleets_Upgrades VALUES(231,276);
INSERT INTO Fleets_Upgrades VALUES(28,277);
INSERT INTO Fleets_Upgrades VALUES(271,277);
INSERT INTO Fleets_Upgrades VALUES(225,277);
INSERT INTO Fleets_Upgrades VALUES(155,278);
INSERT INTO Fleets_Upgrades VALUES(46,278);
INSERT INTO Fleets_Upgrades VALUES(58,278);
INSERT INTO Fleets_Upgrades VALUES(90,278);
INSERT INTO Fleets_Upgrades VALUES(69,278);
INSERT INTO Fleets_Upgrades VALUES(265,278);
INSERT INTO Fleets_Upgrades VALUES(254,278);
INSERT INTO Fleets_Upgrades VALUES(41,278);
INSERT INTO Fleets_Upgrades VALUES(157,279);
INSERT INTO Fleets_Upgrades VALUES(280,279);
INSERT INTO Fleets_Upgrades VALUES(90,279);
INSERT INTO Fleets_Upgrades VALUES(163,279);
INSERT INTO Fleets_Upgrades VALUES(274,279);
INSERT INTO Fleets_Upgrades VALUES(259,279);
INSERT INTO Fleets_Upgrades VALUES(123,280);
INSERT INTO Fleets_Upgrades VALUES(159,280);
INSERT INTO Fleets_Upgrades VALUES(174,280);
INSERT INTO Fleets_Upgrades VALUES(251,280);
INSERT INTO Fleets_Upgrades VALUES(37,281);
INSERT INTO Fleets_Upgrades VALUES(155,281);
INSERT INTO Fleets_Upgrades VALUES(41,281);
INSERT INTO Fleets_Upgrades VALUES(53,281);
INSERT INTO Fleets_Upgrades VALUES(86,281);
INSERT INTO Fleets_Upgrades VALUES(165,281);
INSERT INTO Fleets_Upgrades VALUES(73,281);
INSERT INTO Fleets_Upgrades VALUES(263,281);
INSERT INTO Fleets_Upgrades VALUES(254,281);
INSERT INTO Fleets_Upgrades VALUES(46,281);
INSERT INTO Fleets_Upgrades VALUES(156,282);
INSERT INTO Fleets_Upgrades VALUES(59,282);
INSERT INTO Fleets_Upgrades VALUES(160,283);
INSERT INTO Fleets_Upgrades VALUES(277,283);
INSERT INTO Fleets_Upgrades VALUES(159,284);
INSERT INTO Fleets_Upgrades VALUES(150,285);
INSERT INTO Fleets_Upgrades VALUES(62,285);
INSERT INTO Fleets_Upgrades VALUES(226,285);
INSERT INTO Fleets_Upgrades VALUES(60,286);
INSERT INTO Fleets_Upgrades VALUES(76,286);
INSERT INTO Fleets_Upgrades VALUES(280,287);
INSERT INTO Fleets_Upgrades VALUES(45,287);
INSERT INTO Fleets_Upgrades VALUES(165,287);
INSERT INTO Fleets_Upgrades VALUES(272,287);
INSERT INTO Fleets_Upgrades VALUES(232,287);
INSERT INTO Fleets_Upgrades VALUES(25,288);
INSERT INTO Fleets_Upgrades VALUES(280,288);
INSERT INTO Fleets_Upgrades VALUES(39,288);
INSERT INTO Fleets_Upgrades VALUES(165,288);
INSERT INTO Fleets_Upgrades VALUES(272,288);
INSERT INTO Fleets_Upgrades VALUES(231,288);
INSERT INTO Fleets_Upgrades VALUES(124,289);
INSERT INTO Fleets_Upgrades VALUES(286,289);
INSERT INTO Fleets_Upgrades VALUES(74,289);
INSERT INTO Fleets_Upgrades VALUES(267,289);
INSERT INTO Fleets_Upgrades VALUES(272,289);
INSERT INTO Fleets_Upgrades VALUES(121,290);
INSERT INTO Fleets_Upgrades VALUES(280,290);
INSERT INTO Fleets_Upgrades VALUES(165,290);
INSERT INTO Fleets_Upgrades VALUES(272,290);
INSERT INTO Fleets_Upgrades VALUES(22,291);
INSERT INTO Fleets_Upgrades VALUES(117,291);
INSERT INTO Fleets_Upgrades VALUES(174,291);
INSERT INTO Fleets_Upgrades VALUES(42,291);
INSERT INTO Fleets_Upgrades VALUES(140,292);
INSERT INTO Fleets_Upgrades VALUES(63,292);
INSERT INTO Fleets_Upgrades VALUES(65,293);
INSERT INTO Fleets_Upgrades VALUES(227,293);
INSERT INTO Fleets_Upgrades VALUES(21,294);
INSERT INTO Fleets_Upgrades VALUES(124,294);
INSERT INTO Fleets_Upgrades VALUES(286,294);
INSERT INTO Fleets_Upgrades VALUES(42,294);
INSERT INTO Fleets_Upgrades VALUES(269,294);
INSERT INTO Fleets_Upgrades VALUES(124,295);
INSERT INTO Fleets_Upgrades VALUES(283,295);
INSERT INTO Fleets_Upgrades VALUES(165,295);
INSERT INTO Fleets_Upgrades VALUES(271,295);
INSERT INTO Fleets_Upgrades VALUES(232,295);
INSERT INTO Fleets_Upgrades VALUES(142,296);
INSERT INTO Fleets_Upgrades VALUES(271,296);
INSERT INTO Fleets_Upgrades VALUES(223,296);
INSERT INTO Fleets_Upgrades VALUES(140,297);
INSERT INTO Fleets_Upgrades VALUES(63,297);
INSERT INTO Fleets_Upgrades VALUES(5,298);
INSERT INTO Fleets_Upgrades VALUES(108,298);
INSERT INTO Fleets_Upgrades VALUES(276,298);
INSERT INTO Fleets_Upgrades VALUES(41,298);
INSERT INTO Fleets_Upgrades VALUES(66,298);
INSERT INTO Fleets_Upgrades VALUES(162,298);
INSERT INTO Fleets_Upgrades VALUES(280,299);
INSERT INTO Fleets_Upgrades VALUES(174,299);
INSERT INTO Fleets_Upgrades VALUES(163,299);
INSERT INTO Fleets_Upgrades VALUES(183,299);
INSERT INTO Fleets_Upgrades VALUES(77,300);
INSERT INTO Fleets_Upgrades VALUES(66,300);
INSERT INTO Fleets_Upgrades VALUES(77,301);
INSERT INTO Fleets_Upgrades VALUES(66,301);
INSERT INTO Fleets_Upgrades VALUES(104,302);
INSERT INTO Fleets_Upgrades VALUES(60,302);
INSERT INTO Fleets_Upgrades VALUES(33,303);
INSERT INTO Fleets_Upgrades VALUES(160,303);
INSERT INTO Fleets_Upgrades VALUES(46,303);
INSERT INTO Fleets_Upgrades VALUES(53,303);
INSERT INTO Fleets_Upgrades VALUES(87,303);
INSERT INTO Fleets_Upgrades VALUES(73,303);
INSERT INTO Fleets_Upgrades VALUES(157,304);
INSERT INTO Fleets_Upgrades VALUES(280,304);
INSERT INTO Fleets_Upgrades VALUES(87,304);
INSERT INTO Fleets_Upgrades VALUES(163,304);
INSERT INTO Fleets_Upgrades VALUES(274,304);
INSERT INTO Fleets_Upgrades VALUES(259,304);
INSERT INTO Fleets_Upgrades VALUES(155,305);
INSERT INTO Fleets_Upgrades VALUES(159,305);
INSERT INTO Fleets_Upgrades VALUES(179,305);
INSERT INTO Fleets_Upgrades VALUES(63,305);
INSERT INTO Fleets_Upgrades VALUES(250,305);
INSERT INTO Fleets_Upgrades VALUES(123,306);
INSERT INTO Fleets_Upgrades VALUES(14,307);
INSERT INTO Fleets_Upgrades VALUES(136,307);
INSERT INTO Fleets_Upgrades VALUES(174,307);
INSERT INTO Fleets_Upgrades VALUES(285,307);
INSERT INTO Fleets_Upgrades VALUES(89,307);
INSERT INTO Fleets_Upgrades VALUES(165,307);
INSERT INTO Fleets_Upgrades VALUES(167,307);
INSERT INTO Fleets_Upgrades VALUES(138,308);
INSERT INTO Fleets_Upgrades VALUES(174,308);
INSERT INTO Fleets_Upgrades VALUES(285,308);
INSERT INTO Fleets_Upgrades VALUES(89,308);
INSERT INTO Fleets_Upgrades VALUES(165,308);
INSERT INTO Fleets_Upgrades VALUES(167,308);
INSERT INTO Fleets_Upgrades VALUES(138,309);
INSERT INTO Fleets_Upgrades VALUES(174,309);
INSERT INTO Fleets_Upgrades VALUES(285,309);
INSERT INTO Fleets_Upgrades VALUES(89,309);
INSERT INTO Fleets_Upgrades VALUES(165,309);
INSERT INTO Fleets_Upgrades VALUES(167,309);
INSERT INTO Fleets_Upgrades VALUES(179,310);
INSERT INTO Fleets_Upgrades VALUES(44,310);
INSERT INTO Fleets_Upgrades VALUES(213,310);
INSERT INTO Fleets_Upgrades VALUES(63,310);
INSERT INTO Fleets_Upgrades VALUES(4,311);
INSERT INTO Fleets_Upgrades VALUES(122,311);
INSERT INTO Fleets_Upgrades VALUES(277,311);
INSERT INTO Fleets_Upgrades VALUES(41,311);
INSERT INTO Fleets_Upgrades VALUES(188,311);
INSERT INTO Fleets_Upgrades VALUES(51,311);
INSERT INTO Fleets_Upgrades VALUES(60,312);
INSERT INTO Fleets_Upgrades VALUES(107,313);
INSERT INTO Fleets_Upgrades VALUES(278,313);
INSERT INTO Fleets_Upgrades VALUES(77,313);
INSERT INTO Fleets_Upgrades VALUES(69,313);
INSERT INTO Fleets_Upgrades VALUES(2,314);
INSERT INTO Fleets_Upgrades VALUES(121,314);
INSERT INTO Fleets_Upgrades VALUES(278,314);
INSERT INTO Fleets_Upgrades VALUES(45,314);
INSERT INTO Fleets_Upgrades VALUES(73,314);
INSERT INTO Fleets_Upgrades VALUES(272,314);
INSERT INTO Fleets_Upgrades VALUES(191,314);
INSERT INTO Fleets_Upgrades VALUES(121,315);
INSERT INTO Fleets_Upgrades VALUES(287,315);
INSERT INTO Fleets_Upgrades VALUES(45,315);
INSERT INTO Fleets_Upgrades VALUES(73,315);
INSERT INTO Fleets_Upgrades VALUES(164,315);
INSERT INTO Fleets_Upgrades VALUES(107,316);
INSERT INTO Fleets_Upgrades VALUES(280,316);
INSERT INTO Fleets_Upgrades VALUES(177,316);
INSERT INTO Fleets_Upgrades VALUES(165,316);
INSERT INTO Fleets_Upgrades VALUES(183,316);
INSERT INTO Fleets_Upgrades VALUES(150,317);
INSERT INTO Fleets_Upgrades VALUES(226,317);
INSERT INTO Fleets_Upgrades VALUES(60,318);
INSERT INTO Fleets_Upgrades VALUES(22,319);
INSERT INTO Fleets_Upgrades VALUES(147,319);
INSERT INTO Fleets_Upgrades VALUES(271,319);
INSERT INTO Fleets_Upgrades VALUES(223,319);
INSERT INTO Fleets_Upgrades VALUES(124,320);
INSERT INTO Fleets_Upgrades VALUES(286,320);
INSERT INTO Fleets_Upgrades VALUES(42,320);
INSERT INTO Fleets_Upgrades VALUES(164,320);
INSERT INTO Fleets_Upgrades VALUES(163,320);
INSERT INTO Fleets_Upgrades VALUES(233,320);
INSERT INTO Fleets_Upgrades VALUES(280,321);
INSERT INTO Fleets_Upgrades VALUES(88,321);
INSERT INTO Fleets_Upgrades VALUES(46,321);
INSERT INTO Fleets_Upgrades VALUES(165,321);
INSERT INTO Fleets_Upgrades VALUES(266,321);
INSERT INTO Fleets_Upgrades VALUES(217,321);
INSERT INTO Fleets_Upgrades VALUES(15,322);
INSERT INTO Fleets_Upgrades VALUES(138,322);
INSERT INTO Fleets_Upgrades VALUES(174,322);
INSERT INTO Fleets_Upgrades VALUES(60,322);
INSERT INTO Fleets_Upgrades VALUES(87,322);
INSERT INTO Fleets_Upgrades VALUES(138,323);
INSERT INTO Fleets_Upgrades VALUES(179,323);
INSERT INTO Fleets_Upgrades VALUES(59,323);
INSERT INTO Fleets_Upgrades VALUES(29,324);
INSERT INTO Fleets_Upgrades VALUES(140,324);
INSERT INTO Fleets_Upgrades VALUES(271,324);
INSERT INTO Fleets_Upgrades VALUES(228,325);
INSERT INTO Fleets_Upgrades VALUES(123,325);
INSERT INTO Fleets_Upgrades VALUES(292,325);
INSERT INTO Fleets_Upgrades VALUES(165,325);
INSERT INTO Fleets_Upgrades VALUES(235,326);
INSERT INTO Fleets_Upgrades VALUES(145,326);
INSERT INTO Fleets_Upgrades VALUES(282,326);
INSERT INTO Fleets_Upgrades VALUES(42,326);
INSERT INTO Fleets_Upgrades VALUES(164,326);
INSERT INTO Fleets_Upgrades VALUES(165,326);
INSERT INTO Fleets_Upgrades VALUES(139,327);
INSERT INTO Fleets_Upgrades VALUES(76,327);
INSERT INTO Fleets_Upgrades VALUES(63,327);
INSERT INTO Fleets_Upgrades VALUES(27,328);
INSERT INTO Fleets_Upgrades VALUES(139,328);
INSERT INTO Fleets_Upgrades VALUES(148,328);
INSERT INTO Fleets_Upgrades VALUES(277,328);
INSERT INTO Fleets_Upgrades VALUES(78,328);
INSERT INTO Fleets_Upgrades VALUES(80,328);
INSERT INTO Fleets_Upgrades VALUES(174,328);
INSERT INTO Fleets_Upgrades VALUES(176,328);
INSERT INTO Fleets_Upgrades VALUES(122,329);
INSERT INTO Fleets_Upgrades VALUES(176,329);
INSERT INTO Fleets_Upgrades VALUES(261,329);
INSERT INTO Fleets_Upgrades VALUES(245,329);
INSERT INTO Fleets_Upgrades VALUES(150,330);
INSERT INTO Fleets_Upgrades VALUES(59,330);
INSERT INTO Fleets_Upgrades VALUES(226,330);
INSERT INTO Fleets_Upgrades VALUES(7,331);
INSERT INTO Fleets_Upgrades VALUES(278,331);
INSERT INTO Fleets_Upgrades VALUES(42,331);
INSERT INTO Fleets_Upgrades VALUES(73,331);
INSERT INTO Fleets_Upgrades VALUES(272,331);
INSERT INTO Fleets_Upgrades VALUES(112,332);
INSERT INTO Fleets_Upgrades VALUES(289,332);
INSERT INTO Fleets_Upgrades VALUES(87,332);
INSERT INTO Fleets_Upgrades VALUES(73,332);
INSERT INTO Fleets_Upgrades VALUES(273,332);
INSERT INTO Fleets_Upgrades VALUES(42,332);
INSERT INTO Fleets_Upgrades VALUES(109,333);
INSERT INTO Fleets_Upgrades VALUES(63,333);
INSERT INTO Fleets_Upgrades VALUES(87,333);
INSERT INTO Fleets_Upgrades VALUES(21,334);
INSERT INTO Fleets_Upgrades VALUES(124,334);
INSERT INTO Fleets_Upgrades VALUES(286,334);
INSERT INTO Fleets_Upgrades VALUES(42,334);
INSERT INTO Fleets_Upgrades VALUES(269,334);
INSERT INTO Fleets_Upgrades VALUES(124,335);
INSERT INTO Fleets_Upgrades VALUES(280,335);
INSERT INTO Fleets_Upgrades VALUES(165,335);
INSERT INTO Fleets_Upgrades VALUES(271,335);
INSERT INTO Fleets_Upgrades VALUES(232,335);
INSERT INTO Fleets_Upgrades VALUES(271,336);
INSERT INTO Fleets_Upgrades VALUES(223,336);
INSERT INTO Fleets_Upgrades VALUES(123,337);
INSERT INTO Fleets_Upgrades VALUES(60,337);
INSERT INTO Fleets_Upgrades VALUES(87,337);
INSERT INTO Fleets_Upgrades VALUES(21,338);
INSERT INTO Fleets_Upgrades VALUES(124,338);
INSERT INTO Fleets_Upgrades VALUES(280,338);
INSERT INTO Fleets_Upgrades VALUES(165,338);
INSERT INTO Fleets_Upgrades VALUES(271,338);
INSERT INTO Fleets_Upgrades VALUES(232,338);
INSERT INTO Fleets_Upgrades VALUES(121,339);
INSERT INTO Fleets_Upgrades VALUES(280,339);
INSERT INTO Fleets_Upgrades VALUES(165,339);
INSERT INTO Fleets_Upgrades VALUES(271,339);
INSERT INTO Fleets_Upgrades VALUES(231,339);
INSERT INTO Fleets_Upgrades VALUES(179,340);
INSERT INTO Fleets_Upgrades VALUES(53,340);
INSERT INTO Fleets_Upgrades VALUES(77,340);
INSERT INTO Fleets_Upgrades VALUES(60,341);
INSERT INTO Fleets_Upgrades VALUES(21,342);
INSERT INTO Fleets_Upgrades VALUES(148,342);
INSERT INTO Fleets_Upgrades VALUES(140,342);
INSERT INTO Fleets_Upgrades VALUES(179,342);
INSERT INTO Fleets_Upgrades VALUES(53,342);
INSERT INTO Fleets_Upgrades VALUES(166,342);
INSERT INTO Fleets_Upgrades VALUES(246,342);
INSERT INTO Fleets_Upgrades VALUES(142,343);
INSERT INTO Fleets_Upgrades VALUES(278,343);
INSERT INTO Fleets_Upgrades VALUES(77,343);
INSERT INTO Fleets_Upgrades VALUES(262,343);
INSERT INTO Fleets_Upgrades VALUES(229,343);
INSERT INTO Fleets_Upgrades VALUES(121,344);
INSERT INTO Fleets_Upgrades VALUES(278,344);
INSERT INTO Fleets_Upgrades VALUES(77,344);
INSERT INTO Fleets_Upgrades VALUES(262,344);
INSERT INTO Fleets_Upgrades VALUES(229,344);
INSERT INTO Fleets_Upgrades VALUES(121,345);
INSERT INTO Fleets_Upgrades VALUES(278,345);
INSERT INTO Fleets_Upgrades VALUES(77,345);
INSERT INTO Fleets_Upgrades VALUES(262,345);
INSERT INTO Fleets_Upgrades VALUES(229,345);
INSERT INTO Fleets_Upgrades VALUES(121,346);
INSERT INTO Fleets_Upgrades VALUES(278,346);
INSERT INTO Fleets_Upgrades VALUES(77,346);
INSERT INTO Fleets_Upgrades VALUES(262,346);
INSERT INTO Fleets_Upgrades VALUES(229,346);
INSERT INTO Fleets_Upgrades VALUES(107,347);
INSERT INTO Fleets_Upgrades VALUES(275,347);
INSERT INTO Fleets_Upgrades VALUES(283,347);
INSERT INTO Fleets_Upgrades VALUES(273,347);
INSERT INTO Fleets_Upgrades VALUES(170,347);
INSERT INTO Fleets_Upgrades VALUES(194,347);
INSERT INTO Fleets_Upgrades VALUES(9,348);
INSERT INTO Fleets_Upgrades VALUES(114,348);
INSERT INTO Fleets_Upgrades VALUES(173,348);
INSERT INTO Fleets_Upgrades VALUES(77,348);
INSERT INTO Fleets_Upgrades VALUES(49,348);
INSERT INTO Fleets_Upgrades VALUES(48,348);
INSERT INTO Fleets_Upgrades VALUES(74,348);
INSERT INTO Fleets_Upgrades VALUES(123,349);
INSERT INTO Fleets_Upgrades VALUES(60,349);
INSERT INTO Fleets_Upgrades VALUES(36,350);
INSERT INTO Fleets_Upgrades VALUES(155,350);
INSERT INTO Fleets_Upgrades VALUES(46,350);
INSERT INTO Fleets_Upgrades VALUES(53,350);
INSERT INTO Fleets_Upgrades VALUES(87,350);
INSERT INTO Fleets_Upgrades VALUES(165,350);
INSERT INTO Fleets_Upgrades VALUES(73,350);
INSERT INTO Fleets_Upgrades VALUES(272,350);
INSERT INTO Fleets_Upgrades VALUES(254,350);
INSERT INTO Fleets_Upgrades VALUES(41,350);
INSERT INTO Fleets_Upgrades VALUES(87,351);
INSERT INTO Fleets_Upgrades VALUES(271,351);
INSERT INTO Fleets_Upgrades VALUES(87,352);
INSERT INTO Fleets_Upgrades VALUES(271,352);
INSERT INTO Fleets_Upgrades VALUES(66,353);
INSERT INTO Fleets_Upgrades VALUES(66,354);
INSERT INTO Fleets_Upgrades VALUES(30,355);
INSERT INTO Fleets_Upgrades VALUES(151,355);
INSERT INTO Fleets_Upgrades VALUES(286,355);
INSERT INTO Fleets_Upgrades VALUES(39,355);
INSERT INTO Fleets_Upgrades VALUES(165,355);
INSERT INTO Fleets_Upgrades VALUES(263,355);
INSERT INTO Fleets_Upgrades VALUES(232,355);
INSERT INTO Fleets_Upgrades VALUES(121,356);
INSERT INTO Fleets_Upgrades VALUES(280,356);
INSERT INTO Fleets_Upgrades VALUES(39,356);
INSERT INTO Fleets_Upgrades VALUES(165,356);
INSERT INTO Fleets_Upgrades VALUES(272,356);
INSERT INTO Fleets_Upgrades VALUES(231,356);
INSERT INTO Fleets_Upgrades VALUES(271,357);
INSERT INTO Fleets_Upgrades VALUES(142,357);
INSERT INTO Fleets_Upgrades VALUES(226,358);
INSERT INTO Fleets_Upgrades VALUES(18,359);
INSERT INTO Fleets_Upgrades VALUES(135,359);
INSERT INTO Fleets_Upgrades VALUES(279,359);
INSERT INTO Fleets_Upgrades VALUES(80,359);
INSERT INTO Fleets_Upgrades VALUES(260,359);
INSERT INTO Fleets_Upgrades VALUES(218,359);
INSERT INTO Fleets_Upgrades VALUES(179,360);
INSERT INTO Fleets_Upgrades VALUES(63,360);
INSERT INTO Fleets_Upgrades VALUES(132,361);
INSERT INTO Fleets_Upgrades VALUES(279,361);
INSERT INTO Fleets_Upgrades VALUES(80,361);
INSERT INTO Fleets_Upgrades VALUES(46,361);
INSERT INTO Fleets_Upgrades VALUES(260,361);
INSERT INTO Fleets_Upgrades VALUES(16,362);
INSERT INTO Fleets_Upgrades VALUES(165,362);
INSERT INTO Fleets_Upgrades VALUES(165,363);
INSERT INTO Fleets_Upgrades VALUES(165,364);
INSERT INTO Fleets_Upgrades VALUES(165,365);
INSERT INTO Fleets_Upgrades VALUES(165,366);
INSERT INTO Fleets_Upgrades VALUES(165,367);
INSERT INTO Fleets_Upgrades VALUES(165,368);
INSERT INTO Fleets_Upgrades VALUES(289,369);
INSERT INTO Fleets_Upgrades VALUES(165,369);
INSERT INTO Fleets_Upgrades VALUES(20,370);
INSERT INTO Fleets_Upgrades VALUES(123,370);
INSERT INTO Fleets_Upgrades VALUES(289,370);
INSERT INTO Fleets_Upgrades VALUES(46,370);
INSERT INTO Fleets_Upgrades VALUES(165,370);
INSERT INTO Fleets_Upgrades VALUES(273,370);
INSERT INTO Fleets_Upgrades VALUES(219,370);
INSERT INTO Fleets_Upgrades VALUES(133,371);
INSERT INTO Fleets_Upgrades VALUES(277,371);
INSERT INTO Fleets_Upgrades VALUES(78,371);
INSERT INTO Fleets_Upgrades VALUES(88,371);
INSERT INTO Fleets_Upgrades VALUES(212,371);
INSERT INTO Fleets_Upgrades VALUES(213,372);
INSERT INTO Fleets_Upgrades VALUES(60,372);
INSERT INTO Fleets_Upgrades VALUES(112,373);
INSERT INTO Fleets_Upgrades VALUES(65,373);
INSERT INTO Fleets_Upgrades VALUES(185,373);
INSERT INTO Fleets_Upgrades VALUES(42,373);
INSERT INTO Fleets_Upgrades VALUES(96,374);
INSERT INTO Fleets_Upgrades VALUES(280,374);
INSERT INTO Fleets_Upgrades VALUES(165,374);
INSERT INTO Fleets_Upgrades VALUES(183,374);
INSERT INTO Fleets_Upgrades VALUES(3,375);
INSERT INTO Fleets_Upgrades VALUES(107,375);
INSERT INTO Fleets_Upgrades VALUES(289,375);
INSERT INTO Fleets_Upgrades VALUES(42,375);
INSERT INTO Fleets_Upgrades VALUES(267,375);
INSERT INTO Fleets_Upgrades VALUES(21,376);
INSERT INTO Fleets_Upgrades VALUES(145,376);
INSERT INTO Fleets_Upgrades VALUES(286,376);
INSERT INTO Fleets_Upgrades VALUES(42,376);
INSERT INTO Fleets_Upgrades VALUES(272,376);
INSERT INTO Fleets_Upgrades VALUES(283,377);
INSERT INTO Fleets_Upgrades VALUES(168,377);
INSERT INTO Fleets_Upgrades VALUES(272,377);
INSERT INTO Fleets_Upgrades VALUES(283,378);
INSERT INTO Fleets_Upgrades VALUES(168,378);
INSERT INTO Fleets_Upgrades VALUES(272,378);
INSERT INTO Fleets_Upgrades VALUES(62,379);
INSERT INTO Fleets_Upgrades VALUES(63,380);
INSERT INTO Fleets_Upgrades VALUES(37,381);
INSERT INTO Fleets_Upgrades VALUES(155,381);
INSERT INTO Fleets_Upgrades VALUES(46,381);
INSERT INTO Fleets_Upgrades VALUES(53,381);
INSERT INTO Fleets_Upgrades VALUES(165,381);
INSERT INTO Fleets_Upgrades VALUES(73,381);
INSERT INTO Fleets_Upgrades VALUES(261,381);
INSERT INTO Fleets_Upgrades VALUES(254,381);
INSERT INTO Fleets_Upgrades VALUES(41,381);
INSERT INTO Fleets_Upgrades VALUES(160,382);
INSERT INTO Fleets_Upgrades VALUES(283,382);
INSERT INTO Fleets_Upgrades VALUES(274,382);
INSERT INTO Fleets_Upgrades VALUES(259,382);
INSERT INTO Fleets_Upgrades VALUES(121,385);
INSERT INTO Fleets_Upgrades VALUES(280,385);
INSERT INTO Fleets_Upgrades VALUES(165,385);
INSERT INTO Fleets_Upgrades VALUES(263,385);
INSERT INTO Fleets_Upgrades VALUES(232,385);
INSERT INTO Fleets_Upgrades VALUES(271,386);
INSERT INTO Fleets_Upgrades VALUES(271,387);
INSERT INTO Fleets_Upgrades VALUES(25,388);
INSERT INTO Fleets_Upgrades VALUES(271,388);
INSERT INTO Fleets_Upgrades VALUES(30,389);
INSERT INTO Fleets_Upgrades VALUES(145,389);
INSERT INTO Fleets_Upgrades VALUES(292,389);
INSERT INTO Fleets_Upgrades VALUES(41,389);
INSERT INTO Fleets_Upgrades VALUES(261,389);
INSERT INTO Fleets_Upgrades VALUES(69,389);
INSERT INTO Fleets_Upgrades VALUES(165,389);
INSERT INTO Fleets_Upgrades VALUES(233,389);
INSERT INTO Fleets_Upgrades VALUES(142,390);
INSERT INTO Fleets_Upgrades VALUES(74,390);
INSERT INTO Fleets_Upgrades VALUES(225,390);
INSERT INTO Fleets_Upgrades VALUES(139,391);
INSERT INTO Fleets_Upgrades VALUES(76,391);
INSERT INTO Fleets_Upgrades VALUES(227,391);
INSERT INTO Fleets_Upgrades VALUES(150,392);
INSERT INTO Fleets_Upgrades VALUES(61,392);
INSERT INTO Fleets_Upgrades VALUES(226,392);
INSERT INTO Fleets_Upgrades VALUES(160,393);
INSERT INTO Fleets_Upgrades VALUES(87,393);
INSERT INTO Fleets_Upgrades VALUES(37,394);
INSERT INTO Fleets_Upgrades VALUES(155,394);
INSERT INTO Fleets_Upgrades VALUES(41,394);
INSERT INTO Fleets_Upgrades VALUES(53,394);
INSERT INTO Fleets_Upgrades VALUES(165,394);
INSERT INTO Fleets_Upgrades VALUES(73,394);
INSERT INTO Fleets_Upgrades VALUES(261,394);
INSERT INTO Fleets_Upgrades VALUES(254,394);
INSERT INTO Fleets_Upgrades VALUES(46,394);
INSERT INTO Fleets_Upgrades VALUES(157,395);
INSERT INTO Fleets_Upgrades VALUES(282,395);
INSERT INTO Fleets_Upgrades VALUES(87,395);
INSERT INTO Fleets_Upgrades VALUES(165,395);
INSERT INTO Fleets_Upgrades VALUES(261,395);
INSERT INTO Fleets_Upgrades VALUES(259,395);
INSERT INTO Fleets_Upgrades VALUES(107,396);
INSERT INTO Fleets_Upgrades VALUES(42,396);
INSERT INTO Fleets_Upgrades VALUES(69,396);
INSERT INTO Fleets_Upgrades VALUES(272,396);
INSERT INTO Fleets_Upgrades VALUES(191,396);
INSERT INTO Fleets_Upgrades VALUES(4,397);
INSERT INTO Fleets_Upgrades VALUES(97,397);
INSERT INTO Fleets_Upgrades VALUES(173,397);
INSERT INTO Fleets_Upgrades VALUES(77,397);
INSERT INTO Fleets_Upgrades VALUES(49,397);
INSERT INTO Fleets_Upgrades VALUES(50,397);
INSERT INTO Fleets_Upgrades VALUES(66,397);
INSERT INTO Fleets_Upgrades VALUES(192,397);
INSERT INTO Fleets_Upgrades VALUES(123,398);
INSERT INTO Fleets_Upgrades VALUES(60,398);
INSERT INTO Fleets_Upgrades VALUES(117,399);
INSERT INTO Fleets_Upgrades VALUES(277,399);
INSERT INTO Fleets_Upgrades VALUES(76,399);
INSERT INTO Fleets_Upgrades VALUES(78,399);
INSERT INTO Fleets_Upgrades VALUES(272,399);
INSERT INTO Fleets_Upgrades VALUES(73,400);
INSERT INTO Fleets_Upgrades VALUES(3,400);
INSERT INTO Fleets_Upgrades VALUES(200,400);
INSERT INTO Fleets_Upgrades VALUES(87,400);
INSERT INTO Fleets_Upgrades VALUES(87,401);
INSERT INTO Fleets_Upgrades VALUES(59,401);
INSERT INTO Fleets_Upgrades VALUES(87,402);
INSERT INTO Fleets_Upgrades VALUES(10,403);
INSERT INTO Fleets_Upgrades VALUES(121,403);
INSERT INTO Fleets_Upgrades VALUES(289,403);
INSERT INTO Fleets_Upgrades VALUES(42,403);
INSERT INTO Fleets_Upgrades VALUES(69,403);
INSERT INTO Fleets_Upgrades VALUES(272,403);
INSERT INTO Fleets_Upgrades VALUES(121,404);
INSERT INTO Fleets_Upgrades VALUES(280,404);
INSERT INTO Fleets_Upgrades VALUES(174,404);
INSERT INTO Fleets_Upgrades VALUES(163,404);
INSERT INTO Fleets_Upgrades VALUES(183,404);
INSERT INTO Fleets_Upgrades VALUES(109,405);
INSERT INTO Fleets_Upgrades VALUES(280,405);
INSERT INTO Fleets_Upgrades VALUES(87,405);
INSERT INTO Fleets_Upgrades VALUES(166,405);
INSERT INTO Fleets_Upgrades VALUES(202,405);
INSERT INTO Fleets_Upgrades VALUES(60,406);
INSERT INTO Fleets_Upgrades VALUES(87,406);
INSERT INTO Fleets_Upgrades VALUES(185,406);
INSERT INTO Fleets_Upgrades VALUES(123,407);
INSERT INTO Fleets_Upgrades VALUES(60,407);
INSERT INTO Fleets_Upgrades VALUES(21,408);
INSERT INTO Fleets_Upgrades VALUES(53,408);
INSERT INTO Fleets_Upgrades VALUES(173,409);
INSERT INTO Fleets_Upgrades VALUES(173,410);
INSERT INTO Fleets_Upgrades VALUES(150,411);
INSERT INTO Fleets_Upgrades VALUES(173,411);
INSERT INTO Fleets_Upgrades VALUES(262,411);
INSERT INTO Fleets_Upgrades VALUES(173,412);
INSERT INTO Fleets_Upgrades VALUES(262,412);
INSERT INTO Fleets_Upgrades VALUES(37,413);
INSERT INTO Fleets_Upgrades VALUES(154,413);
INSERT INTO Fleets_Upgrades VALUES(46,413);
INSERT INTO Fleets_Upgrades VALUES(266,413);
INSERT INTO Fleets_Upgrades VALUES(252,413);
INSERT INTO Fleets_Upgrades VALUES(159,414);
INSERT INTO Fleets_Upgrades VALUES(177,414);
INSERT INTO Fleets_Upgrades VALUES(77,414);
INSERT INTO Fleets_Upgrades VALUES(266,414);
INSERT INTO Fleets_Upgrades VALUES(253,414);
INSERT INTO Fleets_Upgrades VALUES(157,415);
INSERT INTO Fleets_Upgrades VALUES(283,415);
INSERT INTO Fleets_Upgrades VALUES(87,415);
INSERT INTO Fleets_Upgrades VALUES(163,415);
INSERT INTO Fleets_Upgrades VALUES(274,415);
INSERT INTO Fleets_Upgrades VALUES(259,415);
INSERT INTO Fleets_Upgrades VALUES(35,417);
INSERT INTO Fleets_Upgrades VALUES(155,417);
INSERT INTO Fleets_Upgrades VALUES(46,417);
INSERT INTO Fleets_Upgrades VALUES(55,417);
INSERT INTO Fleets_Upgrades VALUES(76,417);
INSERT INTO Fleets_Upgrades VALUES(165,417);
INSERT INTO Fleets_Upgrades VALUES(69,417);
INSERT INTO Fleets_Upgrades VALUES(263,417);
INSERT INTO Fleets_Upgrades VALUES(254,417);
INSERT INTO Fleets_Upgrades VALUES(41,417);
INSERT INTO Fleets_Upgrades VALUES(156,418);
INSERT INTO Fleets_Upgrades VALUES(123,418);
INSERT INTO Fleets_Upgrades VALUES(179,418);
INSERT INTO Fleets_Upgrades VALUES(59,418);
INSERT INTO Fleets_Upgrades VALUES(160,419);
INSERT INTO Fleets_Upgrades VALUES(277,419);
INSERT INTO Fleets_Upgrades VALUES(3,420);
INSERT INTO Fleets_Upgrades VALUES(107,420);
INSERT INTO Fleets_Upgrades VALUES(280,420);
INSERT INTO Fleets_Upgrades VALUES(163,420);
INSERT INTO Fleets_Upgrades VALUES(200,420);
INSERT INTO Fleets_Upgrades VALUES(280,421);
INSERT INTO Fleets_Upgrades VALUES(163,421);
INSERT INTO Fleets_Upgrades VALUES(109,422);
INSERT INTO Fleets_Upgrades VALUES(280,422);
INSERT INTO Fleets_Upgrades VALUES(166,422);
INSERT INTO Fleets_Upgrades VALUES(114,423);
INSERT INTO Fleets_Upgrades VALUES(60,423);
INSERT INTO Fleets_Upgrades VALUES(76,423);
INSERT INTO Fleets_Upgrades VALUES(186,423);
INSERT INTO Fleets_Upgrades VALUES(112,424);
INSERT INTO Fleets_Upgrades VALUES(60,424);
INSERT INTO Fleets_Upgrades VALUES(185,424);
INSERT INTO Fleets_Upgrades VALUES(42,424);
INSERT INTO Fleets_Upgrades VALUES(30,425);
INSERT INTO Fleets_Upgrades VALUES(151,425);
INSERT INTO Fleets_Upgrades VALUES(284,425);
INSERT INTO Fleets_Upgrades VALUES(41,425);
INSERT INTO Fleets_Upgrades VALUES(165,425);
INSERT INTO Fleets_Upgrades VALUES(66,425);
INSERT INTO Fleets_Upgrades VALUES(235,425);
INSERT INTO Fleets_Upgrades VALUES(123,426);
INSERT INTO Fleets_Upgrades VALUES(271,426);
INSERT INTO Fleets_Upgrades VALUES(223,426);
INSERT INTO Fleets_Upgrades VALUES(129,427);
INSERT INTO Fleets_Upgrades VALUES(179,427);
INSERT INTO Fleets_Upgrades VALUES(271,427);
INSERT INTO Fleets_Upgrades VALUES(225,427);
INSERT INTO Fleets_Upgrades VALUES(142,428);
INSERT INTO Fleets_Upgrades VALUES(292,428);
INSERT INTO Fleets_Upgrades VALUES(165,428);
INSERT INTO Fleets_Upgrades VALUES(228,428);
INSERT INTO Fleets_Upgrades VALUES(30,429);
INSERT INTO Fleets_Upgrades VALUES(121,429);
INSERT INTO Fleets_Upgrades VALUES(286,429);
INSERT INTO Fleets_Upgrades VALUES(174,429);
INSERT INTO Fleets_Upgrades VALUES(73,429);
INSERT INTO Fleets_Upgrades VALUES(270,429);
INSERT INTO Fleets_Upgrades VALUES(273,429);
INSERT INTO Fleets_Upgrades VALUES(241,429);
INSERT INTO Fleets_Upgrades VALUES(123,430);
INSERT INTO Fleets_Upgrades VALUES(62,430);
INSERT INTO Fleets_Upgrades VALUES(87,430);
INSERT INTO Fleets_Upgrades VALUES(121,431);
INSERT INTO Fleets_Upgrades VALUES(280,431);
INSERT INTO Fleets_Upgrades VALUES(45,431);
INSERT INTO Fleets_Upgrades VALUES(165,431);
INSERT INTO Fleets_Upgrades VALUES(263,431);
INSERT INTO Fleets_Upgrades VALUES(231,431);
INSERT INTO Fleets_Upgrades VALUES(140,432);
INSERT INTO Fleets_Upgrades VALUES(271,432);
INSERT INTO Fleets_Upgrades VALUES(225,432);
INSERT INTO Fleets_Upgrades VALUES(6,433);
INSERT INTO Fleets_Upgrades VALUES(98,433);
INSERT INTO Fleets_Upgrades VALUES(283,433);
INSERT INTO Fleets_Upgrades VALUES(87,433);
INSERT INTO Fleets_Upgrades VALUES(42,433);
INSERT INTO Fleets_Upgrades VALUES(74,433);
INSERT INTO Fleets_Upgrades VALUES(272,433);
INSERT INTO Fleets_Upgrades VALUES(114,434);
INSERT INTO Fleets_Upgrades VALUES(277,434);
INSERT INTO Fleets_Upgrades VALUES(87,434);
INSERT INTO Fleets_Upgrades VALUES(76,434);
INSERT INTO Fleets_Upgrades VALUES(197,434);
INSERT INTO Fleets_Upgrades VALUES(104,435);
INSERT INTO Fleets_Upgrades VALUES(60,435);
INSERT INTO Fleets_Upgrades VALUES(87,435);
INSERT INTO Fleets_Upgrades VALUES(132,436);
INSERT INTO Fleets_Upgrades VALUES(281,436);
INSERT INTO Fleets_Upgrades VALUES(86,436);
INSERT INTO Fleets_Upgrades VALUES(46,436);
INSERT INTO Fleets_Upgrades VALUES(165,436);
INSERT INTO Fleets_Upgrades VALUES(266,436);
INSERT INTO Fleets_Upgrades VALUES(15,437);
INSERT INTO Fleets_Upgrades VALUES(179,437);
INSERT INTO Fleets_Upgrades VALUES(59,437);
INSERT INTO Fleets_Upgrades VALUES(76,437);
INSERT INTO Fleets_Upgrades VALUES(138,438);
INSERT INTO Fleets_Upgrades VALUES(165,438);
INSERT INTO Fleets_Upgrades VALUES(12,439);
INSERT INTO Fleets_Upgrades VALUES(107,439);
INSERT INTO Fleets_Upgrades VALUES(278,439);
INSERT INTO Fleets_Upgrades VALUES(53,439);
INSERT INTO Fleets_Upgrades VALUES(272,439);
INSERT INTO Fleets_Upgrades VALUES(273,439);
INSERT INTO Fleets_Upgrades VALUES(269,440);
INSERT INTO Fleets_Upgrades VALUES(269,441);
INSERT INTO Fleets_Upgrades VALUES(94,442);
INSERT INTO Fleets_Upgrades VALUES(280,442);
INSERT INTO Fleets_Upgrades VALUES(174,442);
INSERT INTO Fleets_Upgrades VALUES(162,442);
INSERT INTO Fleets_Upgrades VALUES(183,442);
INSERT INTO Fleets_Upgrades VALUES(2,443);
INSERT INTO Fleets_Upgrades VALUES(121,443);
INSERT INTO Fleets_Upgrades VALUES(283,443);
INSERT INTO Fleets_Upgrades VALUES(42,443);
INSERT INTO Fleets_Upgrades VALUES(73,443);
INSERT INTO Fleets_Upgrades VALUES(272,443);
INSERT INTO Fleets_Upgrades VALUES(112,444);
INSERT INTO Fleets_Upgrades VALUES(283,444);
INSERT INTO Fleets_Upgrades VALUES(280,444);
INSERT INTO Fleets_Upgrades VALUES(272,444);
INSERT INTO Fleets_Upgrades VALUES(170,444);
INSERT INTO Fleets_Upgrades VALUES(42,444);
INSERT INTO Fleets_Upgrades VALUES(104,445);
INSERT INTO Fleets_Upgrades VALUES(60,445);
INSERT INTO Fleets_Upgrades VALUES(126,446);
INSERT INTO Fleets_Upgrades VALUES(278,446);
INSERT INTO Fleets_Upgrades VALUES(174,446);
INSERT INTO Fleets_Upgrades VALUES(73,446);
INSERT INTO Fleets_Upgrades VALUES(270,446);
INSERT INTO Fleets_Upgrades VALUES(272,446);
INSERT INTO Fleets_Upgrades VALUES(239,446);
INSERT INTO Fleets_Upgrades VALUES(126,447);
INSERT INTO Fleets_Upgrades VALUES(286,447);
INSERT INTO Fleets_Upgrades VALUES(174,447);
INSERT INTO Fleets_Upgrades VALUES(73,447);
INSERT INTO Fleets_Upgrades VALUES(270,447);
INSERT INTO Fleets_Upgrades VALUES(272,447);
INSERT INTO Fleets_Upgrades VALUES(241,447);
INSERT INTO Fleets_Upgrades VALUES(26,448);
INSERT INTO Fleets_Upgrades VALUES(60,449);
INSERT INTO Fleets_Upgrades VALUES(60,450);
INSERT INTO Fleets_Upgrades VALUES(11,451);
INSERT INTO Fleets_Upgrades VALUES(102,451);
INSERT INTO Fleets_Upgrades VALUES(278,451);
INSERT INTO Fleets_Upgrades VALUES(261,451);
INSERT INTO Fleets_Upgrades VALUES(272,451);
INSERT INTO Fleets_Upgrades VALUES(190,451);
INSERT INTO Fleets_Upgrades VALUES(98,452);
INSERT INTO Fleets_Upgrades VALUES(39,452);
INSERT INTO Fleets_Upgrades VALUES(271,452);
INSERT INTO Fleets_Upgrades VALUES(182,452);
INSERT INTO Fleets_Upgrades VALUES(62,453);
INSERT INTO Fleets_Upgrades VALUES(38,454);
INSERT INTO Fleets_Upgrades VALUES(155,454);
INSERT INTO Fleets_Upgrades VALUES(46,454);
INSERT INTO Fleets_Upgrades VALUES(53,454);
INSERT INTO Fleets_Upgrades VALUES(90,454);
INSERT INTO Fleets_Upgrades VALUES(163,454);
INSERT INTO Fleets_Upgrades VALUES(73,454);
INSERT INTO Fleets_Upgrades VALUES(265,454);
INSERT INTO Fleets_Upgrades VALUES(160,455);
INSERT INTO Fleets_Upgrades VALUES(280,455);
INSERT INTO Fleets_Upgrades VALUES(90,455);
INSERT INTO Fleets_Upgrades VALUES(163,455);
INSERT INTO Fleets_Upgrades VALUES(274,455);
INSERT INTO Fleets_Upgrades VALUES(259,455);
INSERT INTO Fleets_Upgrades VALUES(90,456);
INSERT INTO Fleets_Upgrades VALUES(90,457);
INSERT INTO Fleets_Upgrades VALUES(138,458);
INSERT INTO Fleets_Upgrades VALUES(285,458);
INSERT INTO Fleets_Upgrades VALUES(46,458);
INSERT INTO Fleets_Upgrades VALUES(165,458);
INSERT INTO Fleets_Upgrades VALUES(266,458);
INSERT INTO Fleets_Upgrades VALUES(211,458);
INSERT INTO Fleets_Upgrades VALUES(176,459);
INSERT INTO Fleets_Upgrades VALUES(214,459);
INSERT INTO Fleets_Upgrades VALUES(17,460);
INSERT INTO Fleets_Upgrades VALUES(132,460);
INSERT INTO Fleets_Upgrades VALUES(277,460);
INSERT INTO Fleets_Upgrades VALUES(79,460);
INSERT INTO Fleets_Upgrades VALUES(46,460);
INSERT INTO Fleets_Upgrades VALUES(260,460);
INSERT INTO Fleets_Upgrades VALUES(57,460);
INSERT INTO Fleets_Upgrades VALUES(33,461);
INSERT INTO Fleets_Upgrades VALUES(160,461);
INSERT INTO Fleets_Upgrades VALUES(60,461);
INSERT INTO Fleets_Upgrades VALUES(250,461);
INSERT INTO Fleets_Upgrades VALUES(155,462);
INSERT INTO Fleets_Upgrades VALUES(277,462);
INSERT INTO Fleets_Upgrades VALUES(73,462);
INSERT INTO Fleets_Upgrades VALUES(254,462);
INSERT INTO Fleets_Upgrades VALUES(46,462);
INSERT INTO Fleets_Upgrades VALUES(124,463);
INSERT INTO Fleets_Upgrades VALUES(283,463);
INSERT INTO Fleets_Upgrades VALUES(163,463);
INSERT INTO Fleets_Upgrades VALUES(274,463);
INSERT INTO Fleets_Upgrades VALUES(259,463);
INSERT INTO Fleets_Upgrades VALUES(12,464);
INSERT INTO Fleets_Upgrades VALUES(107,464);
INSERT INTO Fleets_Upgrades VALUES(53,464);
INSERT INTO Fleets_Upgrades VALUES(284,464);
INSERT INTO Fleets_Upgrades VALUES(272,464);
INSERT INTO Fleets_Upgrades VALUES(270,464);
INSERT INTO Fleets_Upgrades VALUES(191,464);
INSERT INTO Fleets_Upgrades VALUES(178,465);
INSERT INTO Fleets_Upgrades VALUES(39,465);
INSERT INTO Fleets_Upgrades VALUES(261,465);
INSERT INTO Fleets_Upgrades VALUES(178,466);
INSERT INTO Fleets_Upgrades VALUES(39,466);
INSERT INTO Fleets_Upgrades VALUES(261,466);
INSERT INTO Fleets_Upgrades VALUES(60,467);
INSERT INTO Fleets_Upgrades VALUES(145,468);
INSERT INTO Fleets_Upgrades VALUES(286,468);
INSERT INTO Fleets_Upgrades VALUES(174,468);
INSERT INTO Fleets_Upgrades VALUES(74,468);
INSERT INTO Fleets_Upgrades VALUES(270,468);
INSERT INTO Fleets_Upgrades VALUES(272,468);
INSERT INTO Fleets_Upgrades VALUES(241,468);
INSERT INTO Fleets_Upgrades VALUES(65,469);
INSERT INTO Fleets_Upgrades VALUES(65,470);
INSERT INTO Fleets_Upgrades VALUES(142,471);
INSERT INTO Fleets_Upgrades VALUES(179,471);
INSERT INTO Fleets_Upgrades VALUES(179,472);
INSERT INTO Fleets_Upgrades VALUES(29,473);
INSERT INTO Fleets_Upgrades VALUES(123,473);
INSERT INTO Fleets_Upgrades VALUES(179,473);
INSERT INTO Fleets_Upgrades VALUES(122,474);
INSERT INTO Fleets_Upgrades VALUES(150,474);
INSERT INTO Fleets_Upgrades VALUES(280,474);
INSERT INTO Fleets_Upgrades VALUES(86,474);
INSERT INTO Fleets_Upgrades VALUES(277,474);
INSERT INTO Fleets_Upgrades VALUES(78,474);
INSERT INTO Fleets_Upgrades VALUES(176,474);
INSERT INTO Fleets_Upgrades VALUES(174,474);
INSERT INTO Fleets_Upgrades VALUES(122,475);
INSERT INTO Fleets_Upgrades VALUES(176,475);
INSERT INTO Fleets_Upgrades VALUES(76,475);
INSERT INTO Fleets_Upgrades VALUES(26,476);
INSERT INTO Fleets_Upgrades VALUES(148,476);
INSERT INTO Fleets_Upgrades VALUES(225,476);
INSERT INTO Fleets_Upgrades VALUES(59,477);
INSERT INTO Fleets_Upgrades VALUES(38,478);
INSERT INTO Fleets_Upgrades VALUES(160,478);
INSERT INTO Fleets_Upgrades VALUES(280,478);
INSERT INTO Fleets_Upgrades VALUES(90,478);
INSERT INTO Fleets_Upgrades VALUES(165,478);
INSERT INTO Fleets_Upgrades VALUES(274,478);
INSERT INTO Fleets_Upgrades VALUES(259,478);
INSERT INTO Fleets_Upgrades VALUES(159,479);
INSERT INTO Fleets_Upgrades VALUES(90,479);
INSERT INTO Fleets_Upgrades VALUES(45,479);
INSERT INTO Fleets_Upgrades VALUES(261,479);
INSERT INTO Fleets_Upgrades VALUES(123,480);
INSERT INTO Fleets_Upgrades VALUES(90,480);
INSERT INTO Fleets_Upgrades VALUES(45,480);
INSERT INTO Fleets_Upgrades VALUES(261,480);
INSERT INTO Fleets_Upgrades VALUES(280,481);
INSERT INTO Fleets_Upgrades VALUES(280,482);
INSERT INTO Fleets_Upgrades VALUES(37,483);
INSERT INTO Fleets_Upgrades VALUES(161,483);
INSERT INTO Fleets_Upgrades VALUES(41,483);
INSERT INTO Fleets_Upgrades VALUES(46,483);
INSERT INTO Fleets_Upgrades VALUES(54,483);
INSERT INTO Fleets_Upgrades VALUES(78,483);
INSERT INTO Fleets_Upgrades VALUES(164,483);
INSERT INTO Fleets_Upgrades VALUES(73,483);
INSERT INTO Fleets_Upgrades VALUES(265,483);
INSERT INTO Fleets_Upgrades VALUES(254,483);
INSERT INTO Fleets_Upgrades VALUES(123,484);
INSERT INTO Fleets_Upgrades VALUES(156,484);
INSERT INTO Fleets_Upgrades VALUES(179,484);
INSERT INTO Fleets_Upgrades VALUES(63,484);
INSERT INTO Fleets_Upgrades VALUES(250,484);
INSERT INTO Fleets_Upgrades VALUES(122,485);
INSERT INTO Fleets_Upgrades VALUES(277,485);
INSERT INTO Fleets_Upgrades VALUES(277,486);
INSERT INTO Fleets_Upgrades VALUES(179,487);
INSERT INTO Fleets_Upgrades VALUES(62,487);
INSERT INTO Fleets_Upgrades VALUES(179,488);
INSERT INTO Fleets_Upgrades VALUES(63,488);
INSERT INTO Fleets_Upgrades VALUES(18,489);
INSERT INTO Fleets_Upgrades VALUES(121,489);
INSERT INTO Fleets_Upgrades VALUES(283,489);
INSERT INTO Fleets_Upgrades VALUES(89,489);
INSERT INTO Fleets_Upgrades VALUES(46,489);
INSERT INTO Fleets_Upgrades VALUES(272,489);
INSERT INTO Fleets_Upgrades VALUES(218,489);
INSERT INTO Fleets_Upgrades VALUES(121,490);
INSERT INTO Fleets_Upgrades VALUES(283,490);
INSERT INTO Fleets_Upgrades VALUES(89,490);
INSERT INTO Fleets_Upgrades VALUES(46,490);
INSERT INTO Fleets_Upgrades VALUES(272,490);
INSERT INTO Fleets_Upgrades VALUES(4,491);
INSERT INTO Fleets_Upgrades VALUES(102,491);
INSERT INTO Fleets_Upgrades VALUES(278,491);
INSERT INTO Fleets_Upgrades VALUES(43,491);
INSERT INTO Fleets_Upgrades VALUES(74,491);
INSERT INTO Fleets_Upgrades VALUES(272,491);
INSERT INTO Fleets_Upgrades VALUES(261,492);
INSERT INTO Fleets_Upgrades VALUES(182,492);
INSERT INTO Fleets_Upgrades VALUES(271,493);
INSERT INTO Fleets_Upgrades VALUES(60,494);
INSERT INTO Fleets_Upgrades VALUES(22,495);
INSERT INTO Fleets_Upgrades VALUES(174,495);
INSERT INTO Fleets_Upgrades VALUES(39,495);
INSERT INTO Fleets_Upgrades VALUES(42,495);
INSERT INTO Fleets_Upgrades VALUES(73,495);
INSERT INTO Fleets_Upgrades VALUES(261,495);
INSERT INTO Fleets_Upgrades VALUES(280,496);
INSERT INTO Fleets_Upgrades VALUES(42,496);
INSERT INTO Fleets_Upgrades VALUES(165,496);
INSERT INTO Fleets_Upgrades VALUES(162,496);
INSERT INTO Fleets_Upgrades VALUES(235,496);
INSERT INTO Fleets_Upgrades VALUES(165,497);
INSERT INTO Fleets_Upgrades VALUES(140,498);
INSERT INTO Fleets_Upgrades VALUES(60,498);
INSERT INTO Fleets_Upgrades VALUES(12,499);
INSERT INTO Fleets_Upgrades VALUES(108,499);
INSERT INTO Fleets_Upgrades VALUES(54,499);
INSERT INTO Fleets_Upgrades VALUES(280,500);
INSERT INTO Fleets_Upgrades VALUES(164,500);
INSERT INTO Fleets_Upgrades VALUES(209,500);
INSERT INTO Fleets_Upgrades VALUES(174,500);
INSERT INTO Fleets_Upgrades VALUES(103,501);
INSERT INTO Fleets_Upgrades VALUES(277,501);
INSERT INTO Fleets_Upgrades VALUES(9,502);
INSERT INTO Fleets_Upgrades VALUES(97,502);
INSERT INTO Fleets_Upgrades VALUES(102,502);
INSERT INTO Fleets_Upgrades VALUES(107,502);
INSERT INTO Fleets_Upgrades VALUES(278,502);
INSERT INTO Fleets_Upgrades VALUES(85,502);
INSERT INTO Fleets_Upgrades VALUES(83,502);
INSERT INTO Fleets_Upgrades VALUES(67,502);
INSERT INTO Fleets_Upgrades VALUES(69,502);
INSERT INTO Fleets_Upgrades VALUES(273,502);
INSERT INTO Fleets_Upgrades VALUES(272,502);
INSERT INTO Fleets_Upgrades VALUES(205,502);
INSERT INTO Fleets_Upgrades VALUES(95,503);
INSERT INTO Fleets_Upgrades VALUES(64,503);
INSERT INTO Fleets_Upgrades VALUES(64,504);
INSERT INTO Fleets_Upgrades VALUES(30,505);
INSERT INTO Fleets_Upgrades VALUES(151,505);
INSERT INTO Fleets_Upgrades VALUES(41,505);
INSERT INTO Fleets_Upgrades VALUES(42,505);
INSERT INTO Fleets_Upgrades VALUES(73,505);
INSERT INTO Fleets_Upgrades VALUES(264,505);
INSERT INTO Fleets_Upgrades VALUES(237,505);
INSERT INTO Fleets_Upgrades VALUES(148,506);
INSERT INTO Fleets_Upgrades VALUES(278,506);
INSERT INTO Fleets_Upgrades VALUES(179,506);
INSERT INTO Fleets_Upgrades VALUES(74,506);
INSERT INTO Fleets_Upgrades VALUES(267,506);
INSERT INTO Fleets_Upgrades VALUES(273,506);
INSERT INTO Fleets_Upgrades VALUES(241,506);
INSERT INTO Fleets_Upgrades VALUES(146,507);
INSERT INTO Fleets_Upgrades VALUES(60,507);
INSERT INTO Fleets_Upgrades VALUES(140,508);
INSERT INTO Fleets_Upgrades VALUES(60,508);
INSERT INTO Fleets_Upgrades VALUES(138,509);
INSERT INTO Fleets_Upgrades VALUES(285,509);
INSERT INTO Fleets_Upgrades VALUES(46,509);
INSERT INTO Fleets_Upgrades VALUES(165,509);
INSERT INTO Fleets_Upgrades VALUES(266,509);
INSERT INTO Fleets_Upgrades VALUES(211,509);
INSERT INTO Fleets_Upgrades VALUES(176,510);
INSERT INTO Fleets_Upgrades VALUES(214,510);
INSERT INTO Fleets_Upgrades VALUES(17,511);
INSERT INTO Fleets_Upgrades VALUES(132,511);
INSERT INTO Fleets_Upgrades VALUES(277,511);
INSERT INTO Fleets_Upgrades VALUES(79,511);
INSERT INTO Fleets_Upgrades VALUES(46,511);
INSERT INTO Fleets_Upgrades VALUES(260,511);
INSERT INTO Fleets_Upgrades VALUES(57,511);
INSERT INTO Fleets_Upgrades VALUES(6,512);
INSERT INTO Fleets_Upgrades VALUES(114,512);
INSERT INTO Fleets_Upgrades VALUES(277,512);
INSERT INTO Fleets_Upgrades VALUES(78,512);
INSERT INTO Fleets_Upgrades VALUES(76,512);
INSERT INTO Fleets_Upgrades VALUES(77,513);
INSERT INTO Fleets_Upgrades VALUES(267,513);
INSERT INTO Fleets_Upgrades VALUES(69,513);
INSERT INTO Fleets_Upgrades VALUES(77,514);
INSERT INTO Fleets_Upgrades VALUES(267,514);
INSERT INTO Fleets_Upgrades VALUES(69,514);
INSERT INTO Fleets_Upgrades VALUES(64,515);
INSERT INTO Fleets_Upgrades VALUES(87,515);
INSERT INTO Fleets_Upgrades VALUES(12,516);
INSERT INTO Fleets_Upgrades VALUES(278,516);
INSERT INTO Fleets_Upgrades VALUES(53,516);
INSERT INTO Fleets_Upgrades VALUES(261,516);
INSERT INTO Fleets_Upgrades VALUES(109,517);
INSERT INTO Fleets_Upgrades VALUES(280,517);
INSERT INTO Fleets_Upgrades VALUES(174,517);
INSERT INTO Fleets_Upgrades VALUES(163,517);
INSERT INTO Fleets_Upgrades VALUES(183,517);
INSERT INTO Fleets_Upgrades VALUES(113,518);
INSERT INTO Fleets_Upgrades VALUES(289,518);
INSERT INTO Fleets_Upgrades VALUES(261,518);
INSERT INTO Fleets_Upgrades VALUES(165,518);
INSERT INTO Fleets_Upgrades VALUES(209,518);
INSERT INTO Fleets_Upgrades VALUES(174,518);
INSERT INTO Fleets_Upgrades VALUES(269,519);
INSERT INTO Fleets_Upgrades VALUES(269,520);
INSERT INTO Fleets_Upgrades VALUES(37,521);
INSERT INTO Fleets_Upgrades VALUES(177,521);
INSERT INTO Fleets_Upgrades VALUES(63,521);
INSERT INTO Fleets_Upgrades VALUES(124,522);
INSERT INTO Fleets_Upgrades VALUES(272,522);
INSERT INTO Fleets_Upgrades VALUES(124,523);
INSERT INTO Fleets_Upgrades VALUES(272,523);
INSERT INTO Fleets_Upgrades VALUES(259,523);
INSERT INTO Fleets_Upgrades VALUES(5,524);
INSERT INTO Fleets_Upgrades VALUES(112,524);
INSERT INTO Fleets_Upgrades VALUES(278,524);
INSERT INTO Fleets_Upgrades VALUES(52,524);
INSERT INTO Fleets_Upgrades VALUES(273,524);
INSERT INTO Fleets_Upgrades VALUES(267,524);
INSERT INTO Fleets_Upgrades VALUES(42,524);
INSERT INTO Fleets_Upgrades VALUES(77,525);
INSERT INTO Fleets_Upgrades VALUES(66,525);
INSERT INTO Fleets_Upgrades VALUES(200,525);
INSERT INTO Fleets_Upgrades VALUES(77,526);
INSERT INTO Fleets_Upgrades VALUES(66,526);
INSERT INTO Fleets_Upgrades VALUES(123,527);
INSERT INTO Fleets_Upgrades VALUES(60,527);
INSERT INTO Fleets_Upgrades VALUES(11,528);
INSERT INTO Fleets_Upgrades VALUES(108,528);
INSERT INTO Fleets_Upgrades VALUES(278,528);
INSERT INTO Fleets_Upgrades VALUES(85,528);
INSERT INTO Fleets_Upgrades VALUES(42,528);
INSERT INTO Fleets_Upgrades VALUES(272,528);
INSERT INTO Fleets_Upgrades VALUES(280,529);
INSERT INTO Fleets_Upgrades VALUES(165,529);
INSERT INTO Fleets_Upgrades VALUES(280,530);
INSERT INTO Fleets_Upgrades VALUES(165,530);
INSERT INTO Fleets_Upgrades VALUES(123,531);
INSERT INTO Fleets_Upgrades VALUES(62,531);
INSERT INTO Fleets_Upgrades VALUES(37,532);
INSERT INTO Fleets_Upgrades VALUES(155,532);
INSERT INTO Fleets_Upgrades VALUES(283,532);
INSERT INTO Fleets_Upgrades VALUES(82,532);
INSERT INTO Fleets_Upgrades VALUES(272,532);
INSERT INTO Fleets_Upgrades VALUES(259,532);
INSERT INTO Fleets_Upgrades VALUES(124,533);
INSERT INTO Fleets_Upgrades VALUES(41,533);
INSERT INTO Fleets_Upgrades VALUES(261,533);
INSERT INTO Fleets_Upgrades VALUES(124,534);
INSERT INTO Fleets_Upgrades VALUES(41,534);
INSERT INTO Fleets_Upgrades VALUES(261,534);
INSERT INTO Fleets_Upgrades VALUES(160,535);
INSERT INTO Fleets_Upgrades VALUES(13,536);
INSERT INTO Fleets_Upgrades VALUES(116,536);
INSERT INTO Fleets_Upgrades VALUES(52,536);
INSERT INTO Fleets_Upgrades VALUES(279,536);
INSERT INTO Fleets_Upgrades VALUES(102,537);
INSERT INTO Fleets_Upgrades VALUES(55,537);
INSERT INTO Fleets_Upgrades VALUES(279,537);
INSERT INTO Fleets_Upgrades VALUES(60,538);
INSERT INTO Fleets_Upgrades VALUES(279,539);
INSERT INTO Fleets_Upgrades VALUES(209,539);
INSERT INTO Fleets_Upgrades VALUES(174,539);
INSERT INTO Fleets_Upgrades VALUES(21,540);
INSERT INTO Fleets_Upgrades VALUES(126,540);
INSERT INTO Fleets_Upgrades VALUES(176,540);
INSERT INTO Fleets_Upgrades VALUES(39,540);
INSERT INTO Fleets_Upgrades VALUES(41,540);
INSERT INTO Fleets_Upgrades VALUES(69,540);
INSERT INTO Fleets_Upgrades VALUES(150,541);
INSERT INTO Fleets_Upgrades VALUES(277,541);
INSERT INTO Fleets_Upgrades VALUES(78,541);
INSERT INTO Fleets_Upgrades VALUES(42,541);
INSERT INTO Fleets_Upgrades VALUES(261,541);
INSERT INTO Fleets_Upgrades VALUES(62,542);
INSERT INTO Fleets_Upgrades VALUES(226,542);
INSERT INTO Fleets_Upgrades VALUES(17,543);
INSERT INTO Fleets_Upgrades VALUES(135,543);
INSERT INTO Fleets_Upgrades VALUES(79,543);
INSERT INTO Fleets_Upgrades VALUES(76,543);
INSERT INTO Fleets_Upgrades VALUES(212,543);
INSERT INTO Fleets_Upgrades VALUES(57,543);
INSERT INTO Fleets_Upgrades VALUES(277,544);
INSERT INTO Fleets_Upgrades VALUES(89,544);
INSERT INTO Fleets_Upgrades VALUES(46,544);
INSERT INTO Fleets_Upgrades VALUES(272,544);
INSERT INTO Fleets_Upgrades VALUES(218,544);
INSERT INTO Fleets_Upgrades VALUES(123,545);
INSERT INTO Fleets_Upgrades VALUES(213,545);
INSERT INTO Fleets_Upgrades VALUES(60,545);
INSERT INTO Fleets_Upgrades VALUES(123,546);
INSERT INTO Fleets_Upgrades VALUES(42,546);
INSERT INTO Fleets_Upgrades VALUES(265,546);
INSERT INTO Fleets_Upgrades VALUES(223,546);
INSERT INTO Fleets_Upgrades VALUES(22,547);
INSERT INTO Fleets_Upgrades VALUES(144,547);
INSERT INTO Fleets_Upgrades VALUES(280,547);
INSERT INTO Fleets_Upgrades VALUES(45,547);
INSERT INTO Fleets_Upgrades VALUES(164,547);
INSERT INTO Fleets_Upgrades VALUES(265,547);
INSERT INTO Fleets_Upgrades VALUES(231,547);
INSERT INTO Fleets_Upgrades VALUES(151,548);
INSERT INTO Fleets_Upgrades VALUES(280,548);
INSERT INTO Fleets_Upgrades VALUES(76,548);
INSERT INTO Fleets_Upgrades VALUES(45,548);
INSERT INTO Fleets_Upgrades VALUES(165,548);
INSERT INTO Fleets_Upgrades VALUES(164,548);
INSERT INTO Fleets_Upgrades VALUES(235,548);
INSERT INTO Fleets_Upgrades VALUES(38,280);
CREATE TABLE Scores (
    event_id INTEGER NOT NULL,
    round INTEGER DEFAULT 1,
    player TEXT NOT NULL,
    points INTEGER NOT NULL,
    tournament_points INTEGER NOT NULL,
    opponent TEXT,
    FOREIGN KEY (event_id) REFERENCES Events (id)
    );
INSERT INTO Scores VALUES(1,1,'Tim Bailey',114,4,'Jared Eslick-Coats');
INSERT INTO Scores VALUES(1,1,'Jared Eslick-Coats',214,7,'Tim Bailey');
INSERT INTO Scores VALUES(1,1,'Dennis Daniels',0,1,'Michael Wright');
INSERT INTO Scores VALUES(1,1,'Michael Wright',400,10,'Dennis Daniels');
INSERT INTO Scores VALUES(1,1,'Rob Harrison',400,9,'Robin Sather');
INSERT INTO Scores VALUES(1,1,'Robin Sather',106,2,'Rob Harrison');
INSERT INTO Scores VALUES(1,1,'Matt Somes',42,2,'Patrick Doupe');
INSERT INTO Scores VALUES(1,1,'Patrick Doupe',319,9,'Matt Somes');
INSERT INTO Scores VALUES(1,1,'Ryan Neupert',331,6,'John Benedict');
INSERT INTO Scores VALUES(1,1,'John Benedict',317,5,'Ryan Neupert');
INSERT INTO Scores VALUES(1,1,'Ryder Curry',170,7,'Steve Smaha');
INSERT INTO Scores VALUES(1,1,'Steve Smaha',74,4,'Ryder Curry');
INSERT INTO Scores VALUES(1,1,'Christopher Ernest',336,9,'Nicholas Kolker');
INSERT INTO Scores VALUES(1,1,'Nicholas Kolker',84,2,'Christopher Ernest');
INSERT INTO Scores VALUES(1,1,'Daniel Unzeitig',184,6,'Mathew Schlueter');
INSERT INTO Scores VALUES(1,1,'Mathew Schlueter',136,5,'Daniel Unzeitig');
INSERT INTO Scores VALUES(1,1,'Kevin Leintz',232,7,'Royce Podeszwa');
INSERT INTO Scores VALUES(1,1,'Royce Podeszwa',168,4,'Kevin Leintz');
INSERT INTO Scores VALUES(1,1,'Aiden Jablonski',27,3,'Charles White');
INSERT INTO Scores VALUES(1,1,'Charles White',217,8,'Aiden Jablonski');
INSERT INTO Scores VALUES(1,1,'Adam Klopfenstein',306,5,'Eric Pearson');
INSERT INTO Scores VALUES(1,1,'Eric Pearson',333,6,'Adam Klopfenstein');
INSERT INTO Scores VALUES(1,1,'Marcus Kubryn',25,5,'Derek MacKinnon');
INSERT INTO Scores VALUES(1,1,'Derek MacKinnon',78,6,'Marcus Kubryn');
INSERT INTO Scores VALUES(1,1,'Brooke Kortenbusch',318,7,'Kyle Holt');
INSERT INTO Scores VALUES(1,1,'Kyle Holt',258,4,'Brooke Kortenbusch');
INSERT INTO Scores VALUES(1,1,'Dennis Raschke',157,7,'Paul Adler');
INSERT INTO Scores VALUES(1,1,'Paul Adler',46,4,'Dennis Raschke');
INSERT INTO Scores VALUES(1,1,'Daniel Allen',108,7,'Tom Kolker');
INSERT INTO Scores VALUES(1,1,'Tom Kolker',0,4,'Daniel Allen');
INSERT INTO Scores VALUES(1,1,'Christopher McWilliam',87,4,'Robert Coldwell');
INSERT INTO Scores VALUES(1,1,'Robert Coldwell',158,7,'Christopher McWilliam');
INSERT INTO Scores VALUES(1,1,'Batlomiej Przybysz',215,7,'Derek Cummings');
INSERT INTO Scores VALUES(1,1,'Derek Cummings',78,4,'Batlomiej Przybysz');
INSERT INTO Scores VALUES(1,1,'Devon Balas',103,4,'Nathanial Beaver');
INSERT INTO Scores VALUES(1,1,'Nathanial Beaver',175,7,'Devon Balas');
INSERT INTO Scores VALUES(1,1,'Aaron Klingbeil',0,3,'Kyle Bowen');
INSERT INTO Scores VALUES(1,1,'Kyle Bowen',190,8,'Aaron Klingbeil');
INSERT INTO Scores VALUES(1,1,'Andy Jackson',174,4,'Benjamin Baldwin');
INSERT INTO Scores VALUES(1,1,'Benjamin Baldwin',259,7,'Andy Jackson');
INSERT INTO Scores VALUES(1,1,'Evan Rice',109,3,'Christopher Fritz');
INSERT INTO Scores VALUES(1,1,'Christopher Fritz',268,8,'Evan Rice');
INSERT INTO Scores VALUES(1,1,'Jacob Thompson',118,3,'Paul Tomashevskyi');
INSERT INTO Scores VALUES(1,1,'Paul Tomashevskyi',282,8,'Jacob Thompson');
INSERT INTO Scores VALUES(1,1,'William Brand',120,4,'Jeffrey Post');
INSERT INTO Scores VALUES(1,1,'Jeffrey Post',206,7,'William Brand');
INSERT INTO Scores VALUES(1,1,'Joseph Nelligan',242,6,'Jerzy Frczek');
INSERT INTO Scores VALUES(1,1,'Jerzy Frczek',218,5,'Joseph Nelligan');
INSERT INTO Scores VALUES(1,1,'Joshua Fletcher',52,4,'Robert Podeszwa');
INSERT INTO Scores VALUES(1,1,'Robert Podeszwa',153,7,'Joshua Fletcher');
INSERT INTO Scores VALUES(1,1,'Jordan Shettell',130,5,'Lucas Woolard');
INSERT INTO Scores VALUES(1,1,'Lucas Woolard',189,6,'Jordan Shettell');
INSERT INTO Scores VALUES(1,1,'Andrew Armbruster',61,7,'Matthew Stoebner');
INSERT INTO Scores VALUES(1,1,'Matthew Stoebner',0,4,'Andrew Armbruster');
INSERT INTO Scores VALUES(1,1,'Christopher Cottrill',28,5,'Christopher Dyson');
INSERT INTO Scores VALUES(1,1,'Christopher Dyson',58,6,'Christopher Cottrill');
INSERT INTO Scores VALUES(1,1,'Paul Conrad',359,8,'Patrick Logan');
INSERT INTO Scores VALUES(1,1,'Patrick Logan',143,3,'Paul Conrad');
INSERT INTO Scores VALUES(1,1,'Hiroki Ogawa',70,3,'Ian Franklin');
INSERT INTO Scores VALUES(1,1,'Ian Franklin',230,8,'Hiroki Ogawa');
INSERT INTO Scores VALUES(1,1,'Joshua Gorhau',89,6,'Aaron Ray');
INSERT INTO Scores VALUES(1,1,'Aaron Ray',51,5,'Joshua Gorhau');
INSERT INTO Scores VALUES(1,1,'Justin Campeau',60,4,'Nicholas Larson');
INSERT INTO Scores VALUES(1,1,'Nicholas Larson',193,7,'Justin Campeau');
INSERT INTO Scores VALUES(1,1,'Jason Dedrick',201,6,'Justin Robbins');
INSERT INTO Scores VALUES(1,1,'Justin Robbins',155,5,'Jason Dedrick');
INSERT INTO Scores VALUES(1,1,'Matt Palo',184,5,'Aaron Hudson');
INSERT INTO Scores VALUES(1,1,'Aaron Hudson',216,6,'Matt Palo');
INSERT INTO Scores VALUES(1,1,'Shawn Tweten',240,4,'Mariano Banchero');
INSERT INTO Scores VALUES(1,1,'Mariano Banchero',318,7,'Shawn Tweten');
INSERT INTO Scores VALUES(1,1,'Kale Campagna',87,1,'Mitchell Fallinger');
INSERT INTO Scores VALUES(1,1,'Mitchell Fallinger',480,10,'Kale Campagna');
INSERT INTO Scores VALUES(1,1,'Daniel Hrobar',32,4,'Sean Newman');
INSERT INTO Scores VALUES(1,1,'Sean Newman',165,7,'Daniel Hrobar');
INSERT INTO Scores VALUES(1,1,'Joseph Morton',196,3,'Drew Hunnicutt');
INSERT INTO Scores VALUES(1,1,'Drew Hunnicutt',359,8,'Joseph Morton');
INSERT INTO Scores VALUES(1,1,'Ricardo Marmolejo',55,1,'Lewis Wright');
INSERT INTO Scores VALUES(1,1,'Lewis Wright',400,10,'Ricardo Marmolejo');
INSERT INTO Scores VALUES(1,1,'Christian Garcia',535,10,'William Welch');
INSERT INTO Scores VALUES(1,1,'William Welch',149,1,'Christian Garcia');
INSERT INTO Scores VALUES(1,1,'Timothy Surburg',256,7,'Greg Goodwin');
INSERT INTO Scores VALUES(1,1,'Greg Goodwin',156,4,'Timothy Surburg');
INSERT INTO Scores VALUES(1,1,'Rhys Aghatabay',480,10,'Mitchell Trantham');
INSERT INTO Scores VALUES(1,1,'Mitchell Trantham',81,1,'Rhys Aghatabay');
INSERT INTO Scores VALUES(1,1,'Samuel Wang',0,5,'Ryan Kubryn');
INSERT INTO Scores VALUES(1,1,'Ryan Kubryn',26,6,'Samuel Wang');
INSERT INTO Scores VALUES(1,1,'Andrew Preyer',301,8,'Roy Drum');
INSERT INTO Scores VALUES(1,1,'Roy Drum',82,3,'Andrew Preyer');
INSERT INTO Scores VALUES(1,1,'Josh Phipps',25,4,'Eric Kingsley');
INSERT INTO Scores VALUES(1,1,'Eric Kingsley',137,7,'Josh Phipps');
INSERT INTO Scores VALUES(1,1,'Aron Huckaba',0,3,'Adam Newton');
INSERT INTO Scores VALUES(1,1,'Adam Newton',218,8,'Aron Huckaba');
INSERT INTO Scores VALUES(1,1,'Ryan Becker',234,9,'William Gutierrez Gonzalez');
INSERT INTO Scores VALUES(1,1,'William Gutierrez Gonzalez',0,2,'Ryan Becker');
INSERT INTO Scores VALUES(1,1,'Robert Olmsted',0,1,'Justin Preyer');
INSERT INTO Scores VALUES(1,1,'Justin Preyer',480,10,'Robert Olmsted');
INSERT INTO Scores VALUES(1,1,'David Huber',90,5,'Greg Fyfe');
INSERT INTO Scores VALUES(1,1,'Greg Fyfe',126,6,'David Huber');
INSERT INTO Scores VALUES(1,1,'Ian Halterman',225,3,'James McCartney');
INSERT INTO Scores VALUES(1,1,'James McCartney',405,8,'Ian Halterman');
INSERT INTO Scores VALUES(1,1,'Justin Schoonmaker',192,7,'David Holmes');
INSERT INTO Scores VALUES(1,1,'David Holmes',56,4,'Justin Schoonmaker');
INSERT INTO Scores VALUES(1,1,'Tyler Szorcsik',91,5,'Nicholas Brown');
INSERT INTO Scores VALUES(1,1,'Nicholas Brown',147,6,'Tyler Szorcsik');
INSERT INTO Scores VALUES(1,1,'Atticus Rampson',161,3,'Andrew Clarke');
INSERT INTO Scores VALUES(1,1,'Andrew Clarke',344,8,'Atticus Rampson');
INSERT INTO Scores VALUES(1,1,'Owen Evans',215,7,'Andrew Koltun');
INSERT INTO Scores VALUES(1,1,'Andrew Koltun',96,4,'Owen Evans');
INSERT INTO Scores VALUES(1,1,'Mackenzie Dalla Lana',67,5,'Jason Hughley');
INSERT INTO Scores VALUES(1,1,'Jason Hughley',67,6,'Mackenzie Dalla Lana');
INSERT INTO Scores VALUES(1,1,'Eric Burtch',480,10,'Steve Cornell');
INSERT INTO Scores VALUES(1,1,'Steve Cornell',121,1,'Eric Burtch');
INSERT INTO Scores VALUES(1,1,'Samuel Simon',68,6,'Eric Connors');
INSERT INTO Scores VALUES(1,1,'Eric Connors',64,5,'Samuel Simon');
INSERT INTO Scores VALUES(1,1,'Nathan Ray',119,4,'Matthew Moncrief');
INSERT INTO Scores VALUES(1,1,'Matthew Moncrief',184,7,'Nathan Ray');
INSERT INTO Scores VALUES(1,1,'Michael Cox',187,7,'Forrest Weigel');
INSERT INTO Scores VALUES(1,1,'Forrest Weigel',126,4,'Michael Cox');
INSERT INTO Scores VALUES(1,1,'Nicholas Griffiths',250,7,'William Schuman');
INSERT INTO Scores VALUES(1,1,'William Schuman',148,4,'Nicholas Griffiths');
INSERT INTO Scores VALUES(1,1,'Colin Looney',351,7,'Justin Rasmussen');
INSERT INTO Scores VALUES(1,1,'Justin Rasmussen',260,4,'Colin Looney');
INSERT INTO Scores VALUES(1,1,'William Oder',206,5,'Aidan Broome');
INSERT INTO Scores VALUES(1,1,'Aidan Broome',240,6,'William Oder');
INSERT INTO Scores VALUES(1,1,'Jakub Charmo',284,9,'Joseph Ziebelman');
INSERT INTO Scores VALUES(1,1,'Joseph Ziebelman',53,2,'Jakub Charmo');
INSERT INTO Scores VALUES(1,1,'Landon Vomastic',47,1,'Andrew Sackett');
INSERT INTO Scores VALUES(1,1,'Andrew Sackett',490,10,'Landon Vomastic');
INSERT INTO Scores VALUES(1,1,'Damon Jordan',290,9,'Josiah Nelson');
INSERT INTO Scores VALUES(1,1,'Josiah Nelson',63,2,'Damon Jordan');
INSERT INTO Scores VALUES(1,1,'Matthew Ansley',400,10,'Robert Schaefer');
INSERT INTO Scores VALUES(1,1,'Robert Schaefer',53,1,'Matthew Ansley');
INSERT INTO Scores VALUES(1,1,'John Fischer',400,9,'Adam Momsen');
INSERT INTO Scores VALUES(1,1,'Adam Momsen',108,2,'John Fischer');
INSERT INTO Scores VALUES(1,1,'Bodhi Lovely',54,6,'Scott Bellamy');
INSERT INTO Scores VALUES(1,1,'Scott Bellamy',44,5,'Bodhi Lovely');
INSERT INTO Scores VALUES(1,1,'Michael Lyssy',93,5,'Matthew Chambers');
INSERT INTO Scores VALUES(1,1,'Matthew Chambers',105,6,'Michael Lyssy');
INSERT INTO Scores VALUES(1,1,'Andrew Graber',160,7,'Will Ross');
INSERT INTO Scores VALUES(1,1,'Will Ross',42,4,'Andrew Graber');
INSERT INTO Scores VALUES(1,1,'Jacek Klopotowski',223,9,'Dennis Backofen');
INSERT INTO Scores VALUES(1,1,'Dennis Backofen',0,2,'Jacek Klopotowski');
INSERT INTO Scores VALUES(1,1,'Paul Heaver',231,5,'James Godfrey');
INSERT INTO Scores VALUES(1,1,'James Godfrey',251,6,'Paul Heaver');
INSERT INTO Scores VALUES(1,1,'Andrew Doty',225,6,'Jacob Amos-Landgraf');
INSERT INTO Scores VALUES(1,1,'Jacob Amos-Landgraf',168,5,'Andrew Doty');
INSERT INTO Scores VALUES(1,1,'Kyle Campagna',140,8,NULL);
INSERT INTO Scores VALUES(1,2,'Matthew Ansley',158,5,'Michael Wright');
INSERT INTO Scores VALUES(1,2,'Michael Wright',208,6,'Matthew Ansley');
INSERT INTO Scores VALUES(1,2,'Mitchell Fallinger',164,5,'Lewis Wright');
INSERT INTO Scores VALUES(1,2,'Lewis Wright',202,6,'Mitchell Fallinger');
INSERT INTO Scores VALUES(1,2,'Justin Preyer',0,5,'Rhys Aghatabay');
INSERT INTO Scores VALUES(1,2,'Rhys Aghatabay',29,6,'Justin Preyer');
INSERT INTO Scores VALUES(1,2,'Eric Burtch',198,8,'Christian Garcia');
INSERT INTO Scores VALUES(1,2,'Christian Garcia',43,3,'Eric Burtch');
INSERT INTO Scores VALUES(1,2,'Damon Jordan',73,1,'Andrew Sackett');
INSERT INTO Scores VALUES(1,2,'Andrew Sackett',400,10,'Damon Jordan');
INSERT INTO Scores VALUES(1,2,'Jacek Klopotowski',272,9,'John Fischer');
INSERT INTO Scores VALUES(1,2,'John Fischer',23,2,'Jacek Klopotowski');
INSERT INTO Scores VALUES(1,2,'Rob Harrison',0,4,'Ryan Becker');
INSERT INTO Scores VALUES(1,2,'Ryan Becker',127,7,'Rob Harrison');
INSERT INTO Scores VALUES(1,2,'Jakub Charmo',67,2,'Patrick Doupe');
INSERT INTO Scores VALUES(1,2,'Patrick Doupe',354,9,'Jakub Charmo');
INSERT INTO Scores VALUES(1,2,'Kyle Campagna',230,7,'Christopher Ernest');
INSERT INTO Scores VALUES(1,2,'Christopher Ernest',160,4,'Kyle Campagna');
INSERT INTO Scores VALUES(1,2,'Andrew Clarke',48,6,'Paul Conrad');
INSERT INTO Scores VALUES(1,2,'Paul Conrad',48,5,'Andrew Clarke');
INSERT INTO Scores VALUES(1,2,'Kyle Bowen',72,5,'Charles White');
INSERT INTO Scores VALUES(1,2,'Charles White',75,6,'Kyle Bowen');
INSERT INTO Scores VALUES(1,2,'Christopher Fritz',338,9,'Drew Hunnicutt');
INSERT INTO Scores VALUES(1,2,'Drew Hunnicutt',97,2,'Christopher Fritz');
INSERT INTO Scores VALUES(1,2,'James McCartney',40,6,'Ian Franklin');
INSERT INTO Scores VALUES(1,2,'Ian Franklin',0,5,'James McCartney');
INSERT INTO Scores VALUES(1,2,'Joseph Nelligan',205,8,'Paul Tomashevskyi');
INSERT INTO Scores VALUES(1,2,'Paul Tomashevskyi',40,3,'Joseph Nelligan');
INSERT INTO Scores VALUES(1,2,'Adam Newton',179,6,'Andrew Preyer');
INSERT INTO Scores VALUES(1,2,'Andrew Preyer',134,5,'Adam Newton');
INSERT INTO Scores VALUES(1,2,'Robert Podeszwa',167,3,'Colin Looney');
INSERT INTO Scores VALUES(1,2,'Colin Looney',325,8,'Robert Podeszwa');
INSERT INTO Scores VALUES(1,2,'Kevin Leintz',134,4,'Justin Schoonmaker');
INSERT INTO Scores VALUES(1,2,'Justin Schoonmaker',203,7,'Kevin Leintz');
INSERT INTO Scores VALUES(1,2,'Jeffrey Post',40,3,'Andrew Graber');
INSERT INTO Scores VALUES(1,2,'Andrew Graber',204,8,'Jeffrey Post');
INSERT INTO Scores VALUES(1,2,'Batlomiej Przybysz',56,2,'Daniel Allen');
INSERT INTO Scores VALUES(1,2,'Daniel Allen',306,9,'Batlomiej Przybysz');
INSERT INTO Scores VALUES(1,2,'Dennis Raschke',159,7,'Eric Kingsley');
INSERT INTO Scores VALUES(1,2,'Eric Kingsley',25,4,'Dennis Raschke');
INSERT INTO Scores VALUES(1,2,'Benjamin Baldwin',44,4,'Andrew Armbruster');
INSERT INTO Scores VALUES(1,2,'Andrew Armbruster',171,7,'Benjamin Baldwin');
INSERT INTO Scores VALUES(1,2,'Timothy Surburg',132,3,'Robert Coldwell');
INSERT INTO Scores VALUES(1,2,'Robert Coldwell',311,8,'Timothy Surburg');
INSERT INTO Scores VALUES(1,2,'Brooke Kortenbusch',260,9,'Jared Eslick-Coats');
INSERT INTO Scores VALUES(1,2,'Jared Eslick-Coats',15,2,'Brooke Kortenbusch');
INSERT INTO Scores VALUES(1,2,'Ryder Curry',43,4,'Matthew Moncrief');
INSERT INTO Scores VALUES(1,2,'Matthew Moncrief',143,7,'Ryder Curry');
INSERT INTO Scores VALUES(1,2,'Nicholas Larson',76,6,'Owen Evans');
INSERT INTO Scores VALUES(1,2,'Owen Evans',68,5,'Nicholas Larson');
INSERT INTO Scores VALUES(1,2,'Michael Cox',220,7,'Mariano Banchero');
INSERT INTO Scores VALUES(1,2,'Mariano Banchero',104,4,'Michael Cox');
INSERT INTO Scores VALUES(1,2,'Nicholas Griffiths',158,7,'Sean Newman');
INSERT INTO Scores VALUES(1,2,'Sean Newman',36,4,'Nicholas Griffiths');
INSERT INTO Scores VALUES(1,2,'Lucas Woolard',235,5,'Nathanial Beaver');
INSERT INTO Scores VALUES(1,2,'Nathanial Beaver',248,6,'Lucas Woolard');
INSERT INTO Scores VALUES(1,2,'Christopher Dyson',106,3,'Samuel Simon');
INSERT INTO Scores VALUES(1,2,'Samuel Simon',280,8,'Christopher Dyson');
INSERT INTO Scores VALUES(1,2,'Aidan Broome',30,3,'Joshua Gorhau');
INSERT INTO Scores VALUES(1,2,'Joshua Gorhau',203,8,'Aidan Broome');
INSERT INTO Scores VALUES(1,2,'Daniel Unzeitig',271,9,'James Godfrey');
INSERT INTO Scores VALUES(1,2,'James Godfrey',0,2,'Daniel Unzeitig');
INSERT INTO Scores VALUES(1,2,'Bodhi Lovely',76,1,'Jason Dedrick');
INSERT INTO Scores VALUES(1,2,'Jason Dedrick',450,10,'Bodhi Lovely');
INSERT INTO Scores VALUES(1,2,'Aaron Hudson',187,6,'Greg Fyfe');
INSERT INTO Scores VALUES(1,2,'Greg Fyfe',142,5,'Aaron Hudson');
INSERT INTO Scores VALUES(1,2,'Andrew Doty',50,3,'Nicholas Brown');
INSERT INTO Scores VALUES(1,2,'Nicholas Brown',238,8,'Andrew Doty');
INSERT INTO Scores VALUES(1,2,'Jason Hughley',520,10,'Matthew Chambers');
INSERT INTO Scores VALUES(1,2,'Matthew Chambers',0,1,'Jason Hughley');
INSERT INTO Scores VALUES(1,2,'Ryan Neupert',56,4,'Derek MacKinnon');
INSERT INTO Scores VALUES(1,2,'Derek MacKinnon',145,7,'Ryan Neupert');
INSERT INTO Scores VALUES(1,2,'Eric Pearson',211,7,'Ryan Kubryn');
INSERT INTO Scores VALUES(1,2,'Ryan Kubryn',97,4,'Eric Pearson');
INSERT INTO Scores VALUES(1,2,'Christopher Cottrill',39,1,'Mackenzie Dalla Lana');
INSERT INTO Scores VALUES(1,2,'Mackenzie Dalla Lana',400,10,'Christopher Cottrill');
INSERT INTO Scores VALUES(1,2,'Scott Bellamy',400,10,'Jacob Amos-Landgraf');
INSERT INTO Scores VALUES(1,2,'Jacob Amos-Landgraf',35,1,'Scott Bellamy');
INSERT INTO Scores VALUES(1,2,'Eric Connors',0,5,'Samuel Wang');
INSERT INTO Scores VALUES(1,2,'Samuel Wang',0,6,'Eric Connors');
INSERT INTO Scores VALUES(1,2,'Tyler Szorcsik',100,5,'Jordan Shettell');
INSERT INTO Scores VALUES(1,2,'Jordan Shettell',147,6,'Tyler Szorcsik');
INSERT INTO Scores VALUES(1,2,'David Huber',97,6,'Mathew Schlueter');
INSERT INTO Scores VALUES(1,2,'Mathew Schlueter',82,5,'David Huber');
INSERT INTO Scores VALUES(1,2,'John Benedict',331,9,'Adam Klopfenstein');
INSERT INTO Scores VALUES(1,2,'Adam Klopfenstein',94,2,'John Benedict');
INSERT INTO Scores VALUES(1,2,'Matt Palo',139,4,'Marcus Kubryn');
INSERT INTO Scores VALUES(1,2,'Marcus Kubryn',244,7,'Matt Palo');
INSERT INTO Scores VALUES(1,2,'Paul Heaver',520,8,'Michael Lyssy');
INSERT INTO Scores VALUES(1,2,'Michael Lyssy',341,3,'Paul Heaver');
INSERT INTO Scores VALUES(1,2,'Justin Robbins',105,4,'William Oder');
INSERT INTO Scores VALUES(1,2,'William Oder',227,7,'Justin Robbins');
INSERT INTO Scores VALUES(1,2,'Justin Campeau',62,5,'Aaron Ray');
INSERT INTO Scores VALUES(1,2,'Aaron Ray',71,6,'Justin Campeau');
INSERT INTO Scores VALUES(1,2,'Royce Podeszwa',235,8,'Josh Phipps');
INSERT INTO Scores VALUES(1,2,'Josh Phipps',86,3,'Royce Podeszwa');
INSERT INTO Scores VALUES(1,2,'Paul Adler',285,6,'Nathan Ray');
INSERT INTO Scores VALUES(1,2,'Nathan Ray',283,5,'Paul Adler');
INSERT INTO Scores VALUES(1,2,'Forrest Weigel',54,4,'William Brand');
INSERT INTO Scores VALUES(1,2,'William Brand',118,7,'Forrest Weigel');
INSERT INTO Scores VALUES(1,2,'Tom Kolker',0,3,'Matthew Stoebner');
INSERT INTO Scores VALUES(1,2,'Matthew Stoebner',208,8,'Tom Kolker');
INSERT INTO Scores VALUES(1,2,'Shawn Tweten',191,3,'Tim Bailey');
INSERT INTO Scores VALUES(1,2,'Tim Bailey',400,8,'Shawn Tweten');
INSERT INTO Scores VALUES(1,2,'Derek Cummings',300,8,'Greg Goodwin');
INSERT INTO Scores VALUES(1,2,'Greg Goodwin',103,3,'Derek Cummings');
INSERT INTO Scores VALUES(1,2,'Andrew Koltun',131,4,'Devon Balas');
INSERT INTO Scores VALUES(1,2,'Devon Balas',210,7,'Andrew Koltun');
INSERT INTO Scores VALUES(1,2,'William Schuman',210,8,'Steve Smaha');
INSERT INTO Scores VALUES(1,2,'Steve Smaha',32,3,'William Schuman');
INSERT INTO Scores VALUES(1,2,'Kyle Holt',179,5,'Andy Jackson');
INSERT INTO Scores VALUES(1,2,'Andy Jackson',223,6,'Kyle Holt');
INSERT INTO Scores VALUES(1,2,'Will Ross',400,9,'Daniel Hrobar');
INSERT INTO Scores VALUES(1,2,'Daniel Hrobar',157,2,'Will Ross');
INSERT INTO Scores VALUES(1,2,'Christopher McWilliam',85,4,'David Holmes');
INSERT INTO Scores VALUES(1,2,'David Holmes',208,7,'Christopher McWilliam');
INSERT INTO Scores VALUES(1,2,'Justin Rasmussen',50,3,'Joshua Fletcher');
INSERT INTO Scores VALUES(1,2,'Joshua Fletcher',251,8,'Justin Rasmussen');
INSERT INTO Scores VALUES(1,2,'Evan Rice',180,5,'Jacob Thompson');
INSERT INTO Scores VALUES(1,2,'Jacob Thompson',204,6,'Evan Rice');
INSERT INTO Scores VALUES(1,2,'Ian Halterman',190,5,'Joseph Morton');
INSERT INTO Scores VALUES(1,2,'Joseph Morton',240,6,'Ian Halterman');
INSERT INTO Scores VALUES(1,2,'Aiden Jablonski',181,4,'Roy Drum');
INSERT INTO Scores VALUES(1,2,'Roy Drum',263,7,'Aiden Jablonski');
INSERT INTO Scores VALUES(1,2,'Aaron Klingbeil',170,2,'Aron Huckaba');
INSERT INTO Scores VALUES(1,2,'Aron Huckaba',420,9,'Aaron Klingbeil');
INSERT INTO Scores VALUES(1,2,'Hiroki Ogawa',379,10,'Atticus Rampson');
INSERT INTO Scores VALUES(1,2,'Atticus Rampson',46,1,'Hiroki Ogawa');
INSERT INTO Scores VALUES(1,2,'Jerzy Frczek',287,8,'Patrick Logan');
INSERT INTO Scores VALUES(1,2,'Patrick Logan',117,3,'Jerzy Frczek');
INSERT INTO Scores VALUES(1,2,'Adam Momsen',126,4,'Joseph Ziebelman');
INSERT INTO Scores VALUES(1,2,'Joseph Ziebelman',225,7,'Adam Momsen');
INSERT INTO Scores VALUES(1,2,'Dennis Backofen',400,9,'Nicholas Kolker');
INSERT INTO Scores VALUES(1,2,'Nicholas Kolker',173,2,'Dennis Backofen');
INSERT INTO Scores VALUES(1,2,'Robin Sather',440,10,'Matt Somes');
INSERT INTO Scores VALUES(1,2,'Matt Somes',113,1,'Robin Sather');
INSERT INTO Scores VALUES(1,2,'Josiah Nelson',48,4,'William Gutierrez Gonzalez');
INSERT INTO Scores VALUES(1,2,'William Gutierrez Gonzalez',140,7,'Josiah Nelson');
INSERT INTO Scores VALUES(1,2,'William Welch',505,10,'Mitchell Trantham');
INSERT INTO Scores VALUES(1,2,'Mitchell Trantham',125,1,'William Welch');
INSERT INTO Scores VALUES(1,2,'Landon Vomastic',443,7,'Ricardo Marmolejo');
INSERT INTO Scores VALUES(1,2,'Ricardo Marmolejo',374,4,'Landon Vomastic');
INSERT INTO Scores VALUES(1,2,'Steve Cornell',239,6,'Kale Campagna');
INSERT INTO Scores VALUES(1,2,'Kale Campagna',181,5,'Steve Cornell');
INSERT INTO Scores VALUES(1,2,'Dennis Daniels',0,1,'Robert Olmsted');
INSERT INTO Scores VALUES(1,2,'Robert Olmsted',400,10,'Dennis Daniels');
INSERT INTO Scores VALUES(1,2,'Robert Schaefer',140,8,NULL);
INSERT INTO Scores VALUES(1,3,'Andrew Sackett',400,10,'Eric Burtch');
INSERT INTO Scores VALUES(1,3,'Eric Burtch',95,1,'Andrew Sackett');
INSERT INTO Scores VALUES(1,3,'Patrick Doupe',136,7,'Jacek Klopotowski');
INSERT INTO Scores VALUES(1,3,'Jacek Klopotowski',0,4,'Patrick Doupe');
INSERT INTO Scores VALUES(1,3,'Christopher Fritz',134,7,'Jason Dedrick');
INSERT INTO Scores VALUES(1,3,'Jason Dedrick',58,4,'Christopher Fritz');
INSERT INTO Scores VALUES(1,3,'Michael Wright',0,1,'Daniel Allen');
INSERT INTO Scores VALUES(1,3,'Daniel Allen',400,10,'Michael Wright');
INSERT INTO Scores VALUES(1,3,'Jason Hughley',0,5,'Rhys Aghatabay');
INSERT INTO Scores VALUES(1,3,'Rhys Aghatabay',0,6,'Jason Hughley');
INSERT INTO Scores VALUES(1,3,'Brooke Kortenbusch',225,3,'Ryan Becker');
INSERT INTO Scores VALUES(1,3,'Ryan Becker',430,8,'Brooke Kortenbusch');
INSERT INTO Scores VALUES(1,3,'Lewis Wright',46,4,'Andrew Graber');
INSERT INTO Scores VALUES(1,3,'Andrew Graber',125,7,'Lewis Wright');
INSERT INTO Scores VALUES(1,3,'Justin Preyer',102,7,'Robert Coldwell');
INSERT INTO Scores VALUES(1,3,'Robert Coldwell',32,4,'Justin Preyer');
INSERT INTO Scores VALUES(1,3,'Mitchell Fallinger',311,6,'Matthew Ansley');
INSERT INTO Scores VALUES(1,3,'Matthew Ansley',309,5,'Mitchell Fallinger');
INSERT INTO Scores VALUES(1,3,'Daniel Unzeitig',400,10,'Scott Bellamy');
INSERT INTO Scores VALUES(1,3,'Scott Bellamy',47,1,'Daniel Unzeitig');
INSERT INTO Scores VALUES(1,3,'Mackenzie Dalla Lana',259,8,'Kyle Campagna');
INSERT INTO Scores VALUES(1,3,'Kyle Campagna',83,3,'Mackenzie Dalla Lana');
INSERT INTO Scores VALUES(1,3,'Nicholas Griffiths',156,4,'Colin Looney');
INSERT INTO Scores VALUES(1,3,'Colin Looney',277,7,'Nicholas Griffiths');
INSERT INTO Scores VALUES(1,3,'Andrew Clarke',16,4,'Andrew Armbruster');
INSERT INTO Scores VALUES(1,3,'Andrew Armbruster',87,7,'Andrew Clarke');
INSERT INTO Scores VALUES(1,3,'Dennis Raschke',113,7,'Charles White');
INSERT INTO Scores VALUES(1,3,'Charles White',24,4,'Dennis Raschke');
INSERT INTO Scores VALUES(1,3,'Nicholas Brown',139,2,'Michael Cox');
INSERT INTO Scores VALUES(1,3,'Michael Cox',400,9,'Nicholas Brown');
INSERT INTO Scores VALUES(1,3,'Joseph Nelligan',166,4,'Justin Schoonmaker');
INSERT INTO Scores VALUES(1,3,'Justin Schoonmaker',229,7,'Joseph Nelligan');
INSERT INTO Scores VALUES(1,3,'John Benedict',46,1,'Samuel Simon');
INSERT INTO Scores VALUES(1,3,'Samuel Simon',490,10,'John Benedict');
INSERT INTO Scores VALUES(1,3,'James McCartney',259,8,'Joshua Gorhau');
INSERT INTO Scores VALUES(1,3,'Joshua Gorhau',40,3,'James McCartney');
INSERT INTO Scores VALUES(1,3,'Matthew Moncrief',57,4,'Adam Newton');
INSERT INTO Scores VALUES(1,3,'Adam Newton',183,7,'Matthew Moncrief');
INSERT INTO Scores VALUES(1,3,'Christian Garcia',145,6,'Ian Franklin');
INSERT INTO Scores VALUES(1,3,'Ian Franklin',121,5,'Christian Garcia');
INSERT INTO Scores VALUES(1,3,'Hiroki Ogawa',190,7,'Rob Harrison');
INSERT INTO Scores VALUES(1,3,'Rob Harrison',61,4,'Hiroki Ogawa');
INSERT INTO Scores VALUES(1,3,'Nathanial Beaver',267,4,'Paul Heaver');
INSERT INTO Scores VALUES(1,3,'Paul Heaver',400,7,'Nathanial Beaver');
INSERT INTO Scores VALUES(1,3,'Derek MacKinnon',129,4,'Eric Pearson');
INSERT INTO Scores VALUES(1,3,'Eric Pearson',233,7,'Derek MacKinnon');
INSERT INTO Scores VALUES(1,3,'Will Ross',272,6,'Jerzy Frczek');
INSERT INTO Scores VALUES(1,3,'Jerzy Frczek',231,5,'Will Ross');
INSERT INTO Scores VALUES(1,3,'Kyle Bowen',26,3,'Paul Conrad');
INSERT INTO Scores VALUES(1,3,'Paul Conrad',219,8,'Kyle Bowen');
INSERT INTO Scores VALUES(1,3,'Christopher Ernest',84,5,'Nicholas Larson');
INSERT INTO Scores VALUES(1,3,'Nicholas Larson',127,6,'Christopher Ernest');
INSERT INTO Scores VALUES(1,3,'Robin Sather',180,4,'Andrew Preyer');
INSERT INTO Scores VALUES(1,3,'Andrew Preyer',274,7,'Robin Sather');
INSERT INTO Scores VALUES(1,3,'William Oder',213,5,'Tim Bailey');
INSERT INTO Scores VALUES(1,3,'Tim Bailey',227,6,'William Oder');
INSERT INTO Scores VALUES(1,3,'Derek Cummings',205,8,'Owen Evans');
INSERT INTO Scores VALUES(1,3,'Owen Evans',20,3,'Derek Cummings');
INSERT INTO Scores VALUES(1,3,'Matthew Stoebner',189,5,'Royce Podeszwa');
INSERT INTO Scores VALUES(1,3,'Royce Podeszwa',231,6,'Matthew Stoebner');
INSERT INTO Scores VALUES(1,3,'Marcus Kubryn',60,2,'Aron Huckaba');
INSERT INTO Scores VALUES(1,3,'Aron Huckaba',315,9,'Marcus Kubryn');
INSERT INTO Scores VALUES(1,3,'Aaron Hudson',249,9,'William Schuman');
INSERT INTO Scores VALUES(1,3,'William Schuman',8,2,'Aaron Hudson');
INSERT INTO Scores VALUES(1,3,'Joshua Fletcher',490,10,'Aaron Ray');
INSERT INTO Scores VALUES(1,3,'Aaron Ray',159,1,'Joshua Fletcher');
INSERT INTO Scores VALUES(1,3,'William Welch',29,1,'David Holmes');
INSERT INTO Scores VALUES(1,3,'David Holmes',400,10,'William Welch');
INSERT INTO Scores VALUES(1,3,'Ryder Curry',206,7,'Paul Tomashevskyi');
INSERT INTO Scores VALUES(1,3,'Paul Tomashevskyi',99,4,'Ryder Curry');
INSERT INTO Scores VALUES(1,3,'Devon Balas',100,5,'David Huber');
INSERT INTO Scores VALUES(1,3,'David Huber',118,6,'Devon Balas');
INSERT INTO Scores VALUES(1,3,'Samuel Wang',480,10,'Dennis Backofen');
INSERT INTO Scores VALUES(1,3,'Dennis Backofen',15,1,'Samuel Wang');
INSERT INTO Scores VALUES(1,3,'Sean Newman',53,4,'Mariano Banchero');
INSERT INTO Scores VALUES(1,3,'Mariano Banchero',113,7,'Sean Newman');
INSERT INTO Scores VALUES(1,3,'William Brand',153,2,'Benjamin Baldwin');
INSERT INTO Scores VALUES(1,3,'Benjamin Baldwin',400,9,'William Brand');
INSERT INTO Scores VALUES(1,3,'Jakub Charmo',116,5,'Kevin Leintz');
INSERT INTO Scores VALUES(1,3,'Kevin Leintz',173,6,'Jakub Charmo');
INSERT INTO Scores VALUES(1,3,'Eric Kingsley',25,2,'Jordan Shettell');
INSERT INTO Scores VALUES(1,3,'Jordan Shettell',266,9,'Eric Kingsley');
INSERT INTO Scores VALUES(1,3,'John Fischer',63,3,'Lucas Woolard');
INSERT INTO Scores VALUES(1,3,'Lucas Woolard',222,8,'John Fischer');
INSERT INTO Scores VALUES(1,3,'Greg Fyfe',490,10,'Robert Olmsted');
INSERT INTO Scores VALUES(1,3,'Robert Olmsted',41,1,'Greg Fyfe');
INSERT INTO Scores VALUES(1,3,'Jeffrey Post',262,3,'Robert Podeszwa');
INSERT INTO Scores VALUES(1,3,'Robert Podeszwa',480,8,'Jeffrey Post');
INSERT INTO Scores VALUES(1,3,'Ryan Neupert',172,4,'Andy Jackson');
INSERT INTO Scores VALUES(1,3,'Andy Jackson',249,7,'Ryan Neupert');
INSERT INTO Scores VALUES(1,3,'Eric Connors',402,10,'Roy Drum');
INSERT INTO Scores VALUES(1,3,'Roy Drum',72,1,'Eric Connors');
INSERT INTO Scores VALUES(1,3,'Drew Hunnicutt',292,7,'Mathew Schlueter');
INSERT INTO Scores VALUES(1,3,'Mathew Schlueter',159,4,'Drew Hunnicutt');
INSERT INTO Scores VALUES(1,3,'Paul Adler',218,7,'Tyler Szorcsik');
INSERT INTO Scores VALUES(1,3,'Tyler Szorcsik',156,4,'Paul Adler');
INSERT INTO Scores VALUES(1,3,'Ryan Kubryn',111,7,'Timothy Surburg');
INSERT INTO Scores VALUES(1,3,'Timothy Surburg',29,4,'Ryan Kubryn');
INSERT INTO Scores VALUES(1,3,'Damon Jordan',261,9,'Joseph Ziebelman');
INSERT INTO Scores VALUES(1,3,'Joseph Ziebelman',32,2,'Damon Jordan');
INSERT INTO Scores VALUES(1,3,'Jacob Thompson',490,10,'Robert Schaefer');
INSERT INTO Scores VALUES(1,3,'Robert Schaefer',109,1,'Jacob Thompson');
INSERT INTO Scores VALUES(1,3,'William Gutierrez Gonzalez',122,5,'Justin Campeau');
INSERT INTO Scores VALUES(1,3,'Justin Campeau',168,6,'William Gutierrez Gonzalez');
INSERT INTO Scores VALUES(1,3,'Justin Robbins',40,1,'Joseph Morton');
INSERT INTO Scores VALUES(1,3,'Joseph Morton',420,10,'Justin Robbins');
INSERT INTO Scores VALUES(1,3,'Batlomiej Przybysz',103,3,'Nathan Ray');
INSERT INTO Scores VALUES(1,3,'Nathan Ray',294,8,'Batlomiej Przybysz');
INSERT INTO Scores VALUES(1,3,'Christopher Dyson',298,8,'Matt Palo');
INSERT INTO Scores VALUES(1,3,'Matt Palo',131,3,'Christopher Dyson');
INSERT INTO Scores VALUES(1,3,'Jared Eslick-Coats',225,3,'Kyle Holt');
INSERT INTO Scores VALUES(1,3,'Kyle Holt',400,8,'Jared Eslick-Coats');
INSERT INTO Scores VALUES(1,3,'Landon Vomastic',400,7,'Aidan Broome');
INSERT INTO Scores VALUES(1,3,'Aidan Broome',323,4,'Landon Vomastic');
INSERT INTO Scores VALUES(1,3,'Ian Halterman',87,5,'Evan Rice');
INSERT INTO Scores VALUES(1,3,'Evan Rice',133,6,'Ian Halterman');
INSERT INTO Scores VALUES(1,3,'James Godfrey',131,3,'Michael Lyssy');
INSERT INTO Scores VALUES(1,3,'Michael Lyssy',327,8,'James Godfrey');
INSERT INTO Scores VALUES(1,3,'Andrew Koltun',132,1,'Christopher McWilliam');
INSERT INTO Scores VALUES(1,3,'Christopher McWilliam',460,10,'Andrew Koltun');
INSERT INTO Scores VALUES(1,3,'Forrest Weigel',400,9,'Adam Klopfenstein');
INSERT INTO Scores VALUES(1,3,'Adam Klopfenstein',167,2,'Forrest Weigel');
INSERT INTO Scores VALUES(1,3,'Justin Rasmussen',442,10,'Tom Kolker');
INSERT INTO Scores VALUES(1,3,'Tom Kolker',25,1,'Justin Rasmussen');
INSERT INTO Scores VALUES(1,3,'Greg Goodwin',45,1,'Bodhi Lovely');
INSERT INTO Scores VALUES(1,3,'Bodhi Lovely',400,10,'Greg Goodwin');
INSERT INTO Scores VALUES(1,3,'Steve Smaha',47,1,'Matthew Chambers');
INSERT INTO Scores VALUES(1,3,'Matthew Chambers',400,10,'Steve Smaha');
INSERT INTO Scores VALUES(1,3,'Shawn Tweten',217,8,'Aiden Jablonski');
INSERT INTO Scores VALUES(1,3,'Aiden Jablonski',0,3,'Shawn Tweten');
INSERT INTO Scores VALUES(1,3,'Steve Cornell',203,4,'Josh Phipps');
INSERT INTO Scores VALUES(1,3,'Josh Phipps',277,7,'Steve Cornell');
INSERT INTO Scores VALUES(1,3,'Christopher Cottrill',142,1,'Adam Momsen');
INSERT INTO Scores VALUES(1,3,'Adam Momsen',485,10,'Christopher Cottrill');
INSERT INTO Scores VALUES(1,3,'Patrick Logan',490,10,'Josiah Nelson');
INSERT INTO Scores VALUES(1,3,'Josiah Nelson',47,1,'Patrick Logan');
INSERT INTO Scores VALUES(1,3,'Jacob Amos-Landgraf',30,3,'Kale Campagna');
INSERT INTO Scores VALUES(1,3,'Kale Campagna',212,8,'Jacob Amos-Landgraf');
INSERT INTO Scores VALUES(1,3,'Daniel Hrobar',274,4,'Aaron Klingbeil');
INSERT INTO Scores VALUES(1,3,'Aaron Klingbeil',400,7,'Daniel Hrobar');
INSERT INTO Scores VALUES(1,3,'Ricardo Marmolejo',45,1,'Nicholas Kolker');
INSERT INTO Scores VALUES(1,3,'Nicholas Kolker',400,10,'Ricardo Marmolejo');
INSERT INTO Scores VALUES(1,3,'Matt Somes',420,10,'Atticus Rampson');
INSERT INTO Scores VALUES(1,3,'Atticus Rampson',40,1,'Matt Somes');
INSERT INTO Scores VALUES(1,3,'Dennis Daniels',191,8,'Mitchell Trantham');
INSERT INTO Scores VALUES(1,3,'Mitchell Trantham',0,3,'Dennis Daniels');
INSERT INTO Scores VALUES(1,4,'Andrew Sackett',400,10,'Daniel Allen');
INSERT INTO Scores VALUES(1,4,'Daniel Allen',0,1,'Andrew Sackett');
INSERT INTO Scores VALUES(1,4,'Daniel Unzeitig',0,6,'Patrick Doupe');
INSERT INTO Scores VALUES(1,4,'Patrick Doupe',0,5,'Daniel Unzeitig');
INSERT INTO Scores VALUES(1,4,'Ryan Becker',88,4,'Christopher Fritz');
INSERT INTO Scores VALUES(1,4,'Christopher Fritz',181,7,'Ryan Becker');
INSERT INTO Scores VALUES(1,4,'Mackenzie Dalla Lana',0,6,'Samuel Simon');
INSERT INTO Scores VALUES(1,4,'Samuel Simon',0,5,'Mackenzie Dalla Lana');
INSERT INTO Scores VALUES(1,4,'Rhys Aghatabay',0,6,'Michael Cox');
INSERT INTO Scores VALUES(1,4,'Michael Cox',0,5,'Rhys Aghatabay');
INSERT INTO Scores VALUES(1,4,'Justin Preyer',32,3,'Joshua Fletcher');
INSERT INTO Scores VALUES(1,4,'Joshua Fletcher',215,8,'Justin Preyer');
INSERT INTO Scores VALUES(1,4,'Jacek Klopotowski',0,5,'Andrew Graber');
INSERT INTO Scores VALUES(1,4,'Andrew Graber',0,6,'Jacek Klopotowski');
INSERT INTO Scores VALUES(1,4,'James McCartney',40,6,'Colin Looney');
INSERT INTO Scores VALUES(1,4,'Colin Looney',0,5,'James McCartney');
INSERT INTO Scores VALUES(1,4,'David Holmes',0,3,'Jason Hughley');
INSERT INTO Scores VALUES(1,4,'Jason Hughley',203,8,'David Holmes');
INSERT INTO Scores VALUES(1,4,'Adam Newton',0,6,'Andrew Armbruster');
INSERT INTO Scores VALUES(1,4,'Andrew Armbruster',0,5,'Adam Newton');
INSERT INTO Scores VALUES(1,4,'Aaron Hudson',30,3,'Samuel Wang');
INSERT INTO Scores VALUES(1,4,'Samuel Wang',218,8,'Aaron Hudson');
INSERT INTO Scores VALUES(1,4,'Aron Huckaba',30,5,'Justin Schoonmaker');
INSERT INTO Scores VALUES(1,4,'Justin Schoonmaker',45,6,'Aron Huckaba');
INSERT INTO Scores VALUES(1,4,'Greg Fyfe',0,5,'Paul Conrad');
INSERT INTO Scores VALUES(1,4,'Paul Conrad',0,6,'Greg Fyfe');
INSERT INTO Scores VALUES(1,4,'Mitchell Fallinger',0,4,'Dennis Raschke');
INSERT INTO Scores VALUES(1,4,'Dennis Raschke',134,7,'Mitchell Fallinger');
INSERT INTO Scores VALUES(1,4,'Eric Pearson',15,4,'Benjamin Baldwin');
INSERT INTO Scores VALUES(1,4,'Benjamin Baldwin',129,7,'Eric Pearson');
INSERT INTO Scores VALUES(1,4,'Hiroki Ogawa',124,2,'Andrew Preyer');
INSERT INTO Scores VALUES(1,4,'Andrew Preyer',365,9,'Hiroki Ogawa');
INSERT INTO Scores VALUES(1,4,'Paul Heaver',460,7,'Eric Connors');
INSERT INTO Scores VALUES(1,4,'Eric Connors',365,4,'Paul Heaver');
INSERT INTO Scores VALUES(1,4,'Derek Cummings',0,1,'Jordan Shettell');
INSERT INTO Scores VALUES(1,4,'Jordan Shettell',400,10,'Derek Cummings');
INSERT INTO Scores VALUES(1,4,'Lewis Wright',156,5,'Matthew Ansley');
INSERT INTO Scores VALUES(1,4,'Matthew Ansley',159,6,'Lewis Wright');
INSERT INTO Scores VALUES(1,4,'Lucas Woolard',138,2,'Jason Dedrick');
INSERT INTO Scores VALUES(1,4,'Jason Dedrick',400,9,'Lucas Woolard');
INSERT INTO Scores VALUES(1,4,'Brooke Kortenbusch',16,1,'Damon Jordan');
INSERT INTO Scores VALUES(1,4,'Damon Jordan',400,10,'Brooke Kortenbusch');
INSERT INTO Scores VALUES(1,4,'Nicholas Larson',215,8,'Will Ross');
INSERT INTO Scores VALUES(1,4,'Will Ross',53,3,'Nicholas Larson');
INSERT INTO Scores VALUES(1,4,'Robert Coldwell',237,7,'Jacob Thompson');
INSERT INTO Scores VALUES(1,4,'Jacob Thompson',137,4,'Robert Coldwell');
INSERT INTO Scores VALUES(1,4,'Joseph Morton',487,10,'Christian Garcia');
INSERT INTO Scores VALUES(1,4,'Christian Garcia',176,1,'Joseph Morton');
INSERT INTO Scores VALUES(1,4,'Christopher McWilliam',100,5,'Eric Burtch');
INSERT INTO Scores VALUES(1,4,'Eric Burtch',110,6,'Christopher McWilliam');
INSERT INTO Scores VALUES(1,4,'Royce Podeszwa',462,10,'Charles White');
INSERT INTO Scores VALUES(1,4,'Charles White',139,1,'Royce Podeszwa');
INSERT INTO Scores VALUES(1,4,'Mariano Banchero',31,1,'Kyle Campagna');
INSERT INTO Scores VALUES(1,4,'Kyle Campagna',460,10,'Mariano Banchero');
INSERT INTO Scores VALUES(1,4,'Joseph Nelligan',164,7,'Christopher Ernest');
INSERT INTO Scores VALUES(1,4,'Christopher Ernest',68,4,'Joseph Nelligan');
INSERT INTO Scores VALUES(1,4,'Tim Bailey',0,0,'Jerzy Frczek');
INSERT INTO Scores VALUES(1,4,'Jerzy Frczek',140,8,'Tim Bailey');
INSERT INTO Scores VALUES(1,4,'Ian Franklin',367,5,'Robert Podeszwa');
INSERT INTO Scores VALUES(1,4,'Robert Podeszwa',420,6,'Ian Franklin');
INSERT INTO Scores VALUES(1,4,'Nicholas Griffiths',195,6,'Andrew Clarke');
INSERT INTO Scores VALUES(1,4,'Andrew Clarke',177,5,'Nicholas Griffiths');
INSERT INTO Scores VALUES(1,4,'Matthew Chambers',189,2,'Matthew Moncrief');
INSERT INTO Scores VALUES(1,4,'Matthew Moncrief',430,9,'Matthew Chambers');
INSERT INTO Scores VALUES(1,4,'Bodhi Lovely',233,7,'Ryder Curry');
INSERT INTO Scores VALUES(1,4,'Ryder Curry',162,4,'Bodhi Lovely');
INSERT INTO Scores VALUES(1,4,'Michael Wright',0,5,'Ryan Kubryn');
INSERT INTO Scores VALUES(1,4,'Ryan Kubryn',27,6,'Michael Wright');
INSERT INTO Scores VALUES(1,4,'Kyle Holt',260,9,'Rob Harrison');
INSERT INTO Scores VALUES(1,4,'Rob Harrison',9,2,'Kyle Holt');
INSERT INTO Scores VALUES(1,4,'Forrest Weigel',21,4,'Derek MacKinnon');
INSERT INTO Scores VALUES(1,4,'Derek MacKinnon',109,7,'Forrest Weigel');
INSERT INTO Scores VALUES(1,4,'William Oder',247,7,'Andy Jackson');
INSERT INTO Scores VALUES(1,4,'Andy Jackson',140,4,'William Oder');
INSERT INTO Scores VALUES(1,4,'Joshua Gorhau',400,10,'David Huber');
INSERT INTO Scores VALUES(1,4,'David Huber',14,1,'Joshua Gorhau');
INSERT INTO Scores VALUES(1,4,'Drew Hunnicutt',243,3,'Matthew Stoebner');
INSERT INTO Scores VALUES(1,4,'Matthew Stoebner',420,8,'Drew Hunnicutt');
INSERT INTO Scores VALUES(1,4,'Christopher Dyson',64,2,'Kevin Leintz');
INSERT INTO Scores VALUES(1,4,'Kevin Leintz',295,9,'Christopher Dyson');
INSERT INTO Scores VALUES(1,4,'Nathanial Beaver',49,1,'Paul Adler');
INSERT INTO Scores VALUES(1,4,'Paul Adler',502,10,'Nathanial Beaver');
INSERT INTO Scores VALUES(1,4,'Justin Rasmussen',159,5,'Nathan Ray');
INSERT INTO Scores VALUES(1,4,'Nathan Ray',188,6,'Justin Rasmussen');
INSERT INTO Scores VALUES(1,4,'Adam Momsen',189,4,'Michael Lyssy');
INSERT INTO Scores VALUES(1,4,'Michael Lyssy',264,7,'Adam Momsen');
INSERT INTO Scores VALUES(1,4,'Devon Balas',139,2,'Robin Sather');
INSERT INTO Scores VALUES(1,4,'Robin Sather',400,9,'Devon Balas');
INSERT INTO Scores VALUES(1,4,'Scott Bellamy',400,10,'Kyle Bowen');
INSERT INTO Scores VALUES(1,4,'Kyle Bowen',20,1,'Scott Bellamy');
INSERT INTO Scores VALUES(1,4,'Nicholas Brown',351,9,'Jakub Charmo');
INSERT INTO Scores VALUES(1,4,'Jakub Charmo',130,2,'Nicholas Brown');
INSERT INTO Scores VALUES(1,4,'Justin Campeau',50,5,'Patrick Logan');
INSERT INTO Scores VALUES(1,4,'Patrick Logan',82,6,'Justin Campeau');
INSERT INTO Scores VALUES(1,4,'Paul Tomashevskyi',400,10,'Shawn Tweten');
INSERT INTO Scores VALUES(1,4,'Shawn Tweten',0,1,'Paul Tomashevskyi');
INSERT INTO Scores VALUES(1,4,'Owen Evans',15,2,'Landon Vomastic');
INSERT INTO Scores VALUES(1,4,'Landon Vomastic',289,9,'Owen Evans');
INSERT INTO Scores VALUES(1,4,'Sean Newman',416,10,'John Benedict');
INSERT INTO Scores VALUES(1,4,'John Benedict',37,1,'Sean Newman');
INSERT INTO Scores VALUES(1,4,'Tyler Szorcsik',188,6,'John Fischer');
INSERT INTO Scores VALUES(1,4,'John Fischer',144,5,'Tyler Szorcsik');
INSERT INTO Scores VALUES(1,4,'William Gutierrez Gonzalez',400,8,'Kale Campagna');
INSERT INTO Scores VALUES(1,4,'Kale Campagna',190,3,'William Gutierrez Gonzalez');
INSERT INTO Scores VALUES(1,4,'Josh Phipps',60,4,'Nicholas Kolker');
INSERT INTO Scores VALUES(1,4,'Nicholas Kolker',171,7,'Josh Phipps');
INSERT INTO Scores VALUES(1,4,'William Schuman',65,3,'Evan Rice');
INSERT INTO Scores VALUES(1,4,'Evan Rice',249,8,'William Schuman');
INSERT INTO Scores VALUES(1,4,'Timothy Surburg',139,4,'Marcus Kubryn');
INSERT INTO Scores VALUES(1,4,'Marcus Kubryn',264,7,'Timothy Surburg');
INSERT INTO Scores VALUES(1,4,'Ryan Neupert',31,1,'Aidan Broome');
INSERT INTO Scores VALUES(1,4,'Aidan Broome',400,10,'Ryan Neupert');
INSERT INTO Scores VALUES(1,4,'Ian Halterman',400,10,'William Brand');
INSERT INTO Scores VALUES(1,4,'William Brand',0,1,'Ian Halterman');
INSERT INTO Scores VALUES(1,4,'Jeffrey Post',256,4,'Matt Somes');
INSERT INTO Scores VALUES(1,4,'Matt Somes',333,7,'Jeffrey Post');
INSERT INTO Scores VALUES(1,4,'Aaron Ray',262,8,'Eric Kingsley');
INSERT INTO Scores VALUES(1,4,'Eric Kingsley',66,3,'Aaron Ray');
INSERT INTO Scores VALUES(1,4,'Matt Palo',60,3,'Jared Eslick-Coats');
INSERT INTO Scores VALUES(1,4,'Jared Eslick-Coats',238,8,'Matt Palo');
INSERT INTO Scores VALUES(1,4,'Aaron Klingbeil',400,8,'William Welch');
INSERT INTO Scores VALUES(1,4,'William Welch',207,3,'Aaron Klingbeil');
INSERT INTO Scores VALUES(1,4,'Dennis Backofen',159,4,'Batlomiej Przybysz');
INSERT INTO Scores VALUES(1,4,'Batlomiej Przybysz',221,7,'Dennis Backofen');
INSERT INTO Scores VALUES(1,4,'James Godfrey',152,5,'Robert Olmsted');
INSERT INTO Scores VALUES(1,4,'Robert Olmsted',207,6,'James Godfrey');
INSERT INTO Scores VALUES(1,4,'Steve Cornell',400,10,'Roy Drum');
INSERT INTO Scores VALUES(1,4,'Roy Drum',32,1,'Steve Cornell');
INSERT INTO Scores VALUES(1,4,'Joseph Ziebelman',400,9,'Daniel Hrobar');
INSERT INTO Scores VALUES(1,4,'Daniel Hrobar',159,2,'Joseph Ziebelman');
INSERT INTO Scores VALUES(1,4,'Aiden Jablonski',400,10,'Dennis Daniels');
INSERT INTO Scores VALUES(1,4,'Dennis Daniels',0,1,'Aiden Jablonski');
INSERT INTO Scores VALUES(1,4,'Justin Robbins',131,4,'Robert Schaefer');
INSERT INTO Scores VALUES(1,4,'Robert Schaefer',243,7,'Justin Robbins');
INSERT INTO Scores VALUES(1,4,'Jacob Amos-Landgraf',241,7,'Adam Klopfenstein');
INSERT INTO Scores VALUES(1,4,'Adam Klopfenstein',123,4,'Jacob Amos-Landgraf');
INSERT INTO Scores VALUES(1,4,'Andrew Koltun',0,4,'Tom Kolker');
INSERT INTO Scores VALUES(1,4,'Tom Kolker',112,7,'Andrew Koltun');
INSERT INTO Scores VALUES(1,4,'Greg Goodwin',92,4,'Steve Smaha');
INSERT INTO Scores VALUES(1,4,'Steve Smaha',231,7,'Greg Goodwin');
INSERT INTO Scores VALUES(1,4,'Josiah Nelson',56,3,'Christopher Cottrill');
INSERT INTO Scores VALUES(1,4,'Christopher Cottrill',220,8,'Josiah Nelson');
INSERT INTO Scores VALUES(1,4,'Ricardo Marmolejo',249,8,'Atticus Rampson');
INSERT INTO Scores VALUES(1,4,'Atticus Rampson',64,3,'Ricardo Marmolejo');
INSERT INTO Scores VALUES(1,4,'Mitchell Trantham',140,8,NULL);
INSERT INTO Scores VALUES(2,1,'Robin Sather',160,2,'Joseph Morton');
INSERT INTO Scores VALUES(2,1,'Joseph Morton',400,9,'Robin Sather');
INSERT INTO Scores VALUES(2,1,'Samuel Simon',70,6,'Kevin Leintz');
INSERT INTO Scores VALUES(2,1,'Kevin Leintz',51,5,'Samuel Simon');
INSERT INTO Scores VALUES(2,1,'Nicholas Brown',219,6,'Kyle Campagna');
INSERT INTO Scores VALUES(2,1,'Kyle Campagna',176,5,'Nicholas Brown');
INSERT INTO Scores VALUES(2,1,'Paul Adler',129,5,'Mackenzie Dalla Lana');
INSERT INTO Scores VALUES(2,1,'Mackenzie Dalla Lana',173,6,'Paul Adler');
INSERT INTO Scores VALUES(2,1,'Greg Fyfe',118,4,'Ryan Becker');
INSERT INTO Scores VALUES(2,1,'Ryan Becker',231,7,'Greg Fyfe');
INSERT INTO Scores VALUES(2,1,'Jerzy Frczek',44,3,'Christopher Fritz');
INSERT INTO Scores VALUES(2,1,'Christopher Fritz',191,8,'Jerzy Frczek');
INSERT INTO Scores VALUES(2,1,'Joshua Fletcher',133,5,'Royce Podeszwa');
INSERT INTO Scores VALUES(2,1,'Royce Podeszwa',161,6,'Joshua Fletcher');
INSERT INTO Scores VALUES(2,1,'Justin Schoonmaker',95,6,'Sean Newman');
INSERT INTO Scores VALUES(2,1,'Sean Newman',52,5,'Justin Schoonmaker');
INSERT INTO Scores VALUES(2,1,'Jordan Shettell',400,8,'Michael Cox');
INSERT INTO Scores VALUES(2,1,'Michael Cox',209,3,'Jordan Shettell');
INSERT INTO Scores VALUES(2,1,'Robert Coldwell',26,4,'Paul Conrad');
INSERT INTO Scores VALUES(2,1,'Paul Conrad',134,7,'Robert Coldwell');
INSERT INTO Scores VALUES(2,1,'Jacek Klopotowski',91,7,'Scott Bellamy');
INSERT INTO Scores VALUES(2,1,'Scott Bellamy',23,4,'Jacek Klopotowski');
INSERT INTO Scores VALUES(2,1,'Samuel Wang',31,6,'Benjamin Baldwin');
INSERT INTO Scores VALUES(2,1,'Benjamin Baldwin',25,5,'Samuel Wang');
INSERT INTO Scores VALUES(2,1,'Patrick Doupe',56,6,'Andrew Armbruster');
INSERT INTO Scores VALUES(2,1,'Andrew Armbruster',43,5,'Patrick Doupe');
INSERT INTO Scores VALUES(2,1,'Aron Huckaba',30,3,'Nicholas Larson');
INSERT INTO Scores VALUES(2,1,'Nicholas Larson',213,8,'Aron Huckaba');
INSERT INTO Scores VALUES(2,1,'Andrew Preyer',26,5,'Adam Newton');
INSERT INTO Scores VALUES(2,1,'Adam Newton',75,6,'Andrew Preyer');
INSERT INTO Scores VALUES(2,1,'Colin Looney',362,9,'Justin Preyer');
INSERT INTO Scores VALUES(2,1,'Justin Preyer',126,2,'Colin Looney');
INSERT INTO Scores VALUES(2,1,'Daniel Allen',224,8,'Kyle Holt');
INSERT INTO Scores VALUES(2,1,'Kyle Holt',29,3,'Daniel Allen');
INSERT INTO Scores VALUES(2,1,'Andrew Sackett',30,5,'James McCartney');
INSERT INTO Scores VALUES(2,1,'James McCartney',38,6,'Andrew Sackett');
INSERT INTO Scores VALUES(2,1,'Matthew Ansley',208,6,'Joshua Gorhau');
INSERT INTO Scores VALUES(2,1,'Joshua Gorhau',201,5,'Matthew Ansley');
INSERT INTO Scores VALUES(2,1,'Dennis Raschke',76,6,'Eric Burtch');
INSERT INTO Scores VALUES(2,1,'Eric Burtch',65,5,'Dennis Raschke');
INSERT INTO Scores VALUES(2,1,'Matthew Moncrief',95,5,'Paul Tomashevskyi');
INSERT INTO Scores VALUES(2,1,'Paul Tomashevskyi',152,6,'Matthew Moncrief');
INSERT INTO Scores VALUES(2,1,'Daniel Unzeitig',32,6,'Damon Jordan');
INSERT INTO Scores VALUES(2,1,'Damon Jordan',30,5,'Daniel Unzeitig');
INSERT INTO Scores VALUES(2,1,'Rhys Aghatabay',121,7,'Jason Dedrick');
INSERT INTO Scores VALUES(2,1,'Jason Dedrick',55,4,'Rhys Aghatabay');
INSERT INTO Scores VALUES(2,1,'Jason Hughley',355,10,'Andrew Graber');
INSERT INTO Scores VALUES(2,1,'Andrew Graber',20,1,'Jason Hughley');
INSERT INTO Scores VALUES(2,2,'Jason Hughley',135,3,'Joseph Morton');
INSERT INTO Scores VALUES(2,2,'Joseph Morton',294,8,'Jason Hughley');
INSERT INTO Scores VALUES(2,2,'Daniel Allen',9,2,'Colin Looney');
INSERT INTO Scores VALUES(2,2,'Colin Looney',237,9,'Daniel Allen');
INSERT INTO Scores VALUES(2,2,'Jordan Shettell',58,4,'Christopher Fritz');
INSERT INTO Scores VALUES(2,2,'Christopher Fritz',164,7,'Jordan Shettell');
INSERT INTO Scores VALUES(2,2,'Rhys Aghatabay',224,8,'Nicholas Larson');
INSERT INTO Scores VALUES(2,2,'Nicholas Larson',72,3,'Rhys Aghatabay');
INSERT INTO Scores VALUES(2,2,'Jacek Klopotowski',281,7,'Ryan Becker');
INSERT INTO Scores VALUES(2,2,'Ryan Becker',168,4,'Jacek Klopotowski');
INSERT INTO Scores VALUES(2,2,'Paul Conrad',248,2,'Paul Tomashevskyi');
INSERT INTO Scores VALUES(2,2,'Paul Tomashevskyi',500,9,'Paul Conrad');
INSERT INTO Scores VALUES(2,2,'Samuel Simon',46,5,'Daniel Unzeitig');
INSERT INTO Scores VALUES(2,2,'Daniel Unzeitig',100,6,'Samuel Simon');
INSERT INTO Scores VALUES(2,2,'Mackenzie Dalla Lana',119,2,'Adam Newton');
INSERT INTO Scores VALUES(2,2,'Adam Newton',391,9,'Mackenzie Dalla Lana');
INSERT INTO Scores VALUES(2,2,'James McCartney',0,4,'Dennis Raschke');
INSERT INTO Scores VALUES(2,2,'Dennis Raschke',124,7,'James McCartney');
INSERT INTO Scores VALUES(2,2,'Nicholas Brown',11,6,'Justin Schoonmaker');
INSERT INTO Scores VALUES(2,2,'Justin Schoonmaker',0,5,'Nicholas Brown');
INSERT INTO Scores VALUES(2,2,'Matthew Ansley',176,5,'Royce Podeszwa');
INSERT INTO Scores VALUES(2,2,'Royce Podeszwa',218,6,'Matthew Ansley');
INSERT INTO Scores VALUES(2,2,'Patrick Doupe',0,3,'Samuel Wang');
INSERT INTO Scores VALUES(2,2,'Samuel Wang',155,8,'Patrick Doupe');
INSERT INTO Scores VALUES(2,2,'Sean Newman',56,4,'Benjamin Baldwin');
INSERT INTO Scores VALUES(2,2,'Benjamin Baldwin',168,7,'Sean Newman');
INSERT INTO Scores VALUES(2,2,'Joshua Gorhau',183,4,'Damon Jordan');
INSERT INTO Scores VALUES(2,2,'Damon Jordan',322,7,'Joshua Gorhau');
INSERT INTO Scores VALUES(2,2,'Matthew Moncrief',72,4,'Andrew Preyer');
INSERT INTO Scores VALUES(2,2,'Andrew Preyer',179,7,'Matthew Moncrief');
INSERT INTO Scores VALUES(2,2,'Andrew Sackett',190,4,'Kyle Campagna');
INSERT INTO Scores VALUES(2,2,'Kyle Campagna',266,7,'Andrew Sackett');
INSERT INTO Scores VALUES(2,2,'Joshua Fletcher',257,3,'Paul Adler');
INSERT INTO Scores VALUES(2,2,'Paul Adler',460,8,'Joshua Fletcher');
INSERT INTO Scores VALUES(2,2,'Eric Burtch',14,3,'Andrew Armbruster');
INSERT INTO Scores VALUES(2,2,'Andrew Armbruster',229,8,'Eric Burtch');
INSERT INTO Scores VALUES(2,2,'Kevin Leintz',212,7,'Scott Bellamy');
INSERT INTO Scores VALUES(2,2,'Scott Bellamy',148,4,'Kevin Leintz');
INSERT INTO Scores VALUES(2,2,'Jason Dedrick',400,10,'Greg Fyfe');
INSERT INTO Scores VALUES(2,2,'Greg Fyfe',25,1,'Jason Dedrick');
INSERT INTO Scores VALUES(2,2,'Aron Huckaba',400,10,'Robert Coldwell');
INSERT INTO Scores VALUES(2,2,'Robert Coldwell',0,1,'Aron Huckaba');
INSERT INTO Scores VALUES(2,2,'Michael Cox',385,7,'Jerzy Frczek');
INSERT INTO Scores VALUES(2,2,'Jerzy Frczek',263,4,'Michael Cox');
INSERT INTO Scores VALUES(2,2,'Kyle Holt',273,2,'Justin Preyer');
INSERT INTO Scores VALUES(2,2,'Justin Preyer',520,9,'Kyle Holt');
INSERT INTO Scores VALUES(2,2,'Andrew Graber',460,10,'Robin Sather');
INSERT INTO Scores VALUES(2,2,'Robin Sather',26,1,'Andrew Graber');
INSERT INTO Scores VALUES(2,3,'Joseph Morton',114,3,'Colin Looney');
INSERT INTO Scores VALUES(2,3,'Colin Looney',279,8,'Joseph Morton');
INSERT INTO Scores VALUES(2,3,'Rhys Aghatabay',400,10,'Paul Tomashevskyi');
INSERT INTO Scores VALUES(2,3,'Paul Tomashevskyi',25,1,'Rhys Aghatabay');
INSERT INTO Scores VALUES(2,3,'Adam Newton',327,7,'Christopher Fritz');
INSERT INTO Scores VALUES(2,3,'Christopher Fritz',227,4,'Adam Newton');
INSERT INTO Scores VALUES(2,3,'Jason Dedrick',138,7,'Samuel Wang');
INSERT INTO Scores VALUES(2,3,'Samuel Wang',76,4,'Jason Dedrick');
INSERT INTO Scores VALUES(2,3,'Jacek Klopotowski',163,5,'Dennis Raschke');
INSERT INTO Scores VALUES(2,3,'Dennis Raschke',182,6,'Jacek Klopotowski');
INSERT INTO Scores VALUES(2,3,'Paul Adler',103,7,'Aron Huckaba');
INSERT INTO Scores VALUES(2,3,'Aron Huckaba',29,4,'Paul Adler');
INSERT INTO Scores VALUES(2,3,'Andrew Armbruster',29,3,'Jason Hughley');
INSERT INTO Scores VALUES(2,3,'Jason Hughley',172,8,'Andrew Armbruster');
INSERT INTO Scores VALUES(2,3,'Benjamin Baldwin',46,3,'Nicholas Brown');
INSERT INTO Scores VALUES(2,3,'Nicholas Brown',236,8,'Benjamin Baldwin');
INSERT INTO Scores VALUES(2,3,'Daniel Unzeitig',380,10,'Kyle Campagna');
INSERT INTO Scores VALUES(2,3,'Kyle Campagna',0,1,'Daniel Unzeitig');
INSERT INTO Scores VALUES(2,3,'Damon Jordan',475,8,'Royce Podeszwa');
INSERT INTO Scores VALUES(2,3,'Royce Podeszwa',275,3,'Damon Jordan');
INSERT INTO Scores VALUES(2,3,'Andrew Preyer',322,5,'Kevin Leintz');
INSERT INTO Scores VALUES(2,3,'Kevin Leintz',378,6,'Andrew Preyer');
INSERT INTO Scores VALUES(2,3,'Jordan Shettell',0,2,'Andrew Graber');
INSERT INTO Scores VALUES(2,3,'Andrew Graber',254,9,'Jordan Shettell');
INSERT INTO Scores VALUES(2,3,'Justin Preyer',64,6,'Matthew Ansley');
INSERT INTO Scores VALUES(2,3,'Matthew Ansley',29,5,'Justin Preyer');
INSERT INTO Scores VALUES(2,3,'Nicholas Larson',88,6,'Samuel Simon');
INSERT INTO Scores VALUES(2,3,'Samuel Simon',62,5,'Nicholas Larson');
INSERT INTO Scores VALUES(2,3,'Justin Schoonmaker',196,5,'Ryan Becker');
INSERT INTO Scores VALUES(2,3,'Ryan Becker',215,6,'Justin Schoonmaker');
INSERT INTO Scores VALUES(2,3,'James McCartney',240,8,'Michael Cox');
INSERT INTO Scores VALUES(2,3,'Michael Cox',82,3,'James McCartney');
INSERT INTO Scores VALUES(2,3,'Daniel Allen',400,9,'Andrew Sackett');
INSERT INTO Scores VALUES(2,3,'Andrew Sackett',165,2,'Daniel Allen');
INSERT INTO Scores VALUES(2,3,'Matthew Moncrief',294,8,'Joshua Gorhau');
INSERT INTO Scores VALUES(2,3,'Joshua Gorhau',142,3,'Matthew Moncrief');
INSERT INTO Scores VALUES(2,3,'Patrick Doupe',253,8,'Sean Newman');
INSERT INTO Scores VALUES(2,3,'Sean Newman',77,3,'Patrick Doupe');
INSERT INTO Scores VALUES(2,3,'Paul Conrad',253,6,'Scott Bellamy');
INSERT INTO Scores VALUES(2,3,'Scott Bellamy',230,5,'Paul Conrad');
INSERT INTO Scores VALUES(2,3,'Joshua Fletcher',187,5,'Eric Burtch');
INSERT INTO Scores VALUES(2,3,'Eric Burtch',236,6,'Joshua Fletcher');
INSERT INTO Scores VALUES(2,3,'Mackenzie Dalla Lana',355,10,'Jerzy Frczek');
INSERT INTO Scores VALUES(2,3,'Jerzy Frczek',50,1,'Mackenzie Dalla Lana');
INSERT INTO Scores VALUES(2,3,'Robert Coldwell',294,9,'Kyle Holt');
INSERT INTO Scores VALUES(2,3,'Kyle Holt',35,2,'Robert Coldwell');
INSERT INTO Scores VALUES(2,3,'Robin Sather',158,2,'Greg Fyfe');
INSERT INTO Scores VALUES(2,3,'Greg Fyfe',445,9,'Robin Sather');
INSERT INTO Scores VALUES(2,4,'Colin Looney',0,5,'Rhys Aghatabay');
INSERT INTO Scores VALUES(2,4,'Rhys Aghatabay',0,6,'Colin Looney');
INSERT INTO Scores VALUES(2,4,'Adam Newton',75,6,'Daniel Unzeitig');
INSERT INTO Scores VALUES(2,4,'Daniel Unzeitig',24,5,'Adam Newton');
INSERT INTO Scores VALUES(2,4,'Jason Dedrick',40,1,'Jason Hughley');
INSERT INTO Scores VALUES(2,4,'Jason Hughley',365,10,'Jason Dedrick');
INSERT INTO Scores VALUES(2,4,'Paul Adler',246,5,'Andrew Graber');
INSERT INTO Scores VALUES(2,4,'Andrew Graber',258,6,'Paul Adler');
INSERT INTO Scores VALUES(2,4,'Joseph Morton',226,3,'Nicholas Brown');
INSERT INTO Scores VALUES(2,4,'Nicholas Brown',400,8,'Joseph Morton');
INSERT INTO Scores VALUES(2,4,'Christopher Fritz',56,1,'Damon Jordan');
INSERT INTO Scores VALUES(2,4,'Damon Jordan',400,10,'Christopher Fritz');
INSERT INTO Scores VALUES(2,4,'Jacek Klopotowski',450,10,'Daniel Allen');
INSERT INTO Scores VALUES(2,4,'Daniel Allen',136,1,'Jacek Klopotowski');
INSERT INTO Scores VALUES(2,4,'Mackenzie Dalla Lana',125,6,'Dennis Raschke');
INSERT INTO Scores VALUES(2,4,'Dennis Raschke',95,5,'Mackenzie Dalla Lana');
INSERT INTO Scores VALUES(2,4,'James McCartney',259,9,'Samuel Wang');
INSERT INTO Scores VALUES(2,4,'Samuel Wang',39,2,'James McCartney');
INSERT INTO Scores VALUES(2,4,'Kevin Leintz',255,7,'Matthew Moncrief');
INSERT INTO Scores VALUES(2,4,'Matthew Moncrief',194,4,'Kevin Leintz');
INSERT INTO Scores VALUES(2,4,'Justin Preyer',162,8,'Aron Huckaba');
INSERT INTO Scores VALUES(2,4,'Aron Huckaba',0,3,'Justin Preyer');
INSERT INTO Scores VALUES(2,4,'Ryan Becker',415,10,'Nicholas Larson');
INSERT INTO Scores VALUES(2,4,'Nicholas Larson',80,1,'Ryan Becker');
INSERT INTO Scores VALUES(2,4,'Patrick Doupe',184,8,'Andrew Preyer');
INSERT INTO Scores VALUES(2,4,'Andrew Preyer',0,3,'Patrick Doupe');
INSERT INTO Scores VALUES(2,4,'Justin Schoonmaker',190,7,'Matthew Ansley');
INSERT INTO Scores VALUES(2,4,'Matthew Ansley',96,4,'Justin Schoonmaker');
INSERT INTO Scores VALUES(2,4,'Andrew Armbruster',445,10,'Paul Tomashevskyi');
INSERT INTO Scores VALUES(2,4,'Paul Tomashevskyi',84,1,'Andrew Armbruster');
INSERT INTO Scores VALUES(2,4,'Royce Podeszwa',136,1,'Samuel Simon');
INSERT INTO Scores VALUES(2,4,'Samuel Simon',535,10,'Royce Podeszwa');
INSERT INTO Scores VALUES(2,4,'Benjamin Baldwin',0,1,'Paul Conrad');
INSERT INTO Scores VALUES(2,4,'Paul Conrad',305,10,'Benjamin Baldwin');
INSERT INTO Scores VALUES(2,4,'Eric Burtch',284,8,'Robert Coldwell');
INSERT INTO Scores VALUES(2,4,'Robert Coldwell',122,3,'Eric Burtch');
INSERT INTO Scores VALUES(2,4,'Jordan Shettell',138,4,'Greg Fyfe');
INSERT INTO Scores VALUES(2,4,'Greg Fyfe',274,7,'Jordan Shettell');
INSERT INTO Scores VALUES(2,4,'Scott Bellamy',95,1,'Michael Cox');
INSERT INTO Scores VALUES(2,4,'Michael Cox',400,10,'Scott Bellamy');
INSERT INTO Scores VALUES(2,4,'Kyle Campagna',430,9,'Joshua Fletcher');
INSERT INTO Scores VALUES(2,4,'Joshua Fletcher',134,2,'Kyle Campagna');
INSERT INTO Scores VALUES(2,4,'Sean Newman',155,6,'Joshua Gorhau');
INSERT INTO Scores VALUES(2,4,'Joshua Gorhau',153,5,'Sean Newman');
INSERT INTO Scores VALUES(2,4,'Andrew Sackett',344,9,'Jerzy Frczek');
INSERT INTO Scores VALUES(2,4,'Jerzy Frczek',98,2,'Andrew Sackett');
INSERT INTO Scores VALUES(2,4,'Robin Sather',324,9,'Kyle Holt');
INSERT INTO Scores VALUES(2,4,'Kyle Holt',83,2,'Robin Sather');
INSERT INTO Scores VALUES(3,1,'Damon Jordan',78,5,'Jason Hughley');
INSERT INTO Scores VALUES(3,1,'Jason Hughley',124,6,'Damon Jordan');
INSERT INTO Scores VALUES(3,1,'Ryan Becker',46,6,'Nicholas Brown');
INSERT INTO Scores VALUES(3,1,'Nicholas Brown',23,5,'Ryan Becker');
INSERT INTO Scores VALUES(3,1,'Rhys Aghatabay',47,3,'Adam Newton');
INSERT INTO Scores VALUES(3,1,'Adam Newton',213,8,'Rhys Aghatabay');
INSERT INTO Scores VALUES(3,1,'Colin Looney',148,6,'Jacek Klopotowski');
INSERT INTO Scores VALUES(3,1,'Jacek Klopotowski',139,5,'Colin Looney');
INSERT INTO Scores VALUES(3,2,'Adam Newton',17,3,'Ryan Becker');
INSERT INTO Scores VALUES(3,2,'Ryan Becker',172,8,'Adam Newton');
INSERT INTO Scores VALUES(3,2,'Jason Hughley',520,10,'Colin Looney');
INSERT INTO Scores VALUES(3,2,'Colin Looney',0,1,'Jason Hughley');
INSERT INTO Scores VALUES(3,2,'Nicholas Brown',179,4,'Damon Jordan');
INSERT INTO Scores VALUES(3,2,'Damon Jordan',313,7,'Nicholas Brown');
INSERT INTO Scores VALUES(3,2,'Jacek Klopotowski',146,4,'Rhys Aghatabay');
INSERT INTO Scores VALUES(3,2,'Rhys Aghatabay',253,7,'Jacek Klopotowski');
INSERT INTO Scores VALUES(3,3,'Jason Hughley',256,7,'Ryan Becker');
INSERT INTO Scores VALUES(3,3,'Ryan Becker',185,4,'Jason Hughley');
INSERT INTO Scores VALUES(3,3,'Damon Jordan',251,7,'Adam Newton');
INSERT INTO Scores VALUES(3,3,'Adam Newton',147,4,'Damon Jordan');
INSERT INTO Scores VALUES(3,3,'Rhys Aghatabay',81,1,'Colin Looney');
INSERT INTO Scores VALUES(3,3,'Colin Looney',423,10,'Rhys Aghatabay');
INSERT INTO Scores VALUES(3,3,'Jacek Klopotowski',100,5,'Nicholas Brown');
INSERT INTO Scores VALUES(3,3,'Nicholas Brown',122,6,'Jacek Klopotowski');
COMMIT;
